tracking_event_id,shipment_id,timestamp,location_id,location_text,status,event_type,description,sequence,data_status,source_type,source_record_id,ingestion_timestamp,effective_from,effective_to
TRK-NET-0001-01,SHP-NET-0001,2026-08-14T09:00:00Z,SUP-041,,ORDER_CONFIRMED,ORDER_CONFIRMED,Order confirmed by the supplier,1,SYNTHETIC_DEMO,SYNTHETIC_DEMO,network_definition:SHP-NET-0001:1,,2026-01-01,
TRK-NET-0001-02,SHP-NET-0001,2026-08-17T10:30:00Z,SUP-041,,BOOKED,BOOKED,Ocean freight booked on an economy consolidated service,2,SYNTHETIC_DEMO,SYNTHETIC_DEMO,network_definition:SHP-NET-0001:2,,2026-01-01,
TRK-NET-0001-03,SHP-NET-0001,2026-08-20T08:00:00Z,SUP-041,,DEPARTED_ORIGIN,DEPARTED_ORIGIN,Collected from the supplier,3,SYNTHETIC_DEMO,SYNTHETIC_DEMO,network_definition:SHP-NET-0001:3,,2026-01-01,
TRK-NET-0001-04,SHP-NET-0001,2026-08-23T14:00:00Z,TRM-SEA-JP-NAGOYA,,ARRIVED_PORT,ARRIVED_PORT,Arrived at the origin port,4,SYNTHETIC_DEMO,SYNTHETIC_DEMO,network_definition:SHP-NET-0001:4,,2026-01-01,
TRK-NET-0001-05,SHP-NET-0001,2026-09-02T22:00:00Z,TRM-SEA-JP-NAGOYA,,DEPARTED_PORT,DEPARTED_PORT,Vessel departed the origin port after consolidation,5,SYNTHETIC_DEMO,SYNTHETIC_DEMO,network_definition:SHP-NET-0001:5,,2026-01-01,
TRK-NET-0001-06,SHP-NET-0001,2026-10-05T00:00:00Z,,At sea (demo status),IN_TRANSIT,IN_TRANSIT,"At sea: a status update, not a live position",6,SYNTHETIC_DEMO,SYNTHETIC_DEMO,network_definition:SHP-NET-0001:6,,2026-01-01,
TRK-NET-0002-01,SHP-NET-0002,2026-09-28T09:00:00Z,SUP-041,,ORDER_CONFIRMED,ORDER_CONFIRMED,Order confirmed by the supplier,1,SYNTHETIC_DEMO,SYNTHETIC_DEMO,network_definition:SHP-NET-0002:1,,2026-01-01,
TRK-NET-0002-02,SHP-NET-0002,2026-09-29T11:00:00Z,SUP-041,,BOOKED,BOOKED,Air freight booked for an expedited split of the order,2,SYNTHETIC_DEMO,SYNTHETIC_DEMO,network_definition:SHP-NET-0002:2,,2026-01-01,
TRK-NET-0002-03,SHP-NET-0002,2026-10-01T07:00:00Z,SUP-041,,DEPARTED_ORIGIN,DEPARTED_ORIGIN,Collected from the supplier,3,SYNTHETIC_DEMO,SYNTHETIC_DEMO,network_definition:SHP-NET-0002:3,,2026-01-01,
TRK-NET-0002-04,SHP-NET-0002,2026-10-02T06:00:00Z,TRM-AIR-JP-CHUBU,,ARRIVED_PORT,ARRIVED_PORT,Arrived at the origin airport cargo terminal,4,SYNTHETIC_DEMO,SYNTHETIC_DEMO,network_definition:SHP-NET-0002:4,,2026-01-01,
TRK-NET-0002-05,SHP-NET-0002,2026-10-02T13:00:00Z,TRM-AIR-JP-CHUBU,,DEPARTED_PORT,DEPARTED_PORT,Flight departed,5,SYNTHETIC_DEMO,SYNTHETIC_DEMO,network_definition:SHP-NET-0002:5,,2026-01-01,
TRK-NET-0002-06,SHP-NET-0002,2026-10-02T20:00:00Z,,In flight (demo status),IN_TRANSIT,IN_TRANSIT,"In flight: a status update, not a live position",6,SYNTHETIC_DEMO,SYNTHETIC_DEMO,network_definition:SHP-NET-0002:6,,2026-01-01,
TRK-NET-0002-07,SHP-NET-0002,2026-10-04T05:00:00Z,TRM-AIR-NL-AMSTERDAM,,ARRIVED_PORT,ARRIVED_PORT,Arrived at the Amsterdam air cargo terminal,7,SYNTHETIC_DEMO,SYNTHETIC_DEMO,network_definition:SHP-NET-0002:7,,2026-01-01,
TRK-NET-0002-08,SHP-NET-0002,2026-10-04T09:00:00Z,TRM-AIR-NL-AMSTERDAM,,CUSTOMS,CUSTOMS,Customs clearance,8,SYNTHETIC_DEMO,SYNTHETIC_DEMO,network_definition:SHP-NET-0002:8,,2026-01-01,
TRK-NET-0002-09,SHP-NET-0002,2026-10-05T08:00:00Z,TRM-AIR-NL-AMSTERDAM,,DEPARTED_PORT,DEPARTED_PORT,Released and departed the terminal,9,SYNTHETIC_DEMO,SYNTHETIC_DEMO,network_definition:SHP-NET-0002:9,,2026-01-01,
TRK-NET-0002-10,SHP-NET-0002,2026-10-06T10:00:00Z,WH-005,,ARRIVED_DC,ARRIVED_DC,Arrived at the Netherlands distribution centre,10,SYNTHETIC_DEMO,SYNTHETIC_DEMO,network_definition:SHP-NET-0002:10,,2026-01-01,
TRK-NET-0002-11,SHP-NET-0002,2026-10-07T07:00:00Z,WH-005,,OUT_FOR_DELIVERY,OUT_FOR_DELIVERY,Out for delivery to the dealer,11,SYNTHETIC_DEMO,SYNTHETIC_DEMO,network_definition:SHP-NET-0002:11,,2026-01-01,
TRK-NET-0003-01,SHP-NET-0003,2026-09-11T09:00:00Z,WH-005,,ORDER_CONFIRMED,ORDER_CONFIRMED,Order confirmed,1,SYNTHETIC_DEMO,SYNTHETIC_DEMO,network_definition:SHP-NET-0003:1,,2026-01-01,
TRK-NET-0003-02,SHP-NET-0003,2026-09-12T10:00:00Z,WH-005,,BOOKED,BOOKED,Ocean freight booked from Rotterdam to Houston,2,SYNTHETIC_DEMO,SYNTHETIC_DEMO,network_definition:SHP-NET-0003:2,,2026-01-01,
TRK-NET-0003-03,SHP-NET-0003,2026-09-15T08:00:00Z,WH-005,,DEPARTED_ORIGIN,DEPARTED_ORIGIN,Dispatched from the Netherlands distribution centre,3,SYNTHETIC_DEMO,SYNTHETIC_DEMO,network_definition:SHP-NET-0003:3,,2026-01-01,
TRK-NET-0003-04,SHP-NET-0003,2026-09-16T10:00:00Z,TRM-SEA-NL-ROTTERDAM,,ARRIVED_PORT,ARRIVED_PORT,Arrived at the Rotterdam seaport,4,SYNTHETIC_DEMO,SYNTHETIC_DEMO,network_definition:SHP-NET-0003:4,,2026-01-01,
TRK-NET-0003-05,SHP-NET-0003,2026-09-17T20:00:00Z,TRM-SEA-NL-ROTTERDAM,,DEPARTED_PORT,DEPARTED_PORT,Vessel departed Rotterdam,5,SYNTHETIC_DEMO,SYNTHETIC_DEMO,network_definition:SHP-NET-0003:5,,2026-01-01,
TRK-NET-0003-06,SHP-NET-0003,2026-09-28T00:00:00Z,,At sea (demo status),IN_TRANSIT,IN_TRANSIT,"At sea: a status update, not a live position",6,SYNTHETIC_DEMO,SYNTHETIC_DEMO,network_definition:SHP-NET-0003:6,,2026-01-01,
TRK-NET-0003-07,SHP-NET-0003,2026-10-05T07:00:00Z,TRM-SEA-US-HOUSTON,,ARRIVED_PORT,ARRIVED_PORT,Arrived at the Houston seaport,7,SYNTHETIC_DEMO,SYNTHETIC_DEMO,network_definition:SHP-NET-0003:7,,2026-01-01,
TRK-NET-0003-08,SHP-NET-0003,2026-10-06T09:00:00Z,TRM-SEA-US-HOUSTON,,CUSTOMS,CUSTOMS,Customs clearance,8,SYNTHETIC_DEMO,SYNTHETIC_DEMO,network_definition:SHP-NET-0003:8,,2026-01-01,
TRK-NET-0003-09,SHP-NET-0003,2026-10-07T06:00:00Z,TRM-SEA-US-HOUSTON,,DEPARTED_PORT,DEPARTED_PORT,Released; on the way to the Houston regional logistics hub,9,SYNTHETIC_DEMO,SYNTHETIC_DEMO,network_definition:SHP-NET-0003:9,,2026-01-01,
TRK-NET-0004-01,SHP-NET-0004,2026-09-18T09:00:00Z,WH-005,,ORDER_CONFIRMED,ORDER_CONFIRMED,Order confirmed,1,SYNTHETIC_DEMO,SYNTHETIC_DEMO,network_definition:SHP-NET-0004:1,,2026-01-01,
TRK-NET-0004-02,SHP-NET-0004,2026-09-19T10:00:00Z,WH-005,,BOOKED,BOOKED,Air freight booked from Amsterdam to London,2,SYNTHETIC_DEMO,SYNTHETIC_DEMO,network_definition:SHP-NET-0004:2,,2026-01-01,
TRK-NET-0004-03,SHP-NET-0004,2026-09-20T08:00:00Z,WH-005,,DEPARTED_ORIGIN,DEPARTED_ORIGIN,Dispatched from the Netherlands distribution centre,3,SYNTHETIC_DEMO,SYNTHETIC_DEMO,network_definition:SHP-NET-0004:3,,2026-01-01,
TRK-NET-0004-04,SHP-NET-0004,2026-09-21T09:00:00Z,TRM-AIR-NL-AMSTERDAM,,ARRIVED_PORT,ARRIVED_PORT,Arrived at the Amsterdam air cargo terminal,4,SYNTHETIC_DEMO,SYNTHETIC_DEMO,network_definition:SHP-NET-0004:4,,2026-01-01,
TRK-NET-0004-05,SHP-NET-0004,2026-09-21T20:00:00Z,TRM-AIR-NL-AMSTERDAM,,DEPARTED_PORT,DEPARTED_PORT,Flight departed,5,SYNTHETIC_DEMO,SYNTHETIC_DEMO,network_definition:SHP-NET-0004:5,,2026-01-01,
TRK-NET-0004-06,SHP-NET-0004,2026-09-22T07:00:00Z,TRM-AIR-GB-LONDON,,ARRIVED_PORT,ARRIVED_PORT,Arrived at the London air cargo terminal,6,SYNTHETIC_DEMO,SYNTHETIC_DEMO,network_definition:SHP-NET-0004:6,,2026-01-01,
TRK-NET-0004-07,SHP-NET-0004,2026-09-22T12:00:00Z,TRM-AIR-GB-LONDON,,CUSTOMS,CUSTOMS,Customs clearance,7,SYNTHETIC_DEMO,SYNTHETIC_DEMO,network_definition:SHP-NET-0004:7,,2026-01-01,
TRK-NET-0004-08,SHP-NET-0004,2026-09-23T06:00:00Z,TRM-AIR-GB-LONDON,,DEPARTED_PORT,DEPARTED_PORT,Released and departed the terminal,8,SYNTHETIC_DEMO,SYNTHETIC_DEMO,network_definition:SHP-NET-0004:8,,2026-01-01,
TRK-NET-0004-09,SHP-NET-0004,2026-09-23T09:00:00Z,TRM-AIR-GB-LONDON,,OUT_FOR_DELIVERY,OUT_FOR_DELIVERY,Out for delivery to the dealer,9,SYNTHETIC_DEMO,SYNTHETIC_DEMO,network_definition:SHP-NET-0004:9,,2026-01-01,
TRK-NET-0004-10,SHP-NET-0004,2026-09-23T14:00:00Z,DLR-094,,DELIVERED,DELIVERED,Delivered to the dealer,10,SYNTHETIC_DEMO,SYNTHETIC_DEMO,network_definition:SHP-NET-0004:10,,2026-01-01,
