route_leg_id,route_id,leg_id,sequence,origin_location_id,destination_location_id,transport_mode,planned_transit_days,estimated_cost,status,distance_km,data_status,source_type,source_record_id,ingestion_timestamp,effective_from,effective_to
RTE-NET-JPNL-AIR-EXP>LEG-RTE-NET-JPNL-AIR-EXP-1,RTE-NET-JPNL-AIR-EXP,LEG-RTE-NET-JPNL-AIR-EXP-1,1,SUP-041,TRM-AIR-JP-CHUBU,ROAD,1,420.0,ACTIVE_DEMO,,SYNTHETIC_DEMO,SYNTHETIC_DEMO,network_definition:LEG-RTE-NET-JPNL-AIR-EXP-1,,2026-01-01,
RTE-NET-JPNL-AIR-EXP>LEG-RTE-NET-JPNL-AIR-EXP-2,RTE-NET-JPNL-AIR-EXP,LEG-RTE-NET-JPNL-AIR-EXP-2,2,TRM-AIR-JP-CHUBU,TRM-AIR-NL-AMSTERDAM,AIR,2,11900.0,ACTIVE_DEMO,,SYNTHETIC_DEMO,SYNTHETIC_DEMO,network_definition:LEG-RTE-NET-JPNL-AIR-EXP-2,,2026-01-01,
RTE-NET-JPNL-AIR-EXP>LEG-RTE-NET-JPNL-AIR-EXP-3,RTE-NET-JPNL-AIR-EXP,LEG-RTE-NET-JPNL-AIR-EXP-3,3,TRM-AIR-NL-AMSTERDAM,WH-005,ROAD,2,260.0,ACTIVE_DEMO,,SYNTHETIC_DEMO,SYNTHETIC_DEMO,network_definition:LEG-RTE-NET-JPNL-AIR-EXP-3,,2026-01-01,
RTE-NET-JPNL-AIR-EXP>LEG-RTE-NET-JPNL-AIR-EXP-4,RTE-NET-JPNL-AIR-EXP,LEG-RTE-NET-JPNL-AIR-EXP-4,4,WH-005,DLR-004,ROAD,1,95.0,ACTIVE_DEMO,,SYNTHETIC_DEMO,SYNTHETIC_DEMO,network_definition:LEG-RTE-NET-JPNL-AIR-EXP-4,,2026-01-01,
RTE-NET-JPNL-SEA-ECO>LEG-RTE-NET-JPNL-SEA-ECO-1,RTE-NET-JPNL-SEA-ECO,LEG-RTE-NET-JPNL-SEA-ECO-1,1,SUP-041,TRM-SEA-JP-NAGOYA,ROAD,3,380.0,ACTIVE_DEMO,,SYNTHETIC_DEMO,SYNTHETIC_DEMO,network_definition:LEG-RTE-NET-JPNL-SEA-ECO-1,,2026-01-01,
RTE-NET-JPNL-SEA-ECO>LEG-RTE-NET-JPNL-SEA-ECO-2,RTE-NET-JPNL-SEA-ECO,LEG-RTE-NET-JPNL-SEA-ECO-2,2,TRM-SEA-JP-NAGOYA,TRM-SEA-NL-ROTTERDAM,SEA,80,2150.0,ACTIVE_DEMO,,SYNTHETIC_DEMO,SYNTHETIC_DEMO,network_definition:LEG-RTE-NET-JPNL-SEA-ECO-2,,2026-01-01,
RTE-NET-JPNL-SEA-ECO>LEG-RTE-NET-JPNL-SEA-ECO-3,RTE-NET-JPNL-SEA-ECO,LEG-RTE-NET-JPNL-SEA-ECO-3,3,TRM-SEA-NL-ROTTERDAM,WH-005,ROAD,5,210.0,ACTIVE_DEMO,,SYNTHETIC_DEMO,SYNTHETIC_DEMO,network_definition:LEG-RTE-NET-JPNL-SEA-ECO-3,,2026-01-01,
RTE-NET-JPNL-SEA-ECO>LEG-RTE-NET-JPNL-SEA-ECO-4,RTE-NET-JPNL-SEA-ECO,LEG-RTE-NET-JPNL-SEA-ECO-4,4,WH-005,DLR-004,ROAD,3,95.0,ACTIVE_DEMO,,SYNTHETIC_DEMO,SYNTHETIC_DEMO,network_definition:LEG-RTE-NET-JPNL-SEA-ECO-4,,2026-01-01,
RTE-NET-JPNL-SEA-STD>LEG-RTE-NET-JPNL-SEA-STD-1,RTE-NET-JPNL-SEA-STD,LEG-RTE-NET-JPNL-SEA-STD-1,1,SUP-041,TRM-SEA-JP-NAGOYA,ROAD,2,350.0,ACTIVE_DEMO,,SYNTHETIC_DEMO,SYNTHETIC_DEMO,network_definition:LEG-RTE-NET-JPNL-SEA-STD-1,,2026-01-01,
RTE-NET-JPNL-SEA-STD>LEG-RTE-NET-JPNL-SEA-STD-2,RTE-NET-JPNL-SEA-STD,LEG-RTE-NET-JPNL-SEA-STD-2,2,TRM-SEA-JP-NAGOYA,TRM-SEA-NL-ROTTERDAM,SEA,38,3100.0,ACTIVE_DEMO,,SYNTHETIC_DEMO,SYNTHETIC_DEMO,network_definition:LEG-RTE-NET-JPNL-SEA-STD-2,,2026-01-01,
RTE-NET-JPNL-SEA-STD>LEG-RTE-NET-JPNL-SEA-STD-3,RTE-NET-JPNL-SEA-STD,LEG-RTE-NET-JPNL-SEA-STD-3,3,TRM-SEA-NL-ROTTERDAM,WH-005,ROAD,3,240.0,ACTIVE_DEMO,,SYNTHETIC_DEMO,SYNTHETIC_DEMO,network_definition:LEG-RTE-NET-JPNL-SEA-STD-3,,2026-01-01,
RTE-NET-JPNL-SEA-STD>LEG-RTE-NET-JPNL-SEA-STD-4,RTE-NET-JPNL-SEA-STD,LEG-RTE-NET-JPNL-SEA-STD-4,4,WH-005,DLR-004,ROAD,2,95.0,ACTIVE_DEMO,,SYNTHETIC_DEMO,SYNTHETIC_DEMO,network_definition:LEG-RTE-NET-JPNL-SEA-STD-4,,2026-01-01,
RTE-NET-NLCH-AIR>LEG-RTE-NET-NLCH-AIR-1,RTE-NET-NLCH-AIR,LEG-RTE-NET-NLCH-AIR-1,1,WH-005,TRM-AIR-NL-AMSTERDAM,ROAD,1,140.0,ACTIVE_DEMO,,SYNTHETIC_DEMO,SYNTHETIC_DEMO,network_definition:LEG-RTE-NET-NLCH-AIR-1,,2026-01-01,
RTE-NET-NLCH-AIR>LEG-RTE-NET-NLCH-AIR-2,RTE-NET-NLCH-AIR,LEG-RTE-NET-NLCH-AIR-2,2,TRM-AIR-NL-AMSTERDAM,TRM-AIR-CH-ZURICH,AIR,1,1420.0,ACTIVE_DEMO,,SYNTHETIC_DEMO,SYNTHETIC_DEMO,network_definition:LEG-RTE-NET-NLCH-AIR-2,,2026-01-01,
RTE-NET-NLCH-AIR>LEG-RTE-NET-NLCH-AIR-3,RTE-NET-NLCH-AIR,LEG-RTE-NET-NLCH-AIR-3,3,TRM-AIR-CH-ZURICH,DLR-095,ROAD,1,220.0,ACTIVE_DEMO,,SYNTHETIC_DEMO,SYNTHETIC_DEMO,network_definition:LEG-RTE-NET-NLCH-AIR-3,,2026-01-01,
RTE-NET-NLCH-ROAD>LEG-RTE-NET-NLCH-ROAD-1,RTE-NET-NLCH-ROAD,LEG-RTE-NET-NLCH-ROAD-1,1,WH-005,DLR-095,ROAD,3,780.0,ACTIVE_DEMO,,SYNTHETIC_DEMO,SYNTHETIC_DEMO,network_definition:LEG-RTE-NET-NLCH-ROAD-1,,2026-01-01,
RTE-NET-NLGH-AIR>LEG-RTE-NET-NLGH-AIR-1,RTE-NET-NLGH-AIR,LEG-RTE-NET-NLGH-AIR-1,1,WH-005,TRM-AIR-NL-AMSTERDAM,ROAD,1,140.0,ACTIVE_DEMO,,SYNTHETIC_DEMO,SYNTHETIC_DEMO,network_definition:LEG-RTE-NET-NLGH-AIR-1,,2026-01-01,
RTE-NET-NLGH-AIR>LEG-RTE-NET-NLGH-AIR-2,RTE-NET-NLGH-AIR,LEG-RTE-NET-NLGH-AIR-2,2,TRM-AIR-NL-AMSTERDAM,TRM-AIR-GH-ACCRA,AIR,1,5980.0,ACTIVE_DEMO,,SYNTHETIC_DEMO,SYNTHETIC_DEMO,network_definition:LEG-RTE-NET-NLGH-AIR-2,,2026-01-01,
RTE-NET-NLGH-AIR>LEG-RTE-NET-NLGH-AIR-3,RTE-NET-NLGH-AIR,LEG-RTE-NET-NLGH-AIR-3,3,TRM-AIR-GH-ACCRA,DLR-102,ROAD,3,280.0,ACTIVE_DEMO,,SYNTHETIC_DEMO,SYNTHETIC_DEMO,network_definition:LEG-RTE-NET-NLGH-AIR-3,,2026-01-01,
RTE-NET-NLGH-SEA>LEG-RTE-NET-NLGH-SEA-1,RTE-NET-NLGH-SEA,LEG-RTE-NET-NLGH-SEA-1,1,WH-005,TRM-SEA-NL-ROTTERDAM,ROAD,1,130.0,ACTIVE_DEMO,,SYNTHETIC_DEMO,SYNTHETIC_DEMO,network_definition:LEG-RTE-NET-NLGH-SEA-1,,2026-01-01,
RTE-NET-NLGH-SEA>LEG-RTE-NET-NLGH-SEA-2,RTE-NET-NLGH-SEA,LEG-RTE-NET-NLGH-SEA-2,2,TRM-SEA-NL-ROTTERDAM,TRM-SEA-GH-TEMA,SEA,22,1900.0,ACTIVE_DEMO,,SYNTHETIC_DEMO,SYNTHETIC_DEMO,network_definition:LEG-RTE-NET-NLGH-SEA-2,,2026-01-01,
RTE-NET-NLGH-SEA>LEG-RTE-NET-NLGH-SEA-3,RTE-NET-NLGH-SEA,LEG-RTE-NET-NLGH-SEA-3,3,TRM-SEA-GH-TEMA,DLR-102,ROAD,5,380.0,ACTIVE_DEMO,,SYNTHETIC_DEMO,SYNTHETIC_DEMO,network_definition:LEG-RTE-NET-NLGH-SEA-3,,2026-01-01,
RTE-NET-NLKE-AIR>LEG-RTE-NET-NLKE-AIR-1,RTE-NET-NLKE-AIR,LEG-RTE-NET-NLKE-AIR-1,1,WH-005,TRM-AIR-NL-AMSTERDAM,ROAD,1,140.0,ACTIVE_DEMO,,SYNTHETIC_DEMO,SYNTHETIC_DEMO,network_definition:LEG-RTE-NET-NLKE-AIR-1,,2026-01-01,
RTE-NET-NLKE-AIR>LEG-RTE-NET-NLKE-AIR-2,RTE-NET-NLKE-AIR,LEG-RTE-NET-NLKE-AIR-2,2,TRM-AIR-NL-AMSTERDAM,TRM-AIR-KE-MOMBASA,AIR,2,6950.0,ACTIVE_DEMO,,SYNTHETIC_DEMO,SYNTHETIC_DEMO,network_definition:LEG-RTE-NET-NLKE-AIR-2,,2026-01-01,
RTE-NET-NLKE-AIR>LEG-RTE-NET-NLKE-AIR-3,RTE-NET-NLKE-AIR,LEG-RTE-NET-NLKE-AIR-3,3,TRM-AIR-KE-MOMBASA,DLR-104,ROAD,3,300.0,ACTIVE_DEMO,,SYNTHETIC_DEMO,SYNTHETIC_DEMO,network_definition:LEG-RTE-NET-NLKE-AIR-3,,2026-01-01,
RTE-NET-NLKE-SEA>LEG-RTE-NET-NLKE-SEA-1,RTE-NET-NLKE-SEA,LEG-RTE-NET-NLKE-SEA-1,1,WH-005,TRM-SEA-NL-ROTTERDAM,ROAD,1,130.0,ACTIVE_DEMO,,SYNTHETIC_DEMO,SYNTHETIC_DEMO,network_definition:LEG-RTE-NET-NLKE-SEA-1,,2026-01-01,
RTE-NET-NLKE-SEA>LEG-RTE-NET-NLKE-SEA-2,RTE-NET-NLKE-SEA,LEG-RTE-NET-NLKE-SEA-2,2,TRM-SEA-NL-ROTTERDAM,TRM-SEA-KE-MOMBASA,SEA,33,2320.0,ACTIVE_DEMO,,SYNTHETIC_DEMO,SYNTHETIC_DEMO,network_definition:LEG-RTE-NET-NLKE-SEA-2,,2026-01-01,
RTE-NET-NLKE-SEA>LEG-RTE-NET-NLKE-SEA-3,RTE-NET-NLKE-SEA,LEG-RTE-NET-NLKE-SEA-3,3,TRM-SEA-KE-MOMBASA,DLR-104,ROAD,6,430.0,ACTIVE_DEMO,,SYNTHETIC_DEMO,SYNTHETIC_DEMO,network_definition:LEG-RTE-NET-NLKE-SEA-3,,2026-01-01,
RTE-NET-NLMA-AIR>LEG-RTE-NET-NLMA-AIR-1,RTE-NET-NLMA-AIR,LEG-RTE-NET-NLMA-AIR-1,1,WH-005,TRM-AIR-NL-AMSTERDAM,ROAD,1,140.0,ACTIVE_DEMO,,SYNTHETIC_DEMO,SYNTHETIC_DEMO,network_definition:LEG-RTE-NET-NLMA-AIR-1,,2026-01-01,
RTE-NET-NLMA-AIR>LEG-RTE-NET-NLMA-AIR-2,RTE-NET-NLMA-AIR,LEG-RTE-NET-NLMA-AIR-2,2,TRM-AIR-NL-AMSTERDAM,TRM-AIR-MA-CASABLANCA,AIR,1,3980.0,ACTIVE_DEMO,,SYNTHETIC_DEMO,SYNTHETIC_DEMO,network_definition:LEG-RTE-NET-NLMA-AIR-2,,2026-01-01,
RTE-NET-NLMA-AIR>LEG-RTE-NET-NLMA-AIR-3,RTE-NET-NLMA-AIR,LEG-RTE-NET-NLMA-AIR-3,3,TRM-AIR-MA-CASABLANCA,DLR-105,ROAD,2,250.0,ACTIVE_DEMO,,SYNTHETIC_DEMO,SYNTHETIC_DEMO,network_definition:LEG-RTE-NET-NLMA-AIR-3,,2026-01-01,
RTE-NET-NLMA-SEA>LEG-RTE-NET-NLMA-SEA-1,RTE-NET-NLMA-SEA,LEG-RTE-NET-NLMA-SEA-1,1,WH-005,TRM-SEA-NL-ROTTERDAM,ROAD,1,130.0,ACTIVE_DEMO,,SYNTHETIC_DEMO,SYNTHETIC_DEMO,network_definition:LEG-RTE-NET-NLMA-SEA-1,,2026-01-01,
RTE-NET-NLMA-SEA>LEG-RTE-NET-NLMA-SEA-2,RTE-NET-NLMA-SEA,LEG-RTE-NET-NLMA-SEA-2,2,TRM-SEA-NL-ROTTERDAM,TRM-SEA-MA-CASABLANCA,SEA,7,920.0,ACTIVE_DEMO,,SYNTHETIC_DEMO,SYNTHETIC_DEMO,network_definition:LEG-RTE-NET-NLMA-SEA-2,,2026-01-01,
RTE-NET-NLMA-SEA>LEG-RTE-NET-NLMA-SEA-3,RTE-NET-NLMA-SEA,LEG-RTE-NET-NLMA-SEA-3,3,TRM-SEA-MA-CASABLANCA,DLR-105,ROAD,3,290.0,ACTIVE_DEMO,,SYNTHETIC_DEMO,SYNTHETIC_DEMO,network_definition:LEG-RTE-NET-NLMA-SEA-3,,2026-01-01,
RTE-NET-NLNG-AIR>LEG-RTE-NET-NLNG-AIR-1,RTE-NET-NLNG-AIR,LEG-RTE-NET-NLNG-AIR-1,1,WH-005,TRM-AIR-NL-AMSTERDAM,ROAD,1,140.0,ACTIVE_DEMO,,SYNTHETIC_DEMO,SYNTHETIC_DEMO,network_definition:LEG-RTE-NET-NLNG-AIR-1,,2026-01-01,
RTE-NET-NLNG-AIR>LEG-RTE-NET-NLNG-AIR-2,RTE-NET-NLNG-AIR,LEG-RTE-NET-NLNG-AIR-2,2,TRM-AIR-NL-AMSTERDAM,TRM-AIR-NG-LAGOS,AIR,1,6120.0,ACTIVE_DEMO,,SYNTHETIC_DEMO,SYNTHETIC_DEMO,network_definition:LEG-RTE-NET-NLNG-AIR-2,,2026-01-01,
RTE-NET-NLNG-AIR>LEG-RTE-NET-NLNG-AIR-3,RTE-NET-NLNG-AIR,LEG-RTE-NET-NLNG-AIR-3,3,TRM-AIR-NG-LAGOS,DLR-101,ROAD,3,310.0,ACTIVE_DEMO,,SYNTHETIC_DEMO,SYNTHETIC_DEMO,network_definition:LEG-RTE-NET-NLNG-AIR-3,,2026-01-01,
RTE-NET-NLNG-SEA>LEG-RTE-NET-NLNG-SEA-1,RTE-NET-NLNG-SEA,LEG-RTE-NET-NLNG-SEA-1,1,WH-005,TRM-SEA-NL-ROTTERDAM,ROAD,1,130.0,ACTIVE_DEMO,,SYNTHETIC_DEMO,SYNTHETIC_DEMO,network_definition:LEG-RTE-NET-NLNG-SEA-1,,2026-01-01,
RTE-NET-NLNG-SEA>LEG-RTE-NET-NLNG-SEA-2,RTE-NET-NLNG-SEA,LEG-RTE-NET-NLNG-SEA-2,2,TRM-SEA-NL-ROTTERDAM,TRM-SEA-NG-LAGOS,SEA,24,1980.0,ACTIVE_DEMO,,SYNTHETIC_DEMO,SYNTHETIC_DEMO,network_definition:LEG-RTE-NET-NLNG-SEA-2,,2026-01-01,
RTE-NET-NLNG-SEA>LEG-RTE-NET-NLNG-SEA-3,RTE-NET-NLNG-SEA,LEG-RTE-NET-NLNG-SEA-3,3,TRM-SEA-NG-LAGOS,DLR-101,ROAD,6,420.0,ACTIVE_DEMO,,SYNTHETIC_DEMO,SYNTHETIC_DEMO,network_definition:LEG-RTE-NET-NLNG-SEA-3,,2026-01-01,
RTE-NET-NLNO-AIR>LEG-RTE-NET-NLNO-AIR-1,RTE-NET-NLNO-AIR,LEG-RTE-NET-NLNO-AIR-1,1,WH-005,TRM-AIR-NL-AMSTERDAM,ROAD,1,140.0,ACTIVE_DEMO,,SYNTHETIC_DEMO,SYNTHETIC_DEMO,network_definition:LEG-RTE-NET-NLNO-AIR-1,,2026-01-01,
RTE-NET-NLNO-AIR>LEG-RTE-NET-NLNO-AIR-2,RTE-NET-NLNO-AIR,LEG-RTE-NET-NLNO-AIR-2,2,TRM-AIR-NL-AMSTERDAM,TRM-AIR-NO-OSLO,AIR,1,1880.0,ACTIVE_DEMO,,SYNTHETIC_DEMO,SYNTHETIC_DEMO,network_definition:LEG-RTE-NET-NLNO-AIR-2,,2026-01-01,
RTE-NET-NLNO-AIR>LEG-RTE-NET-NLNO-AIR-3,RTE-NET-NLNO-AIR,LEG-RTE-NET-NLNO-AIR-3,3,TRM-AIR-NO-OSLO,DLR-096,ROAD,1,210.0,ACTIVE_DEMO,,SYNTHETIC_DEMO,SYNTHETIC_DEMO,network_definition:LEG-RTE-NET-NLNO-AIR-3,,2026-01-01,
RTE-NET-NLNO-SEA>LEG-RTE-NET-NLNO-SEA-1,RTE-NET-NLNO-SEA,LEG-RTE-NET-NLNO-SEA-1,1,WH-005,TRM-SEA-NL-ROTTERDAM,ROAD,1,130.0,ACTIVE_DEMO,,SYNTHETIC_DEMO,SYNTHETIC_DEMO,network_definition:LEG-RTE-NET-NLNO-SEA-1,,2026-01-01,
RTE-NET-NLNO-SEA>LEG-RTE-NET-NLNO-SEA-2,RTE-NET-NLNO-SEA,LEG-RTE-NET-NLNO-SEA-2,2,TRM-SEA-NL-ROTTERDAM,TRM-SEA-NO-OSLO,SHORT_SEA,4,640.0,ACTIVE_DEMO,,SYNTHETIC_DEMO,SYNTHETIC_DEMO,network_definition:LEG-RTE-NET-NLNO-SEA-2,,2026-01-01,
RTE-NET-NLNO-SEA>LEG-RTE-NET-NLNO-SEA-3,RTE-NET-NLNO-SEA,LEG-RTE-NET-NLNO-SEA-3,3,TRM-SEA-NO-OSLO,DLR-096,ROAD,2,240.0,ACTIVE_DEMO,,SYNTHETIC_DEMO,SYNTHETIC_DEMO,network_definition:LEG-RTE-NET-NLNO-SEA-3,,2026-01-01,
RTE-NET-NLUK-AIR>LEG-RTE-NET-NLUK-AIR-1,RTE-NET-NLUK-AIR,LEG-RTE-NET-NLUK-AIR-1,1,WH-005,TRM-AIR-NL-AMSTERDAM,ROAD,1,140.0,ACTIVE_DEMO,,SYNTHETIC_DEMO,SYNTHETIC_DEMO,network_definition:LEG-RTE-NET-NLUK-AIR-1,,2026-01-01,
RTE-NET-NLUK-AIR>LEG-RTE-NET-NLUK-AIR-2,RTE-NET-NLUK-AIR,LEG-RTE-NET-NLUK-AIR-2,2,TRM-AIR-NL-AMSTERDAM,TRM-AIR-GB-LONDON,AIR,1,1650.0,ACTIVE_DEMO,,SYNTHETIC_DEMO,SYNTHETIC_DEMO,network_definition:LEG-RTE-NET-NLUK-AIR-2,,2026-01-01,
RTE-NET-NLUK-AIR>LEG-RTE-NET-NLUK-AIR-3,RTE-NET-NLUK-AIR,LEG-RTE-NET-NLUK-AIR-3,3,TRM-AIR-GB-LONDON,DLR-094,ROAD,1,260.0,ACTIVE_DEMO,,SYNTHETIC_DEMO,SYNTHETIC_DEMO,network_definition:LEG-RTE-NET-NLUK-AIR-3,,2026-01-01,
RTE-NET-NLUK-SEA>LEG-RTE-NET-NLUK-SEA-1,RTE-NET-NLUK-SEA,LEG-RTE-NET-NLUK-SEA-1,1,WH-005,TRM-SEA-NL-ROTTERDAM,ROAD,1,130.0,ACTIVE_DEMO,,SYNTHETIC_DEMO,SYNTHETIC_DEMO,network_definition:LEG-RTE-NET-NLUK-SEA-1,,2026-01-01,
RTE-NET-NLUK-SEA>LEG-RTE-NET-NLUK-SEA-2,RTE-NET-NLUK-SEA,LEG-RTE-NET-NLUK-SEA-2,2,TRM-SEA-NL-ROTTERDAM,TRM-SEA-GB-FELIXSTOWE,SHORT_SEA,2,410.0,ACTIVE_DEMO,,SYNTHETIC_DEMO,SYNTHETIC_DEMO,network_definition:LEG-RTE-NET-NLUK-SEA-2,,2026-01-01,
RTE-NET-NLUK-SEA>LEG-RTE-NET-NLUK-SEA-3,RTE-NET-NLUK-SEA,LEG-RTE-NET-NLUK-SEA-3,3,TRM-SEA-GB-FELIXSTOWE,DLR-094,ROAD,2,280.0,ACTIVE_DEMO,,SYNTHETIC_DEMO,SYNTHETIC_DEMO,network_definition:LEG-RTE-NET-NLUK-SEA-3,,2026-01-01,
RTE-NET-NLUSCHI-AIR>LEG-RTE-NET-NLUSCHI-AIR-1,RTE-NET-NLUSCHI-AIR,LEG-RTE-NET-NLUSCHI-AIR-1,1,WH-005,TRM-AIR-NL-AMSTERDAM,ROAD,1,140.0,ACTIVE_DEMO,,SYNTHETIC_DEMO,SYNTHETIC_DEMO,network_definition:LEG-RTE-NET-NLUSCHI-AIR-1,,2026-01-01,
RTE-NET-NLUSCHI-AIR>LEG-RTE-NET-NLUSCHI-AIR-2,RTE-NET-NLUSCHI-AIR,LEG-RTE-NET-NLUSCHI-AIR-2,2,TRM-AIR-NL-AMSTERDAM,TRM-AIR-US-CHICAGO,AIR,1,5280.0,ACTIVE_DEMO,,SYNTHETIC_DEMO,SYNTHETIC_DEMO,network_definition:LEG-RTE-NET-NLUSCHI-AIR-2,,2026-01-01,
RTE-NET-NLUSCHI-AIR>LEG-RTE-NET-NLUSCHI-AIR-3,RTE-NET-NLUSCHI-AIR,LEG-RTE-NET-NLUSCHI-AIR-3,3,TRM-AIR-US-CHICAGO,TRM-XDK-US-CHICAGO,ROAD,2,210.0,ACTIVE_DEMO,,SYNTHETIC_DEMO,SYNTHETIC_DEMO,network_definition:LEG-RTE-NET-NLUSCHI-AIR-3,,2026-01-01,
RTE-NET-NLUSCHI-AIR>LEG-RTE-NET-NLUSCHI-AIR-4,RTE-NET-NLUSCHI-AIR,LEG-RTE-NET-NLUSCHI-AIR-4,4,TRM-XDK-US-CHICAGO,DLR-099,ROAD,1,150.0,ACTIVE_DEMO,,SYNTHETIC_DEMO,SYNTHETIC_DEMO,network_definition:LEG-RTE-NET-NLUSCHI-AIR-4,,2026-01-01,
RTE-NET-NLUSCHI-SEA>LEG-RTE-NET-NLUSCHI-SEA-1,RTE-NET-NLUSCHI-SEA,LEG-RTE-NET-NLUSCHI-SEA-1,1,WH-005,TRM-SEA-NL-ROTTERDAM,ROAD,1,130.0,ACTIVE_DEMO,,SYNTHETIC_DEMO,SYNTHETIC_DEMO,network_definition:LEG-RTE-NET-NLUSCHI-SEA-1,,2026-01-01,
RTE-NET-NLUSCHI-SEA>LEG-RTE-NET-NLUSCHI-SEA-2,RTE-NET-NLUSCHI-SEA,LEG-RTE-NET-NLUSCHI-SEA-2,2,TRM-SEA-NL-ROTTERDAM,TRM-SEA-US-SAVANNAH,SEA,15,1480.0,ACTIVE_DEMO,,SYNTHETIC_DEMO,SYNTHETIC_DEMO,network_definition:LEG-RTE-NET-NLUSCHI-SEA-2,,2026-01-01,
RTE-NET-NLUSCHI-SEA>LEG-RTE-NET-NLUSCHI-SEA-3,RTE-NET-NLUSCHI-SEA,LEG-RTE-NET-NLUSCHI-SEA-3,3,TRM-SEA-US-SAVANNAH,TRM-XDK-US-CHICAGO,RAIL,5,780.0,ACTIVE_DEMO,,SYNTHETIC_DEMO,SYNTHETIC_DEMO,network_definition:LEG-RTE-NET-NLUSCHI-SEA-3,,2026-01-01,
RTE-NET-NLUSCHI-SEA>LEG-RTE-NET-NLUSCHI-SEA-4,RTE-NET-NLUSCHI-SEA,LEG-RTE-NET-NLUSCHI-SEA-4,4,TRM-XDK-US-CHICAGO,DLR-099,ROAD,1,160.0,ACTIVE_DEMO,,SYNTHETIC_DEMO,SYNTHETIC_DEMO,network_definition:LEG-RTE-NET-NLUSCHI-SEA-4,,2026-01-01,
RTE-NET-NLUSHOU-AIR>LEG-RTE-NET-NLUSHOU-AIR-1,RTE-NET-NLUSHOU-AIR,LEG-RTE-NET-NLUSHOU-AIR-1,1,WH-005,TRM-AIR-NL-AMSTERDAM,ROAD,1,140.0,ACTIVE_DEMO,,SYNTHETIC_DEMO,SYNTHETIC_DEMO,network_definition:LEG-RTE-NET-NLUSHOU-AIR-1,,2026-01-01,
RTE-NET-NLUSHOU-AIR>LEG-RTE-NET-NLUSHOU-AIR-2,RTE-NET-NLUSHOU-AIR,LEG-RTE-NET-NLUSHOU-AIR-2,2,TRM-AIR-NL-AMSTERDAM,TRM-AIR-US-HOUSTON,AIR,1,5350.0,ACTIVE_DEMO,,SYNTHETIC_DEMO,SYNTHETIC_DEMO,network_definition:LEG-RTE-NET-NLUSHOU-AIR-2,,2026-01-01,
RTE-NET-NLUSHOU-AIR>LEG-RTE-NET-NLUSHOU-AIR-3,RTE-NET-NLUSHOU-AIR,LEG-RTE-NET-NLUSHOU-AIR-3,3,TRM-AIR-US-HOUSTON,TRM-XDK-US-HOUSTON,ROAD,2,220.0,ACTIVE_DEMO,,SYNTHETIC_DEMO,SYNTHETIC_DEMO,network_definition:LEG-RTE-NET-NLUSHOU-AIR-3,,2026-01-01,
RTE-NET-NLUSHOU-AIR>LEG-RTE-NET-NLUSHOU-AIR-4,RTE-NET-NLUSHOU-AIR,LEG-RTE-NET-NLUSHOU-AIR-4,4,TRM-XDK-US-HOUSTON,DLR-097,ROAD,1,160.0,ACTIVE_DEMO,,SYNTHETIC_DEMO,SYNTHETIC_DEMO,network_definition:LEG-RTE-NET-NLUSHOU-AIR-4,,2026-01-01,
RTE-NET-NLUSHOU-SEA>LEG-RTE-NET-NLUSHOU-SEA-1,RTE-NET-NLUSHOU-SEA,LEG-RTE-NET-NLUSHOU-SEA-1,1,WH-005,TRM-SEA-NL-ROTTERDAM,ROAD,1,130.0,ACTIVE_DEMO,,SYNTHETIC_DEMO,SYNTHETIC_DEMO,network_definition:LEG-RTE-NET-NLUSHOU-SEA-1,,2026-01-01,
RTE-NET-NLUSHOU-SEA>LEG-RTE-NET-NLUSHOU-SEA-2,RTE-NET-NLUSHOU-SEA,LEG-RTE-NET-NLUSHOU-SEA-2,2,TRM-SEA-NL-ROTTERDAM,TRM-SEA-US-HOUSTON,SEA,19,1560.0,ACTIVE_DEMO,,SYNTHETIC_DEMO,SYNTHETIC_DEMO,network_definition:LEG-RTE-NET-NLUSHOU-SEA-2,,2026-01-01,
RTE-NET-NLUSHOU-SEA>LEG-RTE-NET-NLUSHOU-SEA-3,RTE-NET-NLUSHOU-SEA,LEG-RTE-NET-NLUSHOU-SEA-3,3,TRM-SEA-US-HOUSTON,TRM-XDK-US-HOUSTON,ROAD,3,240.0,ACTIVE_DEMO,,SYNTHETIC_DEMO,SYNTHETIC_DEMO,network_definition:LEG-RTE-NET-NLUSHOU-SEA-3,,2026-01-01,
RTE-NET-NLUSHOU-SEA>LEG-RTE-NET-NLUSHOU-SEA-4,RTE-NET-NLUSHOU-SEA,LEG-RTE-NET-NLUSHOU-SEA-4,4,TRM-XDK-US-HOUSTON,DLR-097,ROAD,1,160.0,ACTIVE_DEMO,,SYNTHETIC_DEMO,SYNTHETIC_DEMO,network_definition:LEG-RTE-NET-NLUSHOU-SEA-4,,2026-01-01,
RTE-NET-NLUSLAX-AIR>LEG-RTE-NET-NLUSLAX-AIR-1,RTE-NET-NLUSLAX-AIR,LEG-RTE-NET-NLUSLAX-AIR-1,1,WH-005,TRM-AIR-NL-AMSTERDAM,ROAD,1,140.0,ACTIVE_DEMO,,SYNTHETIC_DEMO,SYNTHETIC_DEMO,network_definition:LEG-RTE-NET-NLUSLAX-AIR-1,,2026-01-01,
RTE-NET-NLUSLAX-AIR>LEG-RTE-NET-NLUSLAX-AIR-2,RTE-NET-NLUSLAX-AIR,LEG-RTE-NET-NLUSLAX-AIR-2,2,TRM-AIR-NL-AMSTERDAM,TRM-AIR-US-LOSANGELES,AIR,1,5640.0,ACTIVE_DEMO,,SYNTHETIC_DEMO,SYNTHETIC_DEMO,network_definition:LEG-RTE-NET-NLUSLAX-AIR-2,,2026-01-01,
RTE-NET-NLUSLAX-AIR>LEG-RTE-NET-NLUSLAX-AIR-3,RTE-NET-NLUSLAX-AIR,LEG-RTE-NET-NLUSLAX-AIR-3,3,TRM-AIR-US-LOSANGELES,TRM-XDK-US-LOSANGELES,ROAD,2,230.0,ACTIVE_DEMO,,SYNTHETIC_DEMO,SYNTHETIC_DEMO,network_definition:LEG-RTE-NET-NLUSLAX-AIR-3,,2026-01-01,
RTE-NET-NLUSLAX-AIR>LEG-RTE-NET-NLUSLAX-AIR-4,RTE-NET-NLUSLAX-AIR,LEG-RTE-NET-NLUSLAX-AIR-4,4,TRM-XDK-US-LOSANGELES,DLR-100,ROAD,1,160.0,ACTIVE_DEMO,,SYNTHETIC_DEMO,SYNTHETIC_DEMO,network_definition:LEG-RTE-NET-NLUSLAX-AIR-4,,2026-01-01,
RTE-NET-NLUSLAX-SEA>LEG-RTE-NET-NLUSLAX-SEA-1,RTE-NET-NLUSLAX-SEA,LEG-RTE-NET-NLUSLAX-SEA-1,1,WH-005,TRM-SEA-NL-ROTTERDAM,ROAD,1,130.0,ACTIVE_DEMO,,SYNTHETIC_DEMO,SYNTHETIC_DEMO,network_definition:LEG-RTE-NET-NLUSLAX-SEA-1,,2026-01-01,
RTE-NET-NLUSLAX-SEA>LEG-RTE-NET-NLUSLAX-SEA-2,RTE-NET-NLUSLAX-SEA,LEG-RTE-NET-NLUSLAX-SEA-2,2,TRM-SEA-NL-ROTTERDAM,TRM-SEA-US-LOSANGELES,SEA,28,2350.0,ACTIVE_DEMO,,SYNTHETIC_DEMO,SYNTHETIC_DEMO,network_definition:LEG-RTE-NET-NLUSLAX-SEA-2,,2026-01-01,
RTE-NET-NLUSLAX-SEA>LEG-RTE-NET-NLUSLAX-SEA-3,RTE-NET-NLUSLAX-SEA,LEG-RTE-NET-NLUSLAX-SEA-3,3,TRM-SEA-US-LOSANGELES,TRM-XDK-US-LOSANGELES,ROAD,3,250.0,ACTIVE_DEMO,,SYNTHETIC_DEMO,SYNTHETIC_DEMO,network_definition:LEG-RTE-NET-NLUSLAX-SEA-3,,2026-01-01,
RTE-NET-NLUSLAX-SEA>LEG-RTE-NET-NLUSLAX-SEA-4,RTE-NET-NLUSLAX-SEA,LEG-RTE-NET-NLUSLAX-SEA-4,4,TRM-XDK-US-LOSANGELES,DLR-100,ROAD,1,160.0,ACTIVE_DEMO,,SYNTHETIC_DEMO,SYNTHETIC_DEMO,network_definition:LEG-RTE-NET-NLUSLAX-SEA-4,,2026-01-01,
RTE-NET-NLUSSAV-AIR>LEG-RTE-NET-NLUSSAV-AIR-1,RTE-NET-NLUSSAV-AIR,LEG-RTE-NET-NLUSSAV-AIR-1,1,WH-005,TRM-AIR-NL-AMSTERDAM,ROAD,1,140.0,ACTIVE_DEMO,,SYNTHETIC_DEMO,SYNTHETIC_DEMO,network_definition:LEG-RTE-NET-NLUSSAV-AIR-1,,2026-01-01,
RTE-NET-NLUSSAV-AIR>LEG-RTE-NET-NLUSSAV-AIR-2,RTE-NET-NLUSSAV-AIR,LEG-RTE-NET-NLUSSAV-AIR-2,2,TRM-AIR-NL-AMSTERDAM,TRM-AIR-US-SAVANNAH,AIR,1,5420.0,ACTIVE_DEMO,,SYNTHETIC_DEMO,SYNTHETIC_DEMO,network_definition:LEG-RTE-NET-NLUSSAV-AIR-2,,2026-01-01,
RTE-NET-NLUSSAV-AIR>LEG-RTE-NET-NLUSSAV-AIR-3,RTE-NET-NLUSSAV-AIR,LEG-RTE-NET-NLUSSAV-AIR-3,3,TRM-AIR-US-SAVANNAH,TRM-XDK-US-SAVANNAH,ROAD,2,220.0,ACTIVE_DEMO,,SYNTHETIC_DEMO,SYNTHETIC_DEMO,network_definition:LEG-RTE-NET-NLUSSAV-AIR-3,,2026-01-01,
RTE-NET-NLUSSAV-AIR>LEG-RTE-NET-NLUSSAV-AIR-4,RTE-NET-NLUSSAV-AIR,LEG-RTE-NET-NLUSSAV-AIR-4,4,TRM-XDK-US-SAVANNAH,DLR-098,ROAD,1,150.0,ACTIVE_DEMO,,SYNTHETIC_DEMO,SYNTHETIC_DEMO,network_definition:LEG-RTE-NET-NLUSSAV-AIR-4,,2026-01-01,
RTE-NET-NLUSSAV-SEA>LEG-RTE-NET-NLUSSAV-SEA-1,RTE-NET-NLUSSAV-SEA,LEG-RTE-NET-NLUSSAV-SEA-1,1,WH-005,TRM-SEA-NL-ROTTERDAM,ROAD,1,130.0,ACTIVE_DEMO,,SYNTHETIC_DEMO,SYNTHETIC_DEMO,network_definition:LEG-RTE-NET-NLUSSAV-SEA-1,,2026-01-01,
RTE-NET-NLUSSAV-SEA>LEG-RTE-NET-NLUSSAV-SEA-2,RTE-NET-NLUSSAV-SEA,LEG-RTE-NET-NLUSSAV-SEA-2,2,TRM-SEA-NL-ROTTERDAM,TRM-SEA-US-SAVANNAH,SEA,15,1480.0,ACTIVE_DEMO,,SYNTHETIC_DEMO,SYNTHETIC_DEMO,network_definition:LEG-RTE-NET-NLUSSAV-SEA-2,,2026-01-01,
RTE-NET-NLUSSAV-SEA>LEG-RTE-NET-NLUSSAV-SEA-3,RTE-NET-NLUSSAV-SEA,LEG-RTE-NET-NLUSSAV-SEA-3,3,TRM-SEA-US-SAVANNAH,TRM-XDK-US-SAVANNAH,ROAD,3,230.0,ACTIVE_DEMO,,SYNTHETIC_DEMO,SYNTHETIC_DEMO,network_definition:LEG-RTE-NET-NLUSSAV-SEA-3,,2026-01-01,
RTE-NET-NLUSSAV-SEA>LEG-RTE-NET-NLUSSAV-SEA-4,RTE-NET-NLUSSAV-SEA,LEG-RTE-NET-NLUSSAV-SEA-4,4,TRM-XDK-US-SAVANNAH,DLR-098,ROAD,1,150.0,ACTIVE_DEMO,,SYNTHETIC_DEMO,SYNTHETIC_DEMO,network_definition:LEG-RTE-NET-NLUSSAV-SEA-4,,2026-01-01,
RTE-NET-NLZA-AIR>LEG-RTE-NET-NLZA-AIR-1,RTE-NET-NLZA-AIR,LEG-RTE-NET-NLZA-AIR-1,1,WH-005,TRM-AIR-NL-AMSTERDAM,ROAD,1,140.0,ACTIVE_DEMO,,SYNTHETIC_DEMO,SYNTHETIC_DEMO,network_definition:LEG-RTE-NET-NLZA-AIR-1,,2026-01-01,
RTE-NET-NLZA-AIR>LEG-RTE-NET-NLZA-AIR-2,RTE-NET-NLZA-AIR,LEG-RTE-NET-NLZA-AIR-2,2,TRM-AIR-NL-AMSTERDAM,TRM-AIR-ZA-DURBAN,AIR,2,6850.0,ACTIVE_DEMO,,SYNTHETIC_DEMO,SYNTHETIC_DEMO,network_definition:LEG-RTE-NET-NLZA-AIR-2,,2026-01-01,
RTE-NET-NLZA-AIR>LEG-RTE-NET-NLZA-AIR-3,RTE-NET-NLZA-AIR,LEG-RTE-NET-NLZA-AIR-3,3,TRM-AIR-ZA-DURBAN,DLR-103,ROAD,2,290.0,ACTIVE_DEMO,,SYNTHETIC_DEMO,SYNTHETIC_DEMO,network_definition:LEG-RTE-NET-NLZA-AIR-3,,2026-01-01,
RTE-NET-NLZA-SEA>LEG-RTE-NET-NLZA-SEA-1,RTE-NET-NLZA-SEA,LEG-RTE-NET-NLZA-SEA-1,1,WH-005,TRM-SEA-NL-ROTTERDAM,ROAD,1,130.0,ACTIVE_DEMO,,SYNTHETIC_DEMO,SYNTHETIC_DEMO,network_definition:LEG-RTE-NET-NLZA-SEA-1,,2026-01-01,
RTE-NET-NLZA-SEA>LEG-RTE-NET-NLZA-SEA-2,RTE-NET-NLZA-SEA,LEG-RTE-NET-NLZA-SEA-2,2,TRM-SEA-NL-ROTTERDAM,TRM-SEA-ZA-DURBAN,SEA,29,2150.0,ACTIVE_DEMO,,SYNTHETIC_DEMO,SYNTHETIC_DEMO,network_definition:LEG-RTE-NET-NLZA-SEA-2,,2026-01-01,
RTE-NET-NLZA-SEA>LEG-RTE-NET-NLZA-SEA-3,RTE-NET-NLZA-SEA,LEG-RTE-NET-NLZA-SEA-3,3,TRM-SEA-ZA-DURBAN,DLR-103,ROAD,4,360.0,ACTIVE_DEMO,,SYNTHETIC_DEMO,SYNTHETIC_DEMO,network_definition:LEG-RTE-NET-NLZA-SEA-3,,2026-01-01,
