shipment_id,order_id,carrier,route_id,origin_location_id,destination_location_id,transport_mode,status,departure_date,planned_eta,actual_eta,tracking_ref,remediation_flags,route_resolution_status,order_line_id,carrier_id,data_status,source_type,source_record_id,ingestion_timestamp,effective_from,effective_to
SHP-0001,ORD-0001,Demo Freight (fictional),,WH-003,,,SHIPPED,2026-09-04,,,DEMO-0001-1,ROUTE_NOT_DETERMINABLE|DESTINATION_LOCATION_NOT_DETERMINABLE,ROUTE_NOT_DETERMINABLE,OI-0001,CAR-demo-freight-fictional,SYNTHETIC_DEMO,SYNTHETIC_DEMO,SHP-0001,,,
SHP-0002,ORD-0001,Demo Freight (fictional),,WH-004,,,SHIPPED,2026-09-04,,,DEMO-0001-2,ROUTE_NOT_DETERMINABLE|DESTINATION_LOCATION_NOT_DETERMINABLE,ROUTE_NOT_DETERMINABLE,OI-0002,CAR-demo-freight-fictional,SYNTHETIC_DEMO,SYNTHETIC_DEMO,SHP-0002,,,
SHP-0003,ORD-0001,Demo Freight (fictional),,WH-003,,,SHIPPED,2026-09-04,,,DEMO-0001-3,ROUTE_NOT_DETERMINABLE|DESTINATION_LOCATION_NOT_DETERMINABLE,ROUTE_NOT_DETERMINABLE,OI-0003,CAR-demo-freight-fictional,SYNTHETIC_DEMO,SYNTHETIC_DEMO,SHP-0003,,,
SHP-0004,ORD-0002,Demo Freight (fictional),,WH-001,,,DELIVERED,2026-09-16,,2026-09-18,DEMO-0002-1,ROUTE_NOT_DETERMINABLE|DESTINATION_LOCATION_NOT_DETERMINABLE,ROUTE_NOT_DETERMINABLE,OI-0004,CAR-demo-freight-fictional,SYNTHETIC_DEMO,SYNTHETIC_DEMO,SHP-0004,,,
SHP-0005,ORD-0002,Demo Freight (fictional),,WH-001,,,DELIVERED,2026-09-16,,2026-09-18,DEMO-0002-2,ROUTE_NOT_DETERMINABLE|DESTINATION_LOCATION_NOT_DETERMINABLE,ROUTE_NOT_DETERMINABLE,OI-0005,CAR-demo-freight-fictional,SYNTHETIC_DEMO,SYNTHETIC_DEMO,SHP-0005,,,
SHP-0006,ORD-0002,Demo Freight (fictional),,WH-001,,,DELIVERED,2026-09-16,,2026-09-18,DEMO-0002-3,ROUTE_NOT_DETERMINABLE|DESTINATION_LOCATION_NOT_DETERMINABLE,ROUTE_NOT_DETERMINABLE,OI-0006,CAR-demo-freight-fictional,SYNTHETIC_DEMO,SYNTHETIC_DEMO,SHP-0006,,,
SHP-0007,ORD-0007,Demo Freight (fictional),,WH-002,,,DELIVERED,2026-09-10,,2026-09-12,DEMO-0007-1,ROUTE_NOT_DETERMINABLE|DESTINATION_LOCATION_NOT_DETERMINABLE,ROUTE_NOT_DETERMINABLE,OI-0012,CAR-demo-freight-fictional,SYNTHETIC_DEMO,SYNTHETIC_DEMO,SHP-0007,,,
SHP-0008,ORD-0007,Demo Freight (fictional),,WH-002,,,DELIVERED,2026-09-10,,2026-09-12,DEMO-0007-2,ROUTE_NOT_DETERMINABLE|DESTINATION_LOCATION_NOT_DETERMINABLE,ROUTE_NOT_DETERMINABLE,OI-0013,CAR-demo-freight-fictional,SYNTHETIC_DEMO,SYNTHETIC_DEMO,SHP-0008,,,
SHP-0009,ORD-0008,Demo Freight (fictional),,WH-002,,,SHIPPED,2026-09-22,,,DEMO-0008-1,ROUTE_NOT_DETERMINABLE|DESTINATION_LOCATION_NOT_DETERMINABLE,ROUTE_NOT_DETERMINABLE,OI-0014,CAR-demo-freight-fictional,SYNTHETIC_DEMO,SYNTHETIC_DEMO,SHP-0009,,,
SHP-0010,ORD-0013,Demo Freight (fictional),,WH-001,,,SHIPPED,2026-09-25,,,DEMO-TRACK-0010,ROUTE_NOT_DETERMINABLE|DESTINATION_LOCATION_NOT_DETERMINABLE,ROUTE_NOT_DETERMINABLE,,CAR-demo-freight-fictional,SYNTHETIC_DEMO,SYNTHETIC_DEMO,SHP-0010,,,
SHP-0011,ORD-0014,Demo Freight (fictional),,WH-001,,,DELIVERED,2026-09-28,,2026-09-30,DEMO-TRACK-0011,ROUTE_NOT_DETERMINABLE|DESTINATION_LOCATION_NOT_DETERMINABLE,ROUTE_NOT_DETERMINABLE,,CAR-demo-freight-fictional,SYNTHETIC_DEMO,SYNTHETIC_DEMO,SHP-0011,,,
