evidence_id,evidence_type,entity_type,entity_id,reference,created_at,data_status,source_type,source_record_id,ingestion_timestamp,effective_from,effective_to
EV-CLM-0001,SERVICE_REPORT,WARRANTY_CLAIM,CLM-0001,Synthetic demonstration record: no real document exists,2025-08-05,SYNTHETIC_DEMO,SYNTHETIC_DEMO,synthetic:EV-CLM-0001,,,
EV-CLM-0002,SERVICE_REPORT,WARRANTY_CLAIM,CLM-0002,Synthetic demonstration record: no real document exists,2025-09-25,SYNTHETIC_DEMO,SYNTHETIC_DEMO,synthetic:EV-CLM-0002,,,
EV-CLM-0003,SERVICE_REPORT,WARRANTY_CLAIM,CLM-0003,Synthetic demonstration record: no real document exists,2025-11-15,SYNTHETIC_DEMO,SYNTHETIC_DEMO,synthetic:EV-CLM-0003,,,
EV-DLR-DLR-002,DEALER_RECORD,DEALER,DLR-002,Synthetic demonstration record: no real document exists,2025-01-10,SYNTHETIC_DEMO,SYNTHETIC_DEMO,scenario:lifecycle_scenarios,,,
EV-DLR-DLR-004,DEALER_RECORD,DEALER,DLR-004,Synthetic demonstration record: no real document exists,2025-01-10,SYNTHETIC_DEMO,SYNTHETIC_DEMO,scenario:lifecycle_scenarios,,,
EV-G001-CLM,SERVICE_REPORT,WARRANTY_CLAIM,CLM-G001,Synthetic demonstration record: no real document exists,2026-09-22,SYNTHETIC_DEMO,SYNTHETIC_DEMO,scenario:WAR-G001,,,
EV-G001-INS-A,INSTALLATION_RECORD,INSTALLATION,INS-G001-A,Synthetic demonstration record: no real document exists,2026-04-12,SYNTHETIC_DEMO,SYNTHETIC_DEMO,scenario:WAR-G001,,,
EV-G001-INS-B,INSTALLATION_RECORD,INSTALLATION,INS-G001-B,Synthetic demonstration record: no real document exists,2026-04-12,SYNTHETIC_DEMO,SYNTHETIC_DEMO,scenario:WAR-G001,,,
EV-G001-INSP,INSPECTION_RECORD,INSTALLATION,INS-G001-A,Synthetic demonstration record: no real document exists,2026-08-15,SYNTHETIC_DEMO,SYNTHETIC_DEMO,scenario:WAR-G001,,,
EV-G001-SVC,SERVICE_REPORT,INSTALLATION,INS-G001-A,Synthetic demonstration record: no real document exists,2026-07-01,SYNTHETIC_DEMO,SYNTHETIC_DEMO,scenario:WAR-G001,,,
EV-G001-WO-1,WORK_ORDER,WORK_ORDER,WO-G001,Synthetic demonstration record: no real document exists,2026-04-12,SYNTHETIC_DEMO,SYNTHETIC_DEMO,scenario:WAR-G001,,,
EV-G002-CLM,SERVICE_REPORT,WARRANTY_CLAIM,CLM-G002,Synthetic demonstration record: no real document exists,2026-08-16,SYNTHETIC_DEMO,SYNTHETIC_DEMO,scenario:WAR-G002,,,
EV-G002-INS-A,INSTALLATION_RECORD,INSTALLATION,INS-G002-A,Synthetic demonstration record: no real document exists,2026-05-03,SYNTHETIC_DEMO,SYNTHETIC_DEMO,scenario:WAR-G002,,,
EV-G002-WO-2,WORK_ORDER,WORK_ORDER,WO-G002,Synthetic demonstration record: no real document exists,2026-05-03,SYNTHETIC_DEMO,SYNTHETIC_DEMO,scenario:WAR-G002,,,
EV-G003-CLM,SERVICE_REPORT,WARRANTY_CLAIM,CLM-G003,Synthetic demonstration record: no real document exists,2026-05-03,SYNTHETIC_DEMO,SYNTHETIC_DEMO,scenario:WAR-G003,,,
EV-G003-INS-A,INSTALLATION_RECORD,INSTALLATION,INS-G003-A,Synthetic demonstration record: no real document exists,2025-02-10,SYNTHETIC_DEMO,SYNTHETIC_DEMO,scenario:WAR-G003,,,
EV-G003-WO-3,WORK_ORDER,WORK_ORDER,WO-G003,Synthetic demonstration record: no real document exists,2025-02-10,SYNTHETIC_DEMO,SYNTHETIC_DEMO,scenario:WAR-G003,,,
EV-G004-CLM-1,SERVICE_REPORT,WARRANTY_CLAIM,CLM-G004-1,Synthetic demonstration record: no real document exists,2026-05-22,SYNTHETIC_DEMO,SYNTHETIC_DEMO,scenario:WAR-G004,,,
EV-G004-CLM-2,SERVICE_REPORT,WARRANTY_CLAIM,CLM-G004-2,Synthetic demonstration record: no real document exists,2026-09-01,SYNTHETIC_DEMO,SYNTHETIC_DEMO,scenario:WAR-G004,,,
EV-G004-INS-A,INSTALLATION_RECORD,INSTALLATION,INS-G004-A,Synthetic demonstration record: no real document exists,2026-03-02,SYNTHETIC_DEMO,SYNTHETIC_DEMO,scenario:WAR-G004,,,
EV-G004-WO-4,WORK_ORDER,WORK_ORDER,WO-G004,Synthetic demonstration record: no real document exists,2026-03-02,SYNTHETIC_DEMO,SYNTHETIC_DEMO,scenario:WAR-G004,,,
EV-G005-CLM,SERVICE_REPORT,WARRANTY_CLAIM,CLM-G005,Synthetic demonstration record: no real document exists,2026-09-07,SYNTHETIC_DEMO,SYNTHETIC_DEMO,scenario:WAR-G005,,,
EV-G005-INS-A,INSTALLATION_RECORD,INSTALLATION,INS-G005-A,Synthetic demonstration record: no real document exists,2025-12-01,SYNTHETIC_DEMO,SYNTHETIC_DEMO,scenario:WAR-G005,,,
EV-G005-INS-B,INSTALLATION_RECORD,INSTALLATION,INS-G005-B,Synthetic demonstration record: no real document exists,2026-02-10,SYNTHETIC_DEMO,SYNTHETIC_DEMO,scenario:WAR-G005,,,
EV-G005-INS-C,INSTALLATION_RECORD,INSTALLATION,INS-G005-C,Synthetic demonstration record: no real document exists,2026-05-20,SYNTHETIC_DEMO,SYNTHETIC_DEMO,scenario:WAR-G005,,,
EV-G005-WO-1,WORK_ORDER,WORK_ORDER,WO-G005-1,Synthetic demonstration record: no real document exists,2025-12-01,SYNTHETIC_DEMO,SYNTHETIC_DEMO,scenario:WAR-G005,,,
EV-G005-WO-2,WORK_ORDER,WORK_ORDER,WO-G005-2,Synthetic demonstration record: no real document exists,2026-02-10,SYNTHETIC_DEMO,SYNTHETIC_DEMO,scenario:WAR-G005,,,
EV-G005-WO-3,WORK_ORDER,WORK_ORDER,WO-G005-3,Synthetic demonstration record: no real document exists,2026-05-20,SYNTHETIC_DEMO,SYNTHETIC_DEMO,scenario:WAR-G005,,,
EV-G006-CLM,SERVICE_REPORT,WARRANTY_CLAIM,CLM-G006,Synthetic demonstration record: no real document exists,2026-09-17,SYNTHETIC_DEMO,SYNTHETIC_DEMO,scenario:WAR-G006,,,
EV-G007-CLM,SERVICE_REPORT,WARRANTY_CLAIM,CLM-G007,Synthetic demonstration record: no real document exists,2026-09-12,SYNTHETIC_DEMO,SYNTHETIC_DEMO,scenario:WAR-G007,,,
EV-G007-INS-A,INSTALLATION_RECORD,INSTALLATION,INS-G007-A,Synthetic demonstration record: no real document exists,2026-05-10,SYNTHETIC_DEMO,SYNTHETIC_DEMO,scenario:WAR-G007,,,
EV-G007-WO-7,WORK_ORDER,WORK_ORDER,WO-G007,Synthetic demonstration record: no real document exists,2026-05-10,SYNTHETIC_DEMO,SYNTHETIC_DEMO,scenario:WAR-G007,,,
EV-G008-CLM,SERVICE_REPORT,WARRANTY_CLAIM,CLM-G008,Synthetic demonstration record: no real document exists,2026-08-04,SYNTHETIC_DEMO,SYNTHETIC_DEMO,scenario:WAR-G008,,,
EV-G008-INS-A,INSTALLATION_RECORD,INSTALLATION,INS-G008-A,Synthetic demonstration record: no real document exists,2026-04-20,SYNTHETIC_DEMO,SYNTHETIC_DEMO,scenario:WAR-G008,,,
EV-G008-WO-8,WORK_ORDER,WORK_ORDER,WO-G008,Synthetic demonstration record: no real document exists,2026-04-20,SYNTHETIC_DEMO,SYNTHETIC_DEMO,scenario:WAR-G008,,,
EV-INS-0001,INSTALLATION_RECORD,INSTALLATION,INS-0001,Synthetic demonstration record: no real document exists,2025-01-15,SYNTHETIC_DEMO,SYNTHETIC_DEMO,synthetic:EV-INS-0001,,,
EV-INS-0002,INSTALLATION_RECORD,INSTALLATION,INS-0002,Synthetic demonstration record: no real document exists,2025-01-24,SYNTHETIC_DEMO,SYNTHETIC_DEMO,synthetic:EV-INS-0002,,,
EV-INS-0003,INSTALLATION_RECORD,INSTALLATION,INS-0003,Synthetic demonstration record: no real document exists,2025-08-03,SYNTHETIC_DEMO,SYNTHETIC_DEMO,synthetic:EV-INS-0003,,,
EV-INS-0004,INSTALLATION_RECORD,INSTALLATION,INS-0004,Synthetic demonstration record: no real document exists,2025-02-01,SYNTHETIC_DEMO,SYNTHETIC_DEMO,synthetic:EV-INS-0004,,,
EV-INS-0005,INSTALLATION_RECORD,INSTALLATION,INS-0005,Synthetic demonstration record: no real document exists,2025-02-10,SYNTHETIC_DEMO,SYNTHETIC_DEMO,synthetic:EV-INS-0005,,,
EV-INS-0006,INSTALLATION_RECORD,INSTALLATION,INS-0006,Synthetic demonstration record: no real document exists,2025-02-18,SYNTHETIC_DEMO,SYNTHETIC_DEMO,synthetic:EV-INS-0006,,,
EV-INS-0007,INSTALLATION_RECORD,INSTALLATION,INS-0007,Synthetic demonstration record: no real document exists,2025-02-27,SYNTHETIC_DEMO,SYNTHETIC_DEMO,synthetic:EV-INS-0007,,,
EV-INS-0008,INSTALLATION_RECORD,INSTALLATION,INS-0008,Synthetic demonstration record: no real document exists,2025-03-07,SYNTHETIC_DEMO,SYNTHETIC_DEMO,synthetic:EV-INS-0008,,,
EV-INS-0009,INSTALLATION_RECORD,INSTALLATION,INS-0009,Synthetic demonstration record: no real document exists,2025-03-16,SYNTHETIC_DEMO,SYNTHETIC_DEMO,synthetic:EV-INS-0009,,,
EV-INS-0010,INSTALLATION_RECORD,INSTALLATION,INS-0010,Synthetic demonstration record: no real document exists,2025-09-23,SYNTHETIC_DEMO,SYNTHETIC_DEMO,synthetic:EV-INS-0010,,,
EV-INS-0011,INSTALLATION_RECORD,INSTALLATION,INS-0011,Synthetic demonstration record: no real document exists,2025-03-24,SYNTHETIC_DEMO,SYNTHETIC_DEMO,synthetic:EV-INS-0011,,,
EV-INS-0012,INSTALLATION_RECORD,INSTALLATION,INS-0012,Synthetic demonstration record: no real document exists,2025-04-02,SYNTHETIC_DEMO,SYNTHETIC_DEMO,synthetic:EV-INS-0012,,,
EV-INS-0013,INSTALLATION_RECORD,INSTALLATION,INS-0013,Synthetic demonstration record: no real document exists,2025-04-10,SYNTHETIC_DEMO,SYNTHETIC_DEMO,synthetic:EV-INS-0013,,,
EV-INS-0014,INSTALLATION_RECORD,INSTALLATION,INS-0014,Synthetic demonstration record: no real document exists,2025-04-19,SYNTHETIC_DEMO,SYNTHETIC_DEMO,synthetic:EV-INS-0014,,,
EV-INS-0015,INSTALLATION_RECORD,INSTALLATION,INS-0015,Synthetic demonstration record: no real document exists,2025-04-27,SYNTHETIC_DEMO,SYNTHETIC_DEMO,synthetic:EV-INS-0015,,,
EV-INS-0016,INSTALLATION_RECORD,INSTALLATION,INS-0016,Synthetic demonstration record: no real document exists,2025-05-06,SYNTHETIC_DEMO,SYNTHETIC_DEMO,synthetic:EV-INS-0016,,,
EV-INS-0017,INSTALLATION_RECORD,INSTALLATION,INS-0017,Synthetic demonstration record: no real document exists,2025-11-13,SYNTHETIC_DEMO,SYNTHETIC_DEMO,synthetic:EV-INS-0017,,,
EV-INS-0018,INSTALLATION_RECORD,INSTALLATION,INS-0018,Synthetic demonstration record: no real document exists,2025-05-14,SYNTHETIC_DEMO,SYNTHETIC_DEMO,synthetic:EV-INS-0018,,,
EV-INS-0019,INSTALLATION_RECORD,INSTALLATION,INS-0019,Synthetic demonstration record: no real document exists,2025-05-23,SYNTHETIC_DEMO,SYNTHETIC_DEMO,synthetic:EV-INS-0019,,,
EV-INS-0020,INSTALLATION_RECORD,INSTALLATION,INS-0020,Synthetic demonstration record: no real document exists,2025-05-31,SYNTHETIC_DEMO,SYNTHETIC_DEMO,synthetic:EV-INS-0020,,,
EV-INS-0021,INSTALLATION_RECORD,INSTALLATION,INS-0021,Synthetic demonstration record: no real document exists,2025-06-09,SYNTHETIC_DEMO,SYNTHETIC_DEMO,synthetic:EV-INS-0021,,,
EV-INS-0022,INSTALLATION_RECORD,INSTALLATION,INS-0022,Synthetic demonstration record: no real document exists,2025-06-17,SYNTHETIC_DEMO,SYNTHETIC_DEMO,synthetic:EV-INS-0022,,,
EV-INS-0023,INSTALLATION_RECORD,INSTALLATION,INS-0023,Synthetic demonstration record: no real document exists,2026-01-03,SYNTHETIC_DEMO,SYNTHETIC_DEMO,synthetic:EV-INS-0023,,,
EV-INS-0024,INSTALLATION_RECORD,INSTALLATION,INS-0024,Synthetic demonstration record: no real document exists,2025-07-04,SYNTHETIC_DEMO,SYNTHETIC_DEMO,synthetic:EV-INS-0024,,,
EV-PRT-PRT-006,PART_RECORD,PART,PRT-006,Synthetic demonstration record: no real document exists,2025-01-10,SYNTHETIC_DEMO,SYNTHETIC_DEMO,scenario:lifecycle_scenarios,,,
EV-PRT-PRT-007,PART_RECORD,PART,PRT-007,Synthetic demonstration record: no real document exists,2025-01-10,SYNTHETIC_DEMO,SYNTHETIC_DEMO,scenario:lifecycle_scenarios,,,
EV-PRT-PRT-018,PART_RECORD,PART,PRT-018,Synthetic demonstration record: no real document exists,2025-01-10,SYNTHETIC_DEMO,SYNTHETIC_DEMO,scenario:lifecycle_scenarios,,,
EV-PRT-PRT-022,PART_RECORD,PART,PRT-022,Synthetic demonstration record: no real document exists,2025-01-10,SYNTHETIC_DEMO,SYNTHETIC_DEMO,scenario:lifecycle_scenarios,,,
EV-TEC-TEC-DLR-002-1,TECHNICIAN_RECORD,TECHNICIAN,TEC-DLR-002-1,Synthetic demonstration record: no real document exists,2025-01-10,SYNTHETIC_DEMO,SYNTHETIC_DEMO,scenario:lifecycle_scenarios,,,
EV-TEC-TEC-DLR-004-1,TECHNICIAN_RECORD,TECHNICIAN,TEC-DLR-004-1,Synthetic demonstration record: no real document exists,2025-01-10,SYNTHETIC_DEMO,SYNTHETIC_DEMO,scenario:lifecycle_scenarios,,,
EV-WO-0001,WORK_ORDER,WORK_ORDER,WO-0001,Synthetic demonstration record: no real document exists,2025-01-15,SYNTHETIC_DEMO,SYNTHETIC_DEMO,synthetic:EV-WO-0001,,,
EV-WO-0002,WORK_ORDER,WORK_ORDER,WO-0002,Synthetic demonstration record: no real document exists,2025-01-24,SYNTHETIC_DEMO,SYNTHETIC_DEMO,synthetic:EV-WO-0002,,,
EV-WO-0003,WORK_ORDER,WORK_ORDER,WO-0003,Synthetic demonstration record: no real document exists,2025-08-03,SYNTHETIC_DEMO,SYNTHETIC_DEMO,synthetic:EV-WO-0003,,,
EV-WO-0004,WORK_ORDER,WORK_ORDER,WO-0004,Synthetic demonstration record: no real document exists,2025-02-01,SYNTHETIC_DEMO,SYNTHETIC_DEMO,synthetic:EV-WO-0004,,,
EV-WO-0005,WORK_ORDER,WORK_ORDER,WO-0005,Synthetic demonstration record: no real document exists,2025-02-10,SYNTHETIC_DEMO,SYNTHETIC_DEMO,synthetic:EV-WO-0005,,,
EV-WO-0006,WORK_ORDER,WORK_ORDER,WO-0006,Synthetic demonstration record: no real document exists,2025-02-18,SYNTHETIC_DEMO,SYNTHETIC_DEMO,synthetic:EV-WO-0006,,,
EV-WO-0007,WORK_ORDER,WORK_ORDER,WO-0007,Synthetic demonstration record: no real document exists,2025-02-27,SYNTHETIC_DEMO,SYNTHETIC_DEMO,synthetic:EV-WO-0007,,,
EV-WO-0008,WORK_ORDER,WORK_ORDER,WO-0008,Synthetic demonstration record: no real document exists,2025-03-07,SYNTHETIC_DEMO,SYNTHETIC_DEMO,synthetic:EV-WO-0008,,,
EV-WO-0009,WORK_ORDER,WORK_ORDER,WO-0009,Synthetic demonstration record: no real document exists,2025-03-16,SYNTHETIC_DEMO,SYNTHETIC_DEMO,synthetic:EV-WO-0009,,,
EV-WO-0010,WORK_ORDER,WORK_ORDER,WO-0010,Synthetic demonstration record: no real document exists,2025-09-23,SYNTHETIC_DEMO,SYNTHETIC_DEMO,synthetic:EV-WO-0010,,,
EV-WO-0011,WORK_ORDER,WORK_ORDER,WO-0011,Synthetic demonstration record: no real document exists,2025-03-24,SYNTHETIC_DEMO,SYNTHETIC_DEMO,synthetic:EV-WO-0011,,,
EV-WO-0012,WORK_ORDER,WORK_ORDER,WO-0012,Synthetic demonstration record: no real document exists,2025-04-02,SYNTHETIC_DEMO,SYNTHETIC_DEMO,synthetic:EV-WO-0012,,,
EV-WO-0013,WORK_ORDER,WORK_ORDER,WO-0013,Synthetic demonstration record: no real document exists,2025-04-10,SYNTHETIC_DEMO,SYNTHETIC_DEMO,synthetic:EV-WO-0013,,,
EV-WO-0014,WORK_ORDER,WORK_ORDER,WO-0014,Synthetic demonstration record: no real document exists,2025-04-19,SYNTHETIC_DEMO,SYNTHETIC_DEMO,synthetic:EV-WO-0014,,,
EV-WO-0015,WORK_ORDER,WORK_ORDER,WO-0015,Synthetic demonstration record: no real document exists,2025-04-27,SYNTHETIC_DEMO,SYNTHETIC_DEMO,synthetic:EV-WO-0015,,,
EV-WO-0016,WORK_ORDER,WORK_ORDER,WO-0016,Synthetic demonstration record: no real document exists,2025-05-06,SYNTHETIC_DEMO,SYNTHETIC_DEMO,synthetic:EV-WO-0016,,,
EV-WO-0017,WORK_ORDER,WORK_ORDER,WO-0017,Synthetic demonstration record: no real document exists,2025-11-13,SYNTHETIC_DEMO,SYNTHETIC_DEMO,synthetic:EV-WO-0017,,,
EV-WO-0018,WORK_ORDER,WORK_ORDER,WO-0018,Synthetic demonstration record: no real document exists,2025-05-14,SYNTHETIC_DEMO,SYNTHETIC_DEMO,synthetic:EV-WO-0018,,,
EV-WO-0019,WORK_ORDER,WORK_ORDER,WO-0019,Synthetic demonstration record: no real document exists,2025-05-23,SYNTHETIC_DEMO,SYNTHETIC_DEMO,synthetic:EV-WO-0019,,,
EV-WO-0020,WORK_ORDER,WORK_ORDER,WO-0020,Synthetic demonstration record: no real document exists,2025-05-31,SYNTHETIC_DEMO,SYNTHETIC_DEMO,synthetic:EV-WO-0020,,,
EV-WO-0021,WORK_ORDER,WORK_ORDER,WO-0021,Synthetic demonstration record: no real document exists,2025-06-09,SYNTHETIC_DEMO,SYNTHETIC_DEMO,synthetic:EV-WO-0021,,,
EV-WO-0022,WORK_ORDER,WORK_ORDER,WO-0022,Synthetic demonstration record: no real document exists,2025-06-17,SYNTHETIC_DEMO,SYNTHETIC_DEMO,synthetic:EV-WO-0022,,,
EV-WO-0023,WORK_ORDER,WORK_ORDER,WO-0023,Synthetic demonstration record: no real document exists,2026-01-03,SYNTHETIC_DEMO,SYNTHETIC_DEMO,synthetic:EV-WO-0023,,,
EV-WO-0024,WORK_ORDER,WORK_ORDER,WO-0024,Synthetic demonstration record: no real document exists,2025-07-04,SYNTHETIC_DEMO,SYNTHETIC_DEMO,synthetic:EV-WO-0024,,,
