installation_id,machine_instance_id,part_id,part_serial_number,dealer_id,technician_id,work_order_id,installation_date,removal_date,status,validation_status,validation_issues,data_status,source_type,source_record_id,ingestion_timestamp,effective_from,effective_to
INS-0001,MI-0001,PRT-003,SN-003-0001-A,DLR-030,TEC-DLR-030-1,WO-0001,2025-01-15,2025-08-03,REMOVED,VALID,,SYNTHETIC_DEMO,SYNTHETIC_DEMO,synthetic:INS-0001,,,
INS-0002,MI-0001,PRT-040,SN-040-0001-A,DLR-030,TEC-DLR-030-2,WO-0002,2025-01-24,,CURRENT,VALID,,SYNTHETIC_DEMO,SYNTHETIC_DEMO,synthetic:INS-0002,,,
INS-0003,MI-0001,PRT-003,SN-003-0001-B,DLR-030,TEC-DLR-030-1,WO-0003,2025-08-03,,CURRENT,VALID,,SYNTHETIC_DEMO,SYNTHETIC_DEMO,synthetic:INS-0003,,,
INS-0004,MI-0002,PRT-003,SN-003-0002-A,DLR-032,TEC-DLR-032-1,WO-0004,2025-02-01,,CURRENT,VALID,,SYNTHETIC_DEMO,SYNTHETIC_DEMO,synthetic:INS-0004,,,
INS-0005,MI-0002,PRT-013,SN-013-0002-A,DLR-032,TEC-DLR-032-2,WO-0005,2025-02-10,,CURRENT,VALID,,SYNTHETIC_DEMO,SYNTHETIC_DEMO,synthetic:INS-0005,,,
INS-0006,MI-0003,PRT-005,SN-005-0003-A,DLR-039,TEC-DLR-039-1,WO-0006,2025-02-18,,CURRENT,VALID,,SYNTHETIC_DEMO,SYNTHETIC_DEMO,synthetic:INS-0006,,,
INS-0007,MI-0003,PRT-013,SN-013-0003-A,DLR-039,TEC-DLR-039-2,WO-0007,2025-02-27,,CURRENT,VALID,,SYNTHETIC_DEMO,SYNTHETIC_DEMO,synthetic:INS-0007,,,
INS-0008,MI-0004,PRT-011,SN-011-0004-A,DLR-040,TEC-DLR-040-1,WO-0008,2025-03-07,2025-09-23,REMOVED,VALID,,SYNTHETIC_DEMO,SYNTHETIC_DEMO,synthetic:INS-0008,,,
INS-0009,MI-0004,PRT-017,SN-017-0004-A,DLR-040,TEC-DLR-040-2,WO-0009,2025-03-16,,CURRENT,VALID,,SYNTHETIC_DEMO,SYNTHETIC_DEMO,synthetic:INS-0009,,,
INS-0010,MI-0004,PRT-011,SN-011-0004-B,DLR-040,TEC-DLR-040-1,WO-0010,2025-09-23,,CURRENT,VALID,,SYNTHETIC_DEMO,SYNTHETIC_DEMO,synthetic:INS-0010,,,
INS-0011,MI-0005,PRT-035,SN-035-0005-A,DLR-045,TEC-DLR-045-1,WO-0011,2025-03-24,,CURRENT,VALID,,SYNTHETIC_DEMO,SYNTHETIC_DEMO,synthetic:INS-0011,,,
INS-0012,MI-0005,PRT-048,SN-048-0005-A,DLR-045,TEC-DLR-045-2,WO-0012,2025-04-02,,CURRENT,VALID,,SYNTHETIC_DEMO,SYNTHETIC_DEMO,synthetic:INS-0012,,,
INS-0013,MI-0006,PRT-071,SN-071-0006-A,DLR-046,TEC-DLR-046-1,WO-0013,2025-04-10,,CURRENT,VALID,,SYNTHETIC_DEMO,SYNTHETIC_DEMO,synthetic:INS-0013,,,
INS-0014,MI-0006,PRT-025,SN-025-0006-A,DLR-046,TEC-DLR-046-2,WO-0014,2025-04-19,,CURRENT,VALID,,SYNTHETIC_DEMO,SYNTHETIC_DEMO,synthetic:INS-0014,,,
INS-0015,MI-0007,PRT-090,SN-090-0007-A,DLR-056,TEC-DLR-056-1,WO-0015,2025-04-27,2025-11-13,REMOVED,VALID,,SYNTHETIC_DEMO,SYNTHETIC_DEMO,synthetic:INS-0015,,,
INS-0016,MI-0007,PRT-034,SN-034-0007-A,DLR-056,TEC-DLR-056-2,WO-0016,2025-05-06,,CURRENT,VALID,,SYNTHETIC_DEMO,SYNTHETIC_DEMO,synthetic:INS-0016,,,
INS-0017,MI-0007,PRT-090,SN-090-0007-B,DLR-056,TEC-DLR-056-1,WO-0017,2025-11-13,,CURRENT,VALID,,SYNTHETIC_DEMO,SYNTHETIC_DEMO,synthetic:INS-0017,,,
INS-0018,MI-0008,PRT-063,SN-063-0008-A,DLR-058,TEC-DLR-058-1,WO-0018,2025-05-14,,CURRENT,VALID,,SYNTHETIC_DEMO,SYNTHETIC_DEMO,synthetic:INS-0018,,,
INS-0019,MI-0008,PRT-097,SN-097-0008-A,DLR-058,TEC-DLR-058-2,WO-0019,2025-05-23,,CURRENT,VALID,,SYNTHETIC_DEMO,SYNTHETIC_DEMO,synthetic:INS-0019,,,
INS-0020,MI-0009,PRT-077,SN-077-0009-A,DLR-060,TEC-DLR-060-1,WO-0020,2025-05-31,,CURRENT,VALID,,SYNTHETIC_DEMO,SYNTHETIC_DEMO,synthetic:INS-0020,,,
INS-0021,MI-0009,PRT-100,SN-100-0009-A,DLR-060,TEC-DLR-060-2,WO-0021,2025-06-09,,CURRENT,VALID,,SYNTHETIC_DEMO,SYNTHETIC_DEMO,synthetic:INS-0021,,,
INS-0022,MI-0010,PRT-051,SN-051-0010-A,DLR-061,TEC-DLR-061-1,WO-0022,2025-06-17,2026-01-03,REMOVED,VALID,,SYNTHETIC_DEMO,SYNTHETIC_DEMO,synthetic:INS-0022,,,
INS-0023,MI-0010,PRT-051,SN-051-0010-B,DLR-061,TEC-DLR-061-1,WO-0023,2026-01-03,,CURRENT,VALID,,SYNTHETIC_DEMO,SYNTHETIC_DEMO,synthetic:INS-0023,,,
INS-0024,MI-0011,PRT-051,SN-051-0011-A,DLR-062,TEC-DLR-062-1,WO-0024,2025-07-04,,CURRENT,VALID,,SYNTHETIC_DEMO,SYNTHETIC_DEMO,synthetic:INS-0024,,,
INS-G001-A,MI-G001,PRT-007,SN-007-G001-A,DLR-004,TEC-DLR-004-1,WO-G001,2026-04-12,,CURRENT,VALID,,SYNTHETIC_DEMO,SYNTHETIC_DEMO,scenario:WAR-G001,,,
INS-G001-B,MI-G001,PRT-018,SN-018-G001-A,DLR-004,TEC-DLR-004-1,WO-G001,2026-04-12,,CURRENT,VALID,,SYNTHETIC_DEMO,SYNTHETIC_DEMO,scenario:WAR-G001,,,
INS-G002-A,MI-G002,PRT-007,SN-007-G002-A,DLR-002,TEC-DLR-002-1,WO-G002,2026-05-03,,CURRENT,VALID,,SYNTHETIC_DEMO,SYNTHETIC_DEMO,scenario:WAR-G002,,,
INS-G003-A,MI-G003,PRT-007,SN-007-G003-A,DLR-004,TEC-DLR-004-1,WO-G003,2025-02-10,,CURRENT,VALID,,SYNTHETIC_DEMO,SYNTHETIC_DEMO,scenario:WAR-G003,,,
INS-G004-A,MI-G004,PRT-007,SN-007-G004-A,DLR-004,TEC-DLR-004-1,WO-G004,2026-03-02,,CURRENT,VALID,,SYNTHETIC_DEMO,SYNTHETIC_DEMO,scenario:WAR-G004,,,
INS-G005-A,MI-G005,PRT-007,SN-007-G005-A,DLR-004,TEC-DLR-004-1,WO-G005-1,2025-12-01,2026-02-10,REMOVED,VALID,,SYNTHETIC_DEMO,SYNTHETIC_DEMO,scenario:WAR-G005,,,
INS-G005-B,MI-G005,PRT-007,SN-007-G005-B,DLR-004,TEC-DLR-004-1,WO-G005-2,2026-02-10,2026-05-20,REMOVED,VALID,,SYNTHETIC_DEMO,SYNTHETIC_DEMO,scenario:WAR-G005,,,
INS-G005-C,MI-G005,PRT-007,SN-007-G005-C,DLR-004,TEC-DLR-004-1,WO-G005-3,2026-05-20,,CURRENT,VALID,,SYNTHETIC_DEMO,SYNTHETIC_DEMO,scenario:WAR-G005,,,
INS-G006-A,MI-G006,PRT-007,SN-007-G006-A,DLR-004,,,2026-06-01,,CURRENT,INCOMPLETE,technician_missing|work_order_missing,SYNTHETIC_DEMO,SYNTHETIC_DEMO,scenario:WAR-G006,,,
INS-G007-A,MI-G007,PRT-022,SN-022-G007-A,DLR-004,TEC-DLR-004-1,WO-G007,2026-05-10,,CURRENT,VALID,,SYNTHETIC_DEMO,SYNTHETIC_DEMO,scenario:WAR-G007,,,
INS-G008-A,MI-G008,PRT-006,SN-006-G008-A,DLR-004,TEC-DLR-004-1,WO-G008,2026-04-20,,CURRENT,VALID,,SYNTHETIC_DEMO,SYNTHETIC_DEMO,scenario:WAR-G008,,,
