machine_instance_id,machine_id,variant_id,serial_number,model_year,owner_id,location_id,status,data_status,source_type,source_record_id,ingestion_timestamp,effective_from,effective_to
MI-0001,MCH-001,VAR-001-1,NV-2100-00001,2019,CUS-001,SHT-001-1,IN_SERVICE,SYNTHETIC_DEMO,SYNTHETIC_DEMO,synthetic:MI-0001,,,
MI-0002,MCH-002,VAR-002-1,NV-3200-00038,2020,CUS-002,SHT-002-1,IN_SERVICE,SYNTHETIC_DEMO,SYNTHETIC_DEMO,synthetic:MI-0002,,,
MI-0003,MCH-003,VAR-003-1,NV-4500-00075,2021,CUS-003,SHT-003-1,IN_SERVICE,SYNTHETIC_DEMO,SYNTHETIC_DEMO,synthetic:MI-0003,,,
MI-0004,MCH-004,VAR-004-1,NV-6000-00112,2022,CUS-004,SHT-004-1,IN_SERVICE,SYNTHETIC_DEMO,SYNTHETIC_DEMO,synthetic:MI-0004,,,
MI-0005,MCH-005,VAR-005-1,NV-7500-00149,2023,CUS-005,SHT-005-1,IN_SERVICE,SYNTHETIC_DEMO,SYNTHETIC_DEMO,synthetic:MI-0005,,,
MI-0006,MCH-007,VAR-007-1,KFT-200-00186,2024,CUS-006,SHT-006-1,IN_SERVICE,SYNTHETIC_DEMO,SYNTHETIC_DEMO,synthetic:MI-0006,,,
MI-0007,MCH-008,VAR-008-1,KFT-450-00223,2019,CUS-007,SHT-007-1,IN_SERVICE,SYNTHETIC_DEMO,SYNTHETIC_DEMO,synthetic:MI-0007,,,
MI-0008,MCH-009,VAR-009-1,KFT-600-00260,2020,CUS-008,SHT-008-1,IN_SERVICE,SYNTHETIC_DEMO,SYNTHETIC_DEMO,synthetic:MI-0008,,,
MI-0009,MCH-010,VAR-010-1,KFT-800-00297,2021,CUS-009,SHT-009-1,IN_SERVICE,SYNTHETIC_DEMO,SYNTHETIC_DEMO,synthetic:MI-0009,,,
MI-0010,MCH-011,VAR-011-1,BTS-100-00334,2022,CUS-010,SHT-010-1,IN_SERVICE,SYNTHETIC_DEMO,SYNTHETIC_DEMO,synthetic:MI-0010,,,
MI-0011,MCH-013,VAR-013-1,BTS-500-00371,2023,CUS-001,SHT-001-1,IN_SERVICE,SYNTHETIC_DEMO,SYNTHETIC_DEMO,synthetic:MI-0011,,,
MI-G001,MCH-009,VAR-009-1,KFT-600-00412,2025,CUS-001,SHT-001-1,IN_SERVICE,SYNTHETIC_DEMO,SYNTHETIC_DEMO,scenario:WAR-G001,,,
MI-G002,MCH-009,VAR-009-2,KFT-600-05211,2025,CUS-004,SHT-004-1,IN_SERVICE,SYNTHETIC_DEMO,SYNTHETIC_DEMO,scenario:WAR-G002,,,
MI-G003,MCH-010,VAR-010-1,KFT-800-00733,2024,CUS-006,SHT-006-1,IN_SERVICE,SYNTHETIC_DEMO,SYNTHETIC_DEMO,scenario:WAR-G003,,,
MI-G004,MCH-010,VAR-010-2,KFT-800-06120,2025,CUS-002,SHT-002-1,IN_SERVICE,SYNTHETIC_DEMO,SYNTHETIC_DEMO,scenario:WAR-G004,,,
MI-G005,MCH-009,VAR-009-1,KFT-600-01877,2025,CUS-001,SHT-001-2,IN_SERVICE,SYNTHETIC_DEMO,SYNTHETIC_DEMO,scenario:WAR-G005,,,
MI-G006,MCH-009,VAR-009-2,KFT-600-07044,2026,CUS-004,SHT-004-2,IN_SERVICE,SYNTHETIC_DEMO,SYNTHETIC_DEMO,scenario:WAR-G006,,,
MI-G007,MCH-014,VAR-014-1,BTS-750-00920,2025,CUS-003,SHT-003-1,IN_SERVICE,SYNTHETIC_DEMO,SYNTHETIC_DEMO,scenario:WAR-G007,,,
MI-G008,MCH-009,VAR-009-1,KFT-600-02390,2025,CUS-006,SHT-006-2,IN_SERVICE,SYNTHETIC_DEMO,SYNTHETIC_DEMO,scenario:WAR-G008,,,
