technician_id,dealer_id,name,certification,specialization,status,data_status,source_type,source_record_id,ingestion_timestamp,effective_from,effective_to
TEC-DLR-002-1,DLR-002,Joost Prins (demo),Noordveld Certified Technician L3,Powertrain,ACTIVE,SYNTHETIC_DEMO,SYNTHETIC_DEMO,scenario:lifecycle_scenarios,,,
TEC-DLR-004-1,DLR-004,Hendrik Vos (demo),Noordveld Certified Technician L3,Hydraulics,ACTIVE,SYNTHETIC_DEMO,SYNTHETIC_DEMO,scenario:lifecycle_scenarios,,,
TEC-DLR-030-1,DLR-030,Jan de Vries (demo),Noordveld Certified Technician L3,Hydraulics,ACTIVE,SYNTHETIC_DEMO,SYNTHETIC_DEMO,synthetic:TEC-DLR-030-1,,,
TEC-DLR-030-2,DLR-030,Sanne Bakker (demo),Noordveld Certified Technician L2,Powertrain,ACTIVE,SYNTHETIC_DEMO,SYNTHETIC_DEMO,synthetic:TEC-DLR-030-2,,,
TEC-DLR-032-1,DLR-032,Lars Becker (demo),Noordveld Certified Technician L3,Electrical,ACTIVE,SYNTHETIC_DEMO,SYNTHETIC_DEMO,synthetic:TEC-DLR-032-1,,,
TEC-DLR-032-2,DLR-032,Marit Hoekstra (demo),Noordveld Certified Technician L2,Transmission,ACTIVE,SYNTHETIC_DEMO,SYNTHETIC_DEMO,synthetic:TEC-DLR-032-2,,,
TEC-DLR-039-1,DLR-039,Thomas Keller (demo),Noordveld Certified Technician L3,Hydraulics,ACTIVE,SYNTHETIC_DEMO,SYNTHETIC_DEMO,synthetic:TEC-DLR-039-1,,,
TEC-DLR-039-2,DLR-039,Eva Brandt (demo),Noordveld Certified Technician L2,Powertrain,ACTIVE,SYNTHETIC_DEMO,SYNTHETIC_DEMO,synthetic:TEC-DLR-039-2,,,
TEC-DLR-040-1,DLR-040,Pieter Smit (demo),Noordveld Certified Technician L3,Electrical,ACTIVE,SYNTHETIC_DEMO,SYNTHETIC_DEMO,synthetic:TEC-DLR-040-1,,,
TEC-DLR-040-2,DLR-040,Lotte Visser (demo),Noordveld Certified Technician L2,Transmission,ACTIVE,SYNTHETIC_DEMO,SYNTHETIC_DEMO,synthetic:TEC-DLR-040-2,,,
TEC-DLR-045-1,DLR-045,Jonas Weber (demo),Noordveld Certified Technician L3,Hydraulics,ACTIVE,SYNTHETIC_DEMO,SYNTHETIC_DEMO,synthetic:TEC-DLR-045-1,,,
TEC-DLR-045-2,DLR-045,Anke Meijer (demo),Noordveld Certified Technician L2,Powertrain,ACTIVE,SYNTHETIC_DEMO,SYNTHETIC_DEMO,synthetic:TEC-DLR-045-2,,,
TEC-DLR-046-1,DLR-046,Felix Hartmann (demo),Noordveld Certified Technician L3,Electrical,ACTIVE,SYNTHETIC_DEMO,SYNTHETIC_DEMO,synthetic:TEC-DLR-046-1,,,
TEC-DLR-046-2,DLR-046,Nina Kramer (demo),Noordveld Certified Technician L2,Transmission,ACTIVE,SYNTHETIC_DEMO,SYNTHETIC_DEMO,synthetic:TEC-DLR-046-2,,,
TEC-DLR-056-1,DLR-056,Daan Mulder (demo),Noordveld Certified Technician L3,Hydraulics,ACTIVE,SYNTHETIC_DEMO,SYNTHETIC_DEMO,synthetic:TEC-DLR-056-1,,,
TEC-DLR-056-2,DLR-056,Greta Vogel (demo),Noordveld Certified Technician L2,Powertrain,ACTIVE,SYNTHETIC_DEMO,SYNTHETIC_DEMO,synthetic:TEC-DLR-056-2,,,
TEC-DLR-058-1,DLR-058,Ruben Jansen (demo),Noordveld Certified Technician L3,Electrical,ACTIVE,SYNTHETIC_DEMO,SYNTHETIC_DEMO,synthetic:TEC-DLR-058-1,,,
TEC-DLR-058-2,DLR-058,Ines Fischer (demo),Noordveld Certified Technician L2,Transmission,ACTIVE,SYNTHETIC_DEMO,SYNTHETIC_DEMO,synthetic:TEC-DLR-058-2,,,
TEC-DLR-060-1,DLR-060,Bram Dekker (demo),Noordveld Certified Technician L3,Hydraulics,ACTIVE,SYNTHETIC_DEMO,SYNTHETIC_DEMO,synthetic:TEC-DLR-060-1,,,
TEC-DLR-060-2,DLR-060,Clara Schulz (demo),Noordveld Certified Technician L2,Powertrain,ACTIVE,SYNTHETIC_DEMO,SYNTHETIC_DEMO,synthetic:TEC-DLR-060-2,,,
TEC-DLR-061-1,DLR-061,Jan de Vries (demo),Noordveld Certified Technician L3,Electrical,ACTIVE,SYNTHETIC_DEMO,SYNTHETIC_DEMO,synthetic:TEC-DLR-061-1,,,
TEC-DLR-062-1,DLR-062,Sanne Bakker (demo),Noordveld Certified Technician L3,Transmission,ACTIVE,SYNTHETIC_DEMO,SYNTHETIC_DEMO,synthetic:TEC-DLR-062-1,,,
