claim_id,machine_instance_id,part_id,installation_id,failure_date,claim_date,dealer_id,status,decision,decision_reason,data_status,source_type,source_record_id,ingestion_timestamp,effective_from,effective_to
CLM-0001,MI-0001,PRT-003,INS-0001,2025-08-03,2025-08-05,DLR-030,APPROVED,APPROVED,"Every applicable condition holds on complete, evidenced facts.",SYNTHETIC_DEMO,SYNTHETIC_DEMO,synthetic:CLM-0001,,,
CLM-0002,MI-0004,PRT-011,INS-0008,2025-09-23,2025-09-25,DLR-040,REJECTED,REJECTED,The installation was performed by an authorised dealer: Dealer DLR-040 is INDEPENDENT.,SYNTHETIC_DEMO,SYNTHETIC_DEMO,synthetic:CLM-0002,,,
CLM-0003,MI-0007,PRT-090,INS-0015,2025-11-13,2025-11-15,DLR-056,REJECTED,REJECTED,The installation was performed by an authorised dealer: Dealer DLR-056 is INDEPENDENT.,SYNTHETIC_DEMO,SYNTHETIC_DEMO,synthetic:CLM-0003,,,
CLM-G001,MI-G001,PRT-007,INS-G001-A,2026-09-20,2026-09-22,DLR-004,SUBMITTED,,,SYNTHETIC_DEMO,SYNTHETIC_DEMO,scenario:WAR-G001,,,
CLM-G002,MI-G002,PRT-007,INS-G002-A,2026-08-14,2026-08-16,DLR-002,SUBMITTED,,,SYNTHETIC_DEMO,SYNTHETIC_DEMO,scenario:WAR-G002,,,
CLM-G003,MI-G003,PRT-007,INS-G003-A,2026-05-01,2026-05-03,DLR-004,SUBMITTED,,,SYNTHETIC_DEMO,SYNTHETIC_DEMO,scenario:WAR-G003,,,
CLM-G004-1,MI-G004,PRT-007,INS-G004-A,2026-05-20,2026-05-22,DLR-004,APPROVED,APPROVED,"Every applicable condition holds on complete, evidenced facts.",SYNTHETIC_DEMO,SYNTHETIC_DEMO,scenario:WAR-G004,,,
CLM-G004-2,MI-G004,PRT-007,INS-G004-A,2026-08-30,2026-09-01,DLR-004,SUBMITTED,,,SYNTHETIC_DEMO,SYNTHETIC_DEMO,scenario:WAR-G004,,,
CLM-G005,MI-G005,PRT-007,INS-G005-C,2026-09-05,2026-09-07,DLR-004,SUBMITTED,,,SYNTHETIC_DEMO,SYNTHETIC_DEMO,scenario:WAR-G005,,,
CLM-G006,MI-G006,PRT-007,INS-G006-A,2026-09-15,2026-09-17,DLR-004,SUBMITTED,,,SYNTHETIC_DEMO,SYNTHETIC_DEMO,scenario:WAR-G006,,,
CLM-G007,MI-G007,PRT-022,INS-G007-A,2026-09-10,2026-09-12,DLR-004,SUBMITTED,,,SYNTHETIC_DEMO,SYNTHETIC_DEMO,scenario:WAR-G007,,,
CLM-G008,MI-G008,PRT-006,INS-G008-A,2026-08-02,2026-08-04,DLR-004,SUBMITTED,,,SYNTHETIC_DEMO,SYNTHETIC_DEMO,scenario:WAR-G008,,,
