work_order_id,machine_instance_id,dealer_id,technician_id,service_date,service_type,status,reason,data_status,source_type,source_record_id,ingestion_timestamp,effective_from,effective_to
WO-0001,MI-0001,DLR-030,TEC-DLR-030-1,2025-01-15,INSTALLATION,COMPLETED,Scheduled fitting of a catalogue part,SYNTHETIC_DEMO,SYNTHETIC_DEMO,synthetic:WO-0001,,,
WO-0002,MI-0001,DLR-030,TEC-DLR-030-2,2025-01-24,INSTALLATION,COMPLETED,Scheduled fitting of a catalogue part,SYNTHETIC_DEMO,SYNTHETIC_DEMO,synthetic:WO-0002,,,
WO-0003,MI-0001,DLR-030,TEC-DLR-030-1,2025-08-03,REPLACEMENT,COMPLETED,Replacement of a failed part,SYNTHETIC_DEMO,SYNTHETIC_DEMO,synthetic:WO-0003,,,
WO-0004,MI-0002,DLR-032,TEC-DLR-032-1,2025-02-01,INSTALLATION,COMPLETED,Scheduled fitting of a catalogue part,SYNTHETIC_DEMO,SYNTHETIC_DEMO,synthetic:WO-0004,,,
WO-0005,MI-0002,DLR-032,TEC-DLR-032-2,2025-02-10,INSTALLATION,COMPLETED,Scheduled fitting of a catalogue part,SYNTHETIC_DEMO,SYNTHETIC_DEMO,synthetic:WO-0005,,,
WO-0006,MI-0003,DLR-039,TEC-DLR-039-1,2025-02-18,INSTALLATION,COMPLETED,Scheduled fitting of a catalogue part,SYNTHETIC_DEMO,SYNTHETIC_DEMO,synthetic:WO-0006,,,
WO-0007,MI-0003,DLR-039,TEC-DLR-039-2,2025-02-27,INSTALLATION,COMPLETED,Scheduled fitting of a catalogue part,SYNTHETIC_DEMO,SYNTHETIC_DEMO,synthetic:WO-0007,,,
WO-0008,MI-0004,DLR-040,TEC-DLR-040-1,2025-03-07,INSTALLATION,COMPLETED,Scheduled fitting of a catalogue part,SYNTHETIC_DEMO,SYNTHETIC_DEMO,synthetic:WO-0008,,,
WO-0009,MI-0004,DLR-040,TEC-DLR-040-2,2025-03-16,INSTALLATION,COMPLETED,Scheduled fitting of a catalogue part,SYNTHETIC_DEMO,SYNTHETIC_DEMO,synthetic:WO-0009,,,
WO-0010,MI-0004,DLR-040,TEC-DLR-040-1,2025-09-23,REPLACEMENT,COMPLETED,Replacement of a failed part,SYNTHETIC_DEMO,SYNTHETIC_DEMO,synthetic:WO-0010,,,
WO-0011,MI-0005,DLR-045,TEC-DLR-045-1,2025-03-24,INSTALLATION,COMPLETED,Scheduled fitting of a catalogue part,SYNTHETIC_DEMO,SYNTHETIC_DEMO,synthetic:WO-0011,,,
WO-0012,MI-0005,DLR-045,TEC-DLR-045-2,2025-04-02,INSTALLATION,COMPLETED,Scheduled fitting of a catalogue part,SYNTHETIC_DEMO,SYNTHETIC_DEMO,synthetic:WO-0012,,,
WO-0013,MI-0006,DLR-046,TEC-DLR-046-1,2025-04-10,INSTALLATION,COMPLETED,Scheduled fitting of a catalogue part,SYNTHETIC_DEMO,SYNTHETIC_DEMO,synthetic:WO-0013,,,
WO-0014,MI-0006,DLR-046,TEC-DLR-046-2,2025-04-19,INSTALLATION,COMPLETED,Scheduled fitting of a catalogue part,SYNTHETIC_DEMO,SYNTHETIC_DEMO,synthetic:WO-0014,,,
WO-0015,MI-0007,DLR-056,TEC-DLR-056-1,2025-04-27,INSTALLATION,COMPLETED,Scheduled fitting of a catalogue part,SYNTHETIC_DEMO,SYNTHETIC_DEMO,synthetic:WO-0015,,,
WO-0016,MI-0007,DLR-056,TEC-DLR-056-2,2025-05-06,INSTALLATION,COMPLETED,Scheduled fitting of a catalogue part,SYNTHETIC_DEMO,SYNTHETIC_DEMO,synthetic:WO-0016,,,
WO-0017,MI-0007,DLR-056,TEC-DLR-056-1,2025-11-13,REPLACEMENT,COMPLETED,Replacement of a failed part,SYNTHETIC_DEMO,SYNTHETIC_DEMO,synthetic:WO-0017,,,
WO-0018,MI-0008,DLR-058,TEC-DLR-058-1,2025-05-14,INSTALLATION,COMPLETED,Scheduled fitting of a catalogue part,SYNTHETIC_DEMO,SYNTHETIC_DEMO,synthetic:WO-0018,,,
WO-0019,MI-0008,DLR-058,TEC-DLR-058-2,2025-05-23,INSTALLATION,COMPLETED,Scheduled fitting of a catalogue part,SYNTHETIC_DEMO,SYNTHETIC_DEMO,synthetic:WO-0019,,,
WO-0020,MI-0009,DLR-060,TEC-DLR-060-1,2025-05-31,INSTALLATION,COMPLETED,Scheduled fitting of a catalogue part,SYNTHETIC_DEMO,SYNTHETIC_DEMO,synthetic:WO-0020,,,
WO-0021,MI-0009,DLR-060,TEC-DLR-060-2,2025-06-09,INSTALLATION,COMPLETED,Scheduled fitting of a catalogue part,SYNTHETIC_DEMO,SYNTHETIC_DEMO,synthetic:WO-0021,,,
WO-0022,MI-0010,DLR-061,TEC-DLR-061-1,2025-06-17,INSTALLATION,COMPLETED,Scheduled fitting of a catalogue part,SYNTHETIC_DEMO,SYNTHETIC_DEMO,synthetic:WO-0022,,,
WO-0023,MI-0010,DLR-061,TEC-DLR-061-1,2026-01-03,REPLACEMENT,COMPLETED,Replacement of a failed part,SYNTHETIC_DEMO,SYNTHETIC_DEMO,synthetic:WO-0023,,,
WO-0024,MI-0011,DLR-062,TEC-DLR-062-1,2025-07-04,INSTALLATION,COMPLETED,Scheduled fitting of a catalogue part,SYNTHETIC_DEMO,SYNTHETIC_DEMO,synthetic:WO-0024,,,
WO-G001,MI-G001,DLR-004,TEC-DLR-004-1,2026-04-12,INSTALLATION,COMPLETED,Fitting of a replacement pump and drivetrain part,SYNTHETIC_DEMO,SYNTHETIC_DEMO,scenario:WAR-G001,,,
WO-G002,MI-G002,DLR-002,TEC-DLR-002-1,2026-05-03,INSTALLATION,COMPLETED,Fitting of a pump,SYNTHETIC_DEMO,SYNTHETIC_DEMO,scenario:WAR-G002,,,
WO-G003,MI-G003,DLR-004,TEC-DLR-004-1,2025-02-10,INSTALLATION,COMPLETED,Fitting of a pump,SYNTHETIC_DEMO,SYNTHETIC_DEMO,scenario:WAR-G003,,,
WO-G004,MI-G004,DLR-004,TEC-DLR-004-1,2026-03-02,INSTALLATION,COMPLETED,Fitting of a pump,SYNTHETIC_DEMO,SYNTHETIC_DEMO,scenario:WAR-G004,,,
WO-G005-1,MI-G005,DLR-004,TEC-DLR-004-1,2025-12-01,INSTALLATION,COMPLETED,Initial fitting,SYNTHETIC_DEMO,SYNTHETIC_DEMO,scenario:WAR-G005,,,
WO-G005-2,MI-G005,DLR-004,TEC-DLR-004-1,2026-02-10,REPLACEMENT,COMPLETED,Pump failed in service,SYNTHETIC_DEMO,SYNTHETIC_DEMO,scenario:WAR-G005,,,
WO-G005-3,MI-G005,DLR-004,TEC-DLR-004-1,2026-05-20,REPLACEMENT,COMPLETED,Replacement pump failed in service,SYNTHETIC_DEMO,SYNTHETIC_DEMO,scenario:WAR-G005,,,
WO-G007,MI-G007,DLR-004,TEC-DLR-004-1,2026-05-10,INSTALLATION,COMPLETED,Fitting of a wheel hub bearing,SYNTHETIC_DEMO,SYNTHETIC_DEMO,scenario:WAR-G007,,,
WO-G008,MI-G008,DLR-004,TEC-DLR-004-1,2026-04-20,INSTALLATION,COMPLETED,Fitting of a gear pump,SYNTHETIC_DEMO,SYNTHETIC_DEMO,scenario:WAR-G008,,,
