approved_source_id,part_id,source_id,source_kind,approval_status,approved_regions,valid_from,valid_to,data_status,source_type,source_record_id,ingestion_timestamp,effective_from,effective_to
AS-PRT-001-SUP-001,PRT-001,SUP-001,SUPPLIER,APPROVED,,,,SYNTHETIC_DEMO,SYNTHETIC_DEMO,PS-0001,,,
AS-PRT-001-SUP-008,PRT-001,SUP-008,SUPPLIER,APPROVED,,,,SYNTHETIC_DEMO,SYNTHETIC_DEMO,PS-0002,,,
AS-PRT-001-SUP-015,PRT-001,SUP-015,SUPPLIER,APPROVED,,,,SYNTHETIC_DEMO,SYNTHETIC_DEMO,SUPPLIED_BY:PRT-001>SUP-015,,,
AS-PRT-001-SUP-025,PRT-001,SUP-025,SUPPLIER,APPROVED,,,,SYNTHETIC_DEMO,SYNTHETIC_DEMO,SUPPLIED_BY:PRT-001>SUP-025,,,
AS-PRT-001-SUP-034,PRT-001,SUP-034,SUPPLIER,APPROVED,,,,SYNTHETIC_DEMO,SYNTHETIC_DEMO,SUPPLIED_BY:PRT-001>SUP-034,,,
AS-PRT-001-SUP-038,PRT-001,SUP-038,SUPPLIER,APPROVED,,,,SYNTHETIC_DEMO,SYNTHETIC_DEMO,SUPPLIED_BY:PRT-001>SUP-038,,,
AS-PRT-002-SUP-001,PRT-002,SUP-001,SUPPLIER,APPROVED,,,,SYNTHETIC_DEMO,SYNTHETIC_DEMO,PS-0003,,,
AS-PRT-002-SUP-008,PRT-002,SUP-008,SUPPLIER,APPROVED,,,,SYNTHETIC_DEMO,SYNTHETIC_DEMO,PS-0004,,,
AS-PRT-002-SUP-025,PRT-002,SUP-025,SUPPLIER,APPROVED,,,,SYNTHETIC_DEMO,SYNTHETIC_DEMO,SUPPLIED_BY:PRT-002>SUP-025,,,
AS-PRT-002-SUP-034,PRT-002,SUP-034,SUPPLIER,APPROVED,,,,SYNTHETIC_DEMO,SYNTHETIC_DEMO,SUPPLIED_BY:PRT-002>SUP-034,,,
AS-PRT-003-SUP-001,PRT-003,SUP-001,SUPPLIER,APPROVED,,,,SYNTHETIC_DEMO,SYNTHETIC_DEMO,PS-0006,,,
AS-PRT-003-SUP-008,PRT-003,SUP-008,SUPPLIER,APPROVED,,,,SYNTHETIC_DEMO,SYNTHETIC_DEMO,PS-0005,,,
AS-PRT-003-SUP-025,PRT-003,SUP-025,SUPPLIER,APPROVED,,,,SYNTHETIC_DEMO,SYNTHETIC_DEMO,SUPPLIED_BY:PRT-003>SUP-025,,,
AS-PRT-004-SUP-011,PRT-004,SUP-011,SUPPLIER,APPROVED,,,,SYNTHETIC_DEMO,SYNTHETIC_DEMO,PS-0007,,,
AS-PRT-004-SUP-025,PRT-004,SUP-025,SUPPLIER,APPROVED,,,,SYNTHETIC_DEMO,SYNTHETIC_DEMO,SUPPLIED_BY:PRT-004>SUP-025,,,
AS-PRT-004-SUP-034,PRT-004,SUP-034,SUPPLIER,APPROVED,,,,SYNTHETIC_DEMO,SYNTHETIC_DEMO,SUPPLIED_BY:PRT-004>SUP-034,,,
AS-PRT-005-SUP-001,PRT-005,SUP-001,SUPPLIER,APPROVED,,,,SYNTHETIC_DEMO,SYNTHETIC_DEMO,PS-0008,,,
AS-PRT-005-SUP-008,PRT-005,SUP-008,SUPPLIER,APPROVED,,,,SYNTHETIC_DEMO,SYNTHETIC_DEMO,PS-0009,,,
AS-PRT-005-SUP-025,PRT-005,SUP-025,SUPPLIER,APPROVED,,,,SYNTHETIC_DEMO,SYNTHETIC_DEMO,SUPPLIED_BY:PRT-005>SUP-025,,,
AS-PRT-005-SUP-034,PRT-005,SUP-034,SUPPLIER,APPROVED,,,,SYNTHETIC_DEMO,SYNTHETIC_DEMO,SUPPLIED_BY:PRT-005>SUP-034,,,
AS-PRT-006-SUP-011,PRT-006,SUP-011,SUPPLIER,APPROVED,,,,SYNTHETIC_DEMO,SYNTHETIC_DEMO,PS-0010,,,
AS-PRT-006-SUP-025,PRT-006,SUP-025,SUPPLIER,APPROVED,,,,SYNTHETIC_DEMO,SYNTHETIC_DEMO,SUPPLIED_BY:PRT-006>SUP-025,,,
AS-PRT-007-SUP-008,PRT-007,SUP-008,SUPPLIER,APPROVED,,,,SYNTHETIC_DEMO,SYNTHETIC_DEMO,PS-0012,,,
AS-PRT-007-SUP-011,PRT-007,SUP-011,SUPPLIER,APPROVED,,,,SYNTHETIC_DEMO,SYNTHETIC_DEMO,PS-0011,,,
AS-PRT-007-SUP-025,PRT-007,SUP-025,SUPPLIER,APPROVED,,,,SYNTHETIC_DEMO,SYNTHETIC_DEMO,SUPPLIED_BY:PRT-007>SUP-025,,,
AS-PRT-007-SUP-034,PRT-007,SUP-034,SUPPLIER,APPROVED,,,,SYNTHETIC_DEMO,SYNTHETIC_DEMO,SUPPLIED_BY:PRT-007>SUP-034,,,
AS-PRT-008-SUP-001,PRT-008,SUP-001,SUPPLIER,APPROVED,,,,SYNTHETIC_DEMO,SYNTHETIC_DEMO,PS-0014,,,
AS-PRT-008-SUP-011,PRT-008,SUP-011,SUPPLIER,APPROVED,,,,SYNTHETIC_DEMO,SYNTHETIC_DEMO,PS-0013,,,
AS-PRT-008-SUP-025,PRT-008,SUP-025,SUPPLIER,APPROVED,,,,SYNTHETIC_DEMO,SYNTHETIC_DEMO,SUPPLIED_BY:PRT-008>SUP-025,,,
AS-PRT-008-SUP-032,PRT-008,SUP-032,SUPPLIER,APPROVED,,,,SYNTHETIC_DEMO,SYNTHETIC_DEMO,SUPPLIED_BY:PRT-008>SUP-032,,,
AS-PRT-009-SUP-001,PRT-009,SUP-001,SUPPLIER,APPROVED,,,,SYNTHETIC_DEMO,SYNTHETIC_DEMO,PS-0015,,,
AS-PRT-009-SUP-025,PRT-009,SUP-025,SUPPLIER,APPROVED,,,,SYNTHETIC_DEMO,SYNTHETIC_DEMO,SUPPLIED_BY:PRT-009>SUP-025,,,
AS-PRT-009-SUP-034,PRT-009,SUP-034,SUPPLIER,APPROVED,,,,SYNTHETIC_DEMO,SYNTHETIC_DEMO,SUPPLIED_BY:PRT-009>SUP-034,,,
AS-PRT-010-SUP-001,PRT-010,SUP-001,SUPPLIER,APPROVED,,,,SYNTHETIC_DEMO,SYNTHETIC_DEMO,PS-0016,,,
AS-PRT-010-SUP-008,PRT-010,SUP-008,SUPPLIER,APPROVED,,,,SYNTHETIC_DEMO,SYNTHETIC_DEMO,PS-0017,,,
AS-PRT-011-SUP-011,PRT-011,SUP-011,SUPPLIER,APPROVED,,,,SYNTHETIC_DEMO,SYNTHETIC_DEMO,PS-0018,,,
AS-PRT-011-SUP-039,PRT-011,SUP-039,SUPPLIER,APPROVED,,,,SYNTHETIC_DEMO,SYNTHETIC_DEMO,SUPPLIED_BY:PRT-011>SUP-039,,,
AS-PRT-012-SUP-011,PRT-012,SUP-011,SUPPLIER,APPROVED,,,,SYNTHETIC_DEMO,SYNTHETIC_DEMO,PS-0019,,,
AS-PRT-012-SUP-025,PRT-012,SUP-025,SUPPLIER,APPROVED,,,,SYNTHETIC_DEMO,SYNTHETIC_DEMO,SUPPLIED_BY:PRT-012>SUP-025,,,
AS-PRT-013-SUP-001,PRT-013,SUP-001,SUPPLIER,APPROVED,,,,SYNTHETIC_DEMO,SYNTHETIC_DEMO,PS-0021,,,
AS-PRT-013-SUP-008,PRT-013,SUP-008,SUPPLIER,APPROVED,,,,SYNTHETIC_DEMO,SYNTHETIC_DEMO,PS-0020,,,
AS-PRT-013-SUP-013,PRT-013,SUP-013,SUPPLIER,APPROVED,,,,SYNTHETIC_DEMO,SYNTHETIC_DEMO,SUPPLIED_BY:PRT-013>SUP-013,,,
AS-PRT-013-SUP-015,PRT-013,SUP-015,SUPPLIER,APPROVED,,,,SYNTHETIC_DEMO,SYNTHETIC_DEMO,SUPPLIED_BY:PRT-013>SUP-015,,,
AS-PRT-013-SUP-025,PRT-013,SUP-025,SUPPLIER,APPROVED,,,,SYNTHETIC_DEMO,SYNTHETIC_DEMO,SUPPLIED_BY:PRT-013>SUP-025,,,
AS-PRT-013-SUP-038,PRT-013,SUP-038,SUPPLIER,APPROVED,,,,SYNTHETIC_DEMO,SYNTHETIC_DEMO,SUPPLIED_BY:PRT-013>SUP-038,,,
AS-PRT-014-SUP-008,PRT-014,SUP-008,SUPPLIER,APPROVED,,,,SYNTHETIC_DEMO,SYNTHETIC_DEMO,PS-0023,,,
AS-PRT-014-SUP-011,PRT-014,SUP-011,SUPPLIER,APPROVED,,,,SYNTHETIC_DEMO,SYNTHETIC_DEMO,PS-0022,,,
AS-PRT-014-SUP-016,PRT-014,SUP-016,SUPPLIER,APPROVED,,,,SYNTHETIC_DEMO,SYNTHETIC_DEMO,SUPPLIED_BY:PRT-014>SUP-016,,,
AS-PRT-014-SUP-025,PRT-014,SUP-025,SUPPLIER,APPROVED,,,,SYNTHETIC_DEMO,SYNTHETIC_DEMO,SUPPLIED_BY:PRT-014>SUP-025,,,
AS-PRT-014-SUP-034,PRT-014,SUP-034,SUPPLIER,APPROVED,,,,SYNTHETIC_DEMO,SYNTHETIC_DEMO,SUPPLIED_BY:PRT-014>SUP-034,,,
AS-PRT-015-SUP-011,PRT-015,SUP-011,SUPPLIER,APPROVED,,,,SYNTHETIC_DEMO,SYNTHETIC_DEMO,PS-0024,,,
AS-PRT-015-SUP-025,PRT-015,SUP-025,SUPPLIER,APPROVED,,,,SYNTHETIC_DEMO,SYNTHETIC_DEMO,SUPPLIED_BY:PRT-015>SUP-025,,,
AS-PRT-015-SUP-034,PRT-015,SUP-034,SUPPLIER,APPROVED,,,,SYNTHETIC_DEMO,SYNTHETIC_DEMO,SUPPLIED_BY:PRT-015>SUP-034,,,
AS-PRT-016-SUP-006,PRT-016,SUP-006,SUPPLIER,APPROVED,,,,SYNTHETIC_DEMO,SYNTHETIC_DEMO,PS-0026,,,
AS-PRT-016-SUP-009,PRT-016,SUP-009,SUPPLIER,APPROVED,,,,SYNTHETIC_DEMO,SYNTHETIC_DEMO,PS-0025,,,
AS-PRT-016-SUP-038,PRT-016,SUP-038,SUPPLIER,APPROVED,,,,SYNTHETIC_DEMO,SYNTHETIC_DEMO,SUPPLIED_BY:PRT-016>SUP-038,,,
AS-PRT-017-SUP-002,PRT-017,SUP-002,SUPPLIER,APPROVED,,,,SYNTHETIC_DEMO,SYNTHETIC_DEMO,PS-0027,,,
AS-PRT-017-SUP-019,PRT-017,SUP-019,SUPPLIER,APPROVED,,,,SYNTHETIC_DEMO,SYNTHETIC_DEMO,SUPPLIED_BY:PRT-017>SUP-019,,,
AS-PRT-017-SUP-021,PRT-017,SUP-021,SUPPLIER,APPROVED,,,,SYNTHETIC_DEMO,SYNTHETIC_DEMO,SUPPLIED_BY:PRT-017>SUP-021,,,
AS-PRT-017-SUP-027,PRT-017,SUP-027,SUPPLIER,APPROVED,,,,SYNTHETIC_DEMO,SYNTHETIC_DEMO,SUPPLIED_BY:PRT-017>SUP-027,,,
AS-PRT-017-SUP-028,PRT-017,SUP-028,SUPPLIER,APPROVED,,,,SYNTHETIC_DEMO,SYNTHETIC_DEMO,SUPPLIED_BY:PRT-017>SUP-028,,,
AS-PRT-017-SUP-035,PRT-017,SUP-035,SUPPLIER,APPROVED,,,,SYNTHETIC_DEMO,SYNTHETIC_DEMO,SUPPLIED_BY:PRT-017>SUP-035,,,
AS-PRT-017-SUP-038,PRT-017,SUP-038,SUPPLIER,APPROVED,,,,SYNTHETIC_DEMO,SYNTHETIC_DEMO,SUPPLIED_BY:PRT-017>SUP-038,,,
AS-PRT-018-SUP-002,PRT-018,SUP-002,SUPPLIER,APPROVED,,,,SYNTHETIC_DEMO,SYNTHETIC_DEMO,PS-0028,,,
AS-PRT-019-SUP-002,PRT-019,SUP-002,SUPPLIER,APPROVED,,,,SYNTHETIC_DEMO,SYNTHETIC_DEMO,PS-0029,,,
AS-PRT-019-SUP-009,PRT-019,SUP-009,SUPPLIER,APPROVED,,,,SYNTHETIC_DEMO,SYNTHETIC_DEMO,PS-0030,,,
AS-PRT-020-SUP-006,PRT-020,SUP-006,SUPPLIER,APPROVED,,,,SYNTHETIC_DEMO,SYNTHETIC_DEMO,PS-0031,,,
AS-PRT-020-SUP-009,PRT-020,SUP-009,SUPPLIER,APPROVED,,,,SYNTHETIC_DEMO,SYNTHETIC_DEMO,PS-0032,,,
AS-PRT-021-SUP-002,PRT-021,SUP-002,SUPPLIER,APPROVED,,,,SYNTHETIC_DEMO,SYNTHETIC_DEMO,PS-0033,,,
AS-PRT-021-SUP-006,PRT-021,SUP-006,SUPPLIER,APPROVED,,,,SYNTHETIC_DEMO,SYNTHETIC_DEMO,PS-0034,,,
AS-PRT-022-SUP-002,PRT-022,SUP-002,SUPPLIER,APPROVED,,,,SYNTHETIC_DEMO,SYNTHETIC_DEMO,PS-0035,,,
AS-PRT-022-SUP-019,PRT-022,SUP-019,SUPPLIER,APPROVED,,,,SYNTHETIC_DEMO,SYNTHETIC_DEMO,SUPPLIED_BY:PRT-022>SUP-019,,,
AS-PRT-022-SUP-021,PRT-022,SUP-021,SUPPLIER,APPROVED,,,,SYNTHETIC_DEMO,SYNTHETIC_DEMO,SUPPLIED_BY:PRT-022>SUP-021,,,
AS-PRT-022-SUP-024,PRT-022,SUP-024,SUPPLIER,APPROVED,,,,SYNTHETIC_DEMO,SYNTHETIC_DEMO,SUPPLIED_BY:PRT-022>SUP-024,,,
AS-PRT-022-SUP-027,PRT-022,SUP-027,SUPPLIER,APPROVED,,,,SYNTHETIC_DEMO,SYNTHETIC_DEMO,SUPPLIED_BY:PRT-022>SUP-027,,,
AS-PRT-022-SUP-028,PRT-022,SUP-028,SUPPLIER,APPROVED,,,,SYNTHETIC_DEMO,SYNTHETIC_DEMO,SUPPLIED_BY:PRT-022>SUP-028,,,
AS-PRT-022-SUP-035,PRT-022,SUP-035,SUPPLIER,APPROVED,,,,SYNTHETIC_DEMO,SYNTHETIC_DEMO,SUPPLIED_BY:PRT-022>SUP-035,,,
AS-PRT-022-SUP-038,PRT-022,SUP-038,SUPPLIER,APPROVED,,,,SYNTHETIC_DEMO,SYNTHETIC_DEMO,SUPPLIED_BY:PRT-022>SUP-038,,,
AS-PRT-022-SUP-040,PRT-022,SUP-040,SUPPLIER,APPROVED,,,,SYNTHETIC_DEMO,SYNTHETIC_DEMO,SUPPLIED_BY:PRT-022>SUP-040,,,
AS-PRT-023-SUP-002,PRT-023,SUP-002,SUPPLIER,APPROVED,,,,SYNTHETIC_DEMO,SYNTHETIC_DEMO,PS-0036,,,
AS-PRT-023-SUP-006,PRT-023,SUP-006,SUPPLIER,APPROVED,,,,SYNTHETIC_DEMO,SYNTHETIC_DEMO,PS-0037,,,
AS-PRT-024-SUP-009,PRT-024,SUP-009,SUPPLIER,APPROVED,,,,SYNTHETIC_DEMO,SYNTHETIC_DEMO,PS-0038,,,
AS-PRT-024-SUP-013,PRT-024,SUP-013,SUPPLIER,APPROVED,,,,SYNTHETIC_DEMO,SYNTHETIC_DEMO,,,,
AS-PRT-025-SUP-002,PRT-025,SUP-002,SUPPLIER,APPROVED,,,,SYNTHETIC_DEMO,SYNTHETIC_DEMO,PS-0040,,,
AS-PRT-025-SUP-009,PRT-025,SUP-009,SUPPLIER,APPROVED,,,,SYNTHETIC_DEMO,SYNTHETIC_DEMO,PS-0039,,,
AS-PRT-026-SUP-002,PRT-026,SUP-002,SUPPLIER,APPROVED,,,,SYNTHETIC_DEMO,SYNTHETIC_DEMO,PS-0042,,,
AS-PRT-026-SUP-009,PRT-026,SUP-009,SUPPLIER,APPROVED,,,,SYNTHETIC_DEMO,SYNTHETIC_DEMO,PS-0041,,,
AS-PRT-027-SUP-002,PRT-027,SUP-002,SUPPLIER,APPROVED,,,,SYNTHETIC_DEMO,SYNTHETIC_DEMO,PS-0043,,,
AS-PRT-028-SUP-002,PRT-028,SUP-002,SUPPLIER,APPROVED,,,,SYNTHETIC_DEMO,SYNTHETIC_DEMO,PS-0044,,,
AS-PRT-028-SUP-013,PRT-028,SUP-013,SUPPLIER,APPROVED,,,,SYNTHETIC_DEMO,SYNTHETIC_DEMO,SUPPLIED_BY:PRT-028>SUP-013,,,
AS-PRT-028-SUP-017,PRT-028,SUP-017,SUPPLIER,APPROVED,,,,SYNTHETIC_DEMO,SYNTHETIC_DEMO,SUPPLIED_BY:PRT-028>SUP-017,,,
AS-PRT-029-SUP-002,PRT-029,SUP-002,SUPPLIER,APPROVED,,,,SYNTHETIC_DEMO,SYNTHETIC_DEMO,PS-0046,,,
AS-PRT-029-SUP-006,PRT-029,SUP-006,SUPPLIER,APPROVED,,,,SYNTHETIC_DEMO,SYNTHETIC_DEMO,PS-0045,,,
AS-PRT-029-SUP-021,PRT-029,SUP-021,SUPPLIER,APPROVED,,,,SYNTHETIC_DEMO,SYNTHETIC_DEMO,SUPPLIED_BY:PRT-029>SUP-021,,,
AS-PRT-029-SUP-027,PRT-029,SUP-027,SUPPLIER,APPROVED,,,,SYNTHETIC_DEMO,SYNTHETIC_DEMO,SUPPLIED_BY:PRT-029>SUP-027,,,
AS-PRT-029-SUP-028,PRT-029,SUP-028,SUPPLIER,APPROVED,,,,SYNTHETIC_DEMO,SYNTHETIC_DEMO,SUPPLIED_BY:PRT-029>SUP-028,,,
AS-PRT-030-SUP-002,PRT-030,SUP-002,SUPPLIER,APPROVED,,,,SYNTHETIC_DEMO,SYNTHETIC_DEMO,PS-0047,,,
AS-PRT-030-SUP-019,PRT-030,SUP-019,SUPPLIER,APPROVED,,,,SYNTHETIC_DEMO,SYNTHETIC_DEMO,SUPPLIED_BY:PRT-030>SUP-019,,,
AS-PRT-030-SUP-027,PRT-030,SUP-027,SUPPLIER,APPROVED,,,,SYNTHETIC_DEMO,SYNTHETIC_DEMO,SUPPLIED_BY:PRT-030>SUP-027,,,
AS-PRT-030-SUP-028,PRT-030,SUP-028,SUPPLIER,APPROVED,,,,SYNTHETIC_DEMO,SYNTHETIC_DEMO,SUPPLIED_BY:PRT-030>SUP-028,,,
AS-PRT-030-SUP-035,PRT-030,SUP-035,SUPPLIER,APPROVED,,,,SYNTHETIC_DEMO,SYNTHETIC_DEMO,SUPPLIED_BY:PRT-030>SUP-035,,,
AS-PRT-030-SUP-038,PRT-030,SUP-038,SUPPLIER,APPROVED,,,,SYNTHETIC_DEMO,SYNTHETIC_DEMO,SUPPLIED_BY:PRT-030>SUP-038,,,
AS-PRT-031-SUP-010,PRT-031,SUP-010,SUPPLIER,APPROVED,,,,SYNTHETIC_DEMO,SYNTHETIC_DEMO,PS-0048,,,
AS-PRT-031-SUP-014,PRT-031,SUP-014,SUPPLIER,APPROVED,,,,SYNTHETIC_DEMO,SYNTHETIC_DEMO,SUPPLIED_BY:PRT-031>SUP-014,,,
AS-PRT-031-SUP-029,PRT-031,SUP-029,SUPPLIER,APPROVED,,,,SYNTHETIC_DEMO,SYNTHETIC_DEMO,SUPPLIED_BY:PRT-031>SUP-029,,,
AS-PRT-031-SUP-030,PRT-031,SUP-030,SUPPLIER,APPROVED,,,,SYNTHETIC_DEMO,SYNTHETIC_DEMO,SUPPLIED_BY:PRT-031>SUP-030,,,
AS-PRT-032-SUP-003,PRT-032,SUP-003,SUPPLIER,APPROVED,,,,SYNTHETIC_DEMO,SYNTHETIC_DEMO,PS-0049,,,
AS-PRT-032-SUP-030,PRT-032,SUP-030,SUPPLIER,APPROVED,,,,SYNTHETIC_DEMO,SYNTHETIC_DEMO,SUPPLIED_BY:PRT-032>SUP-030,,,
AS-PRT-033-SUP-003,PRT-033,SUP-003,SUPPLIER,APPROVED,,,,SYNTHETIC_DEMO,SYNTHETIC_DEMO,PS-0050,,,
AS-PRT-033-SUP-029,PRT-033,SUP-029,SUPPLIER,APPROVED,,,,SYNTHETIC_DEMO,SYNTHETIC_DEMO,SUPPLIED_BY:PRT-033>SUP-029,,,
AS-PRT-033-SUP-033,PRT-033,SUP-033,SUPPLIER,APPROVED,,,,SYNTHETIC_DEMO,SYNTHETIC_DEMO,SUPPLIED_BY:PRT-033>SUP-033,,,
AS-PRT-033-SUP-037,PRT-033,SUP-037,SUPPLIER,APPROVED,,,,SYNTHETIC_DEMO,SYNTHETIC_DEMO,SUPPLIED_BY:PRT-033>SUP-037,,,
AS-PRT-034-SUP-003,PRT-034,SUP-003,SUPPLIER,APPROVED,,,,SYNTHETIC_DEMO,SYNTHETIC_DEMO,PS-0052,,,
AS-PRT-034-SUP-010,PRT-034,SUP-010,SUPPLIER,APPROVED,,,,SYNTHETIC_DEMO,SYNTHETIC_DEMO,PS-0051,,,
AS-PRT-034-SUP-033,PRT-034,SUP-033,SUPPLIER,APPROVED,,,,SYNTHETIC_DEMO,SYNTHETIC_DEMO,SUPPLIED_BY:PRT-034>SUP-033,,,
AS-PRT-035-SUP-003,PRT-035,SUP-003,SUPPLIER,APPROVED,,,,SYNTHETIC_DEMO,SYNTHETIC_DEMO,PS-0053,,,
AS-PRT-035-SUP-010,PRT-035,SUP-010,SUPPLIER,APPROVED,,,,SYNTHETIC_DEMO,SYNTHETIC_DEMO,PS-0054,,,
AS-PRT-035-SUP-014,PRT-035,SUP-014,SUPPLIER,APPROVED,,,,SYNTHETIC_DEMO,SYNTHETIC_DEMO,SUPPLIED_BY:PRT-035>SUP-014,,,
AS-PRT-035-SUP-028,PRT-035,SUP-028,SUPPLIER,APPROVED,,,,SYNTHETIC_DEMO,SYNTHETIC_DEMO,SUPPLIED_BY:PRT-035>SUP-028,,,
AS-PRT-035-SUP-030,PRT-035,SUP-030,SUPPLIER,APPROVED,,,,SYNTHETIC_DEMO,SYNTHETIC_DEMO,SUPPLIED_BY:PRT-035>SUP-030,,,
AS-PRT-036-SUP-010,PRT-036,SUP-010,SUPPLIER,APPROVED,,,,SYNTHETIC_DEMO,SYNTHETIC_DEMO,PS-0055,,,
AS-PRT-036-SUP-019,PRT-036,SUP-019,SUPPLIER,APPROVED,,,,SYNTHETIC_DEMO,SYNTHETIC_DEMO,SUPPLIED_BY:PRT-036>SUP-019,,,
AS-PRT-036-SUP-028,PRT-036,SUP-028,SUPPLIER,APPROVED,,,,SYNTHETIC_DEMO,SYNTHETIC_DEMO,SUPPLIED_BY:PRT-036>SUP-028,,,
AS-PRT-036-SUP-030,PRT-036,SUP-030,SUPPLIER,APPROVED,,,,SYNTHETIC_DEMO,SYNTHETIC_DEMO,SUPPLIED_BY:PRT-036>SUP-030,,,
AS-PRT-037-SUP-003,PRT-037,SUP-003,SUPPLIER,APPROVED,,,,SYNTHETIC_DEMO,SYNTHETIC_DEMO,PS-0056,,,
AS-PRT-037-SUP-030,PRT-037,SUP-030,SUPPLIER,APPROVED,,,,SYNTHETIC_DEMO,SYNTHETIC_DEMO,SUPPLIED_BY:PRT-037>SUP-030,,,
AS-PRT-038-SUP-003,PRT-038,SUP-003,SUPPLIER,APPROVED,,,,SYNTHETIC_DEMO,SYNTHETIC_DEMO,PS-0057,,,
AS-PRT-038-SUP-014,PRT-038,SUP-014,SUPPLIER,APPROVED,,,,SYNTHETIC_DEMO,SYNTHETIC_DEMO,SUPPLIED_BY:PRT-038>SUP-014,,,
AS-PRT-038-SUP-030,PRT-038,SUP-030,SUPPLIER,APPROVED,,,,SYNTHETIC_DEMO,SYNTHETIC_DEMO,SUPPLIED_BY:PRT-038>SUP-030,,,
AS-PRT-039-SUP-010,PRT-039,SUP-010,SUPPLIER,APPROVED,,,,SYNTHETIC_DEMO,SYNTHETIC_DEMO,PS-0058,,,
AS-PRT-039-SUP-014,PRT-039,SUP-014,SUPPLIER,APPROVED,,,,SYNTHETIC_DEMO,SYNTHETIC_DEMO,SUPPLIED_BY:PRT-039>SUP-014,,,
AS-PRT-039-SUP-030,PRT-039,SUP-030,SUPPLIER,APPROVED,,,,SYNTHETIC_DEMO,SYNTHETIC_DEMO,SUPPLIED_BY:PRT-039>SUP-030,,,
AS-PRT-040-SUP-003,PRT-040,SUP-003,SUPPLIER,APPROVED,,,,SYNTHETIC_DEMO,SYNTHETIC_DEMO,PS-0059,,,
AS-PRT-040-SUP-010,PRT-040,SUP-010,SUPPLIER,APPROVED,,,,SYNTHETIC_DEMO,SYNTHETIC_DEMO,PS-0060,,,
AS-PRT-041-SUP-003,PRT-041,SUP-003,SUPPLIER,APPROVED,,,,SYNTHETIC_DEMO,SYNTHETIC_DEMO,PS-0062,,,
AS-PRT-041-SUP-010,PRT-041,SUP-010,SUPPLIER,APPROVED,,,,SYNTHETIC_DEMO,SYNTHETIC_DEMO,PS-0061,,,
AS-PRT-041-SUP-019,PRT-041,SUP-019,SUPPLIER,APPROVED,,,,SYNTHETIC_DEMO,SYNTHETIC_DEMO,SUPPLIED_BY:PRT-041>SUP-019,,,
AS-PRT-041-SUP-020,PRT-041,SUP-020,SUPPLIER,APPROVED,,,,SYNTHETIC_DEMO,SYNTHETIC_DEMO,SUPPLIED_BY:PRT-041>SUP-020,,,
AS-PRT-041-SUP-027,PRT-041,SUP-027,SUPPLIER,APPROVED,,,,SYNTHETIC_DEMO,SYNTHETIC_DEMO,SUPPLIED_BY:PRT-041>SUP-027,,,
AS-PRT-041-SUP-029,PRT-041,SUP-029,SUPPLIER,APPROVED,,,,SYNTHETIC_DEMO,SYNTHETIC_DEMO,SUPPLIED_BY:PRT-041>SUP-029,,,
AS-PRT-041-SUP-030,PRT-041,SUP-030,SUPPLIER,APPROVED,,,,SYNTHETIC_DEMO,SYNTHETIC_DEMO,SUPPLIED_BY:PRT-041>SUP-030,,,
AS-PRT-041-SUP-035,PRT-041,SUP-035,SUPPLIER,APPROVED,,,,SYNTHETIC_DEMO,SYNTHETIC_DEMO,SUPPLIED_BY:PRT-041>SUP-035,,,
AS-PRT-041-SUP-036,PRT-041,SUP-036,SUPPLIER,APPROVED,,,,SYNTHETIC_DEMO,SYNTHETIC_DEMO,SUPPLIED_BY:PRT-041>SUP-036,,,
AS-PRT-042-SUP-003,PRT-042,SUP-003,SUPPLIER,APPROVED,,,,SYNTHETIC_DEMO,SYNTHETIC_DEMO,PS-0063,,,
AS-PRT-042-SUP-010,PRT-042,SUP-010,SUPPLIER,APPROVED,,,,SYNTHETIC_DEMO,SYNTHETIC_DEMO,PS-0064,,,
AS-PRT-042-SUP-032,PRT-042,SUP-032,SUPPLIER,APPROVED,,,,SYNTHETIC_DEMO,SYNTHETIC_DEMO,SUPPLIED_BY:PRT-042>SUP-032,,,
AS-PRT-043-SUP-009,PRT-043,SUP-009,SUPPLIER,APPROVED,,,,SYNTHETIC_DEMO,SYNTHETIC_DEMO,PS-0066,,,
AS-PRT-043-SUP-012,PRT-043,SUP-012,SUPPLIER,APPROVED,,,,SYNTHETIC_DEMO,SYNTHETIC_DEMO,PS-0065,,,
AS-PRT-043-SUP-024,PRT-043,SUP-024,SUPPLIER,APPROVED,,,,SYNTHETIC_DEMO,SYNTHETIC_DEMO,SUPPLIED_BY:PRT-043>SUP-024,,,
AS-PRT-043-SUP-040,PRT-043,SUP-040,SUPPLIER,APPROVED,,,,SYNTHETIC_DEMO,SYNTHETIC_DEMO,SUPPLIED_BY:PRT-043>SUP-040,,,
AS-PRT-044-SUP-009,PRT-044,SUP-009,SUPPLIER,APPROVED,,,,SYNTHETIC_DEMO,SYNTHETIC_DEMO,PS-0067,,,
AS-PRT-044-SUP-012,PRT-044,SUP-012,SUPPLIER,APPROVED,,,,SYNTHETIC_DEMO,SYNTHETIC_DEMO,PS-0068,,,
AS-PRT-044-SUP-029,PRT-044,SUP-029,SUPPLIER,APPROVED,,,,SYNTHETIC_DEMO,SYNTHETIC_DEMO,SUPPLIED_BY:PRT-044>SUP-029,,,
AS-PRT-044-SUP-034,PRT-044,SUP-034,SUPPLIER,APPROVED,,,,SYNTHETIC_DEMO,SYNTHETIC_DEMO,SUPPLIED_BY:PRT-044>SUP-034,,,
AS-PRT-045-SUP-004,PRT-045,SUP-004,SUPPLIER,APPROVED,,,,SYNTHETIC_DEMO,SYNTHETIC_DEMO,PS-0070,,,
AS-PRT-045-SUP-012,PRT-045,SUP-012,SUPPLIER,APPROVED,,,,SYNTHETIC_DEMO,SYNTHETIC_DEMO,PS-0069,,,
AS-PRT-045-SUP-026,PRT-045,SUP-026,SUPPLIER,APPROVED,,,,SYNTHETIC_DEMO,SYNTHETIC_DEMO,SUPPLIED_BY:PRT-045>SUP-026,,,
AS-PRT-045-SUP-034,PRT-045,SUP-034,SUPPLIER,APPROVED,,,,SYNTHETIC_DEMO,SYNTHETIC_DEMO,SUPPLIED_BY:PRT-045>SUP-034,,,
AS-PRT-046-SUP-012,PRT-046,SUP-012,SUPPLIER,APPROVED,,,,SYNTHETIC_DEMO,SYNTHETIC_DEMO,PS-0071,,,
AS-PRT-046-SUP-014,PRT-046,SUP-014,SUPPLIER,APPROVED,,,,SYNTHETIC_DEMO,SYNTHETIC_DEMO,SUPPLIED_BY:PRT-046>SUP-014,,,
AS-PRT-046-SUP-018,PRT-046,SUP-018,SUPPLIER,APPROVED,,,,SYNTHETIC_DEMO,SYNTHETIC_DEMO,SUPPLIED_BY:PRT-046>SUP-018,,,
AS-PRT-046-SUP-029,PRT-046,SUP-029,SUPPLIER,APPROVED,,,,SYNTHETIC_DEMO,SYNTHETIC_DEMO,SUPPLIED_BY:PRT-046>SUP-029,,,
AS-PRT-046-SUP-034,PRT-046,SUP-034,SUPPLIER,APPROVED,,,,SYNTHETIC_DEMO,SYNTHETIC_DEMO,SUPPLIED_BY:PRT-046>SUP-034,,,
AS-PRT-046-SUP-037,PRT-046,SUP-037,SUPPLIER,APPROVED,,,,SYNTHETIC_DEMO,SYNTHETIC_DEMO,SUPPLIED_BY:PRT-046>SUP-037,,,
AS-PRT-047-SUP-012,PRT-047,SUP-012,SUPPLIER,APPROVED,,,,SYNTHETIC_DEMO,SYNTHETIC_DEMO,PS-0072,,,
AS-PRT-047-SUP-014,PRT-047,SUP-014,SUPPLIER,APPROVED,,,,SYNTHETIC_DEMO,SYNTHETIC_DEMO,SUPPLIED_BY:PRT-047>SUP-014,,,
AS-PRT-047-SUP-016,PRT-047,SUP-016,SUPPLIER,APPROVED,,,,SYNTHETIC_DEMO,SYNTHETIC_DEMO,SUPPLIED_BY:PRT-047>SUP-016,,,
AS-PRT-047-SUP-017,PRT-047,SUP-017,SUPPLIER,APPROVED,,,,SYNTHETIC_DEMO,SYNTHETIC_DEMO,SUPPLIED_BY:PRT-047>SUP-017,,,
AS-PRT-047-SUP-018,PRT-047,SUP-018,SUPPLIER,APPROVED,,,,SYNTHETIC_DEMO,SYNTHETIC_DEMO,SUPPLIED_BY:PRT-047>SUP-018,,,
AS-PRT-047-SUP-024,PRT-047,SUP-024,SUPPLIER,APPROVED,,,,SYNTHETIC_DEMO,SYNTHETIC_DEMO,SUPPLIED_BY:PRT-047>SUP-024,,,
AS-PRT-047-SUP-029,PRT-047,SUP-029,SUPPLIER,APPROVED,,,,SYNTHETIC_DEMO,SYNTHETIC_DEMO,SUPPLIED_BY:PRT-047>SUP-029,,,
AS-PRT-047-SUP-034,PRT-047,SUP-034,SUPPLIER,APPROVED,,,,SYNTHETIC_DEMO,SYNTHETIC_DEMO,SUPPLIED_BY:PRT-047>SUP-034,,,
AS-PRT-047-SUP-037,PRT-047,SUP-037,SUPPLIER,APPROVED,,,,SYNTHETIC_DEMO,SYNTHETIC_DEMO,SUPPLIED_BY:PRT-047>SUP-037,,,
AS-PRT-047-SUP-040,PRT-047,SUP-040,SUPPLIER,APPROVED,,,,SYNTHETIC_DEMO,SYNTHETIC_DEMO,SUPPLIED_BY:PRT-047>SUP-040,,,
AS-PRT-048-SUP-004,PRT-048,SUP-004,SUPPLIER,APPROVED,,,,SYNTHETIC_DEMO,SYNTHETIC_DEMO,PS-0073,,,
AS-PRT-048-SUP-009,PRT-048,SUP-009,SUPPLIER,APPROVED,,,,SYNTHETIC_DEMO,SYNTHETIC_DEMO,PS-0074,,,
AS-PRT-048-SUP-029,PRT-048,SUP-029,SUPPLIER,APPROVED,,,,SYNTHETIC_DEMO,SYNTHETIC_DEMO,SUPPLIED_BY:PRT-048>SUP-029,,,
AS-PRT-049-SUP-004,PRT-049,SUP-004,SUPPLIER,APPROVED,,,,SYNTHETIC_DEMO,SYNTHETIC_DEMO,PS-0076,,,
AS-PRT-049-SUP-012,PRT-049,SUP-012,SUPPLIER,APPROVED,,,,SYNTHETIC_DEMO,SYNTHETIC_DEMO,PS-0075,,,
AS-PRT-049-SUP-014,PRT-049,SUP-014,SUPPLIER,APPROVED,,,,SYNTHETIC_DEMO,SYNTHETIC_DEMO,SUPPLIED_BY:PRT-049>SUP-014,,,
AS-PRT-049-SUP-016,PRT-049,SUP-016,SUPPLIER,APPROVED,,,,SYNTHETIC_DEMO,SYNTHETIC_DEMO,SUPPLIED_BY:PRT-049>SUP-016,,,
AS-PRT-049-SUP-017,PRT-049,SUP-017,SUPPLIER,APPROVED,,,,SYNTHETIC_DEMO,SYNTHETIC_DEMO,SUPPLIED_BY:PRT-049>SUP-017,,,
AS-PRT-049-SUP-018,PRT-049,SUP-018,SUPPLIER,APPROVED,,,,SYNTHETIC_DEMO,SYNTHETIC_DEMO,SUPPLIED_BY:PRT-049>SUP-018,,,
AS-PRT-049-SUP-029,PRT-049,SUP-029,SUPPLIER,APPROVED,,,,SYNTHETIC_DEMO,SYNTHETIC_DEMO,SUPPLIED_BY:PRT-049>SUP-029,,,
AS-PRT-049-SUP-034,PRT-049,SUP-034,SUPPLIER,APPROVED,,,,SYNTHETIC_DEMO,SYNTHETIC_DEMO,SUPPLIED_BY:PRT-049>SUP-034,,,
AS-PRT-049-SUP-037,PRT-049,SUP-037,SUPPLIER,APPROVED,,,,SYNTHETIC_DEMO,SYNTHETIC_DEMO,SUPPLIED_BY:PRT-049>SUP-037,,,
AS-PRT-050-SUP-009,PRT-050,SUP-009,SUPPLIER,APPROVED,,,,SYNTHETIC_DEMO,SYNTHETIC_DEMO,PS-0077,,,
AS-PRT-050-SUP-014,PRT-050,SUP-014,SUPPLIER,APPROVED,,,,SYNTHETIC_DEMO,SYNTHETIC_DEMO,SUPPLIED_BY:PRT-050>SUP-014,,,
AS-PRT-050-SUP-018,PRT-050,SUP-018,SUPPLIER,APPROVED,,,,SYNTHETIC_DEMO,SYNTHETIC_DEMO,SUPPLIED_BY:PRT-050>SUP-018,,,
AS-PRT-050-SUP-029,PRT-050,SUP-029,SUPPLIER,APPROVED,,,,SYNTHETIC_DEMO,SYNTHETIC_DEMO,SUPPLIED_BY:PRT-050>SUP-029,,,
AS-PRT-050-SUP-034,PRT-050,SUP-034,SUPPLIER,APPROVED,,,,SYNTHETIC_DEMO,SYNTHETIC_DEMO,SUPPLIED_BY:PRT-050>SUP-034,,,
AS-PRT-050-SUP-037,PRT-050,SUP-037,SUPPLIER,APPROVED,,,,SYNTHETIC_DEMO,SYNTHETIC_DEMO,SUPPLIED_BY:PRT-050>SUP-037,,,
AS-PRT-051-SUP-009,PRT-051,SUP-009,SUPPLIER,APPROVED,,,,SYNTHETIC_DEMO,SYNTHETIC_DEMO,PS-0078,,,
AS-PRT-051-SUP-016,PRT-051,SUP-016,SUPPLIER,APPROVED,,,,SYNTHETIC_DEMO,SYNTHETIC_DEMO,SUPPLIED_BY:PRT-051>SUP-016,,,
AS-PRT-051-SUP-017,PRT-051,SUP-017,SUPPLIER,APPROVED,,,,SYNTHETIC_DEMO,SYNTHETIC_DEMO,SUPPLIED_BY:PRT-051>SUP-017,,,
AS-PRT-051-SUP-018,PRT-051,SUP-018,SUPPLIER,APPROVED,,,,SYNTHETIC_DEMO,SYNTHETIC_DEMO,SUPPLIED_BY:PRT-051>SUP-018,,,
AS-PRT-051-SUP-029,PRT-051,SUP-029,SUPPLIER,APPROVED,,,,SYNTHETIC_DEMO,SYNTHETIC_DEMO,SUPPLIED_BY:PRT-051>SUP-029,,,
AS-PRT-051-SUP-034,PRT-051,SUP-034,SUPPLIER,APPROVED,,,,SYNTHETIC_DEMO,SYNTHETIC_DEMO,SUPPLIED_BY:PRT-051>SUP-034,,,
AS-PRT-051-SUP-037,PRT-051,SUP-037,SUPPLIER,APPROVED,,,,SYNTHETIC_DEMO,SYNTHETIC_DEMO,SUPPLIED_BY:PRT-051>SUP-037,,,
AS-PRT-052-SUP-012,PRT-052,SUP-012,SUPPLIER,APPROVED,,,,SYNTHETIC_DEMO,SYNTHETIC_DEMO,PS-0079,,,
AS-PRT-052-SUP-029,PRT-052,SUP-029,SUPPLIER,APPROVED,,,,SYNTHETIC_DEMO,SYNTHETIC_DEMO,SUPPLIED_BY:PRT-052>SUP-029,,,
AS-PRT-052-SUP-034,PRT-052,SUP-034,SUPPLIER,APPROVED,,,,SYNTHETIC_DEMO,SYNTHETIC_DEMO,SUPPLIED_BY:PRT-052>SUP-034,,,
AS-PRT-053-SUP-004,PRT-053,SUP-004,SUPPLIER,APPROVED,,,,SYNTHETIC_DEMO,SYNTHETIC_DEMO,PS-0081,,,
AS-PRT-053-SUP-009,PRT-053,SUP-009,SUPPLIER,APPROVED,,,,SYNTHETIC_DEMO,SYNTHETIC_DEMO,PS-0080,,,
AS-PRT-053-SUP-014,PRT-053,SUP-014,SUPPLIER,APPROVED,,,,SYNTHETIC_DEMO,SYNTHETIC_DEMO,SUPPLIED_BY:PRT-053>SUP-014,,,
AS-PRT-053-SUP-016,PRT-053,SUP-016,SUPPLIER,APPROVED,,,,SYNTHETIC_DEMO,SYNTHETIC_DEMO,SUPPLIED_BY:PRT-053>SUP-016,,,
AS-PRT-053-SUP-017,PRT-053,SUP-017,SUPPLIER,APPROVED,,,,SYNTHETIC_DEMO,SYNTHETIC_DEMO,SUPPLIED_BY:PRT-053>SUP-017,,,
AS-PRT-053-SUP-018,PRT-053,SUP-018,SUPPLIER,APPROVED,,,,SYNTHETIC_DEMO,SYNTHETIC_DEMO,SUPPLIED_BY:PRT-053>SUP-018,,,
AS-PRT-053-SUP-031,PRT-053,SUP-031,SUPPLIER,APPROVED,,,,SYNTHETIC_DEMO,SYNTHETIC_DEMO,SUPPLIED_BY:PRT-053>SUP-031,,,
AS-PRT-053-SUP-037,PRT-053,SUP-037,SUPPLIER,APPROVED,,,,SYNTHETIC_DEMO,SYNTHETIC_DEMO,SUPPLIED_BY:PRT-053>SUP-037,,,
AS-PRT-054-SUP-004,PRT-054,SUP-004,SUPPLIER,APPROVED,,,,SYNTHETIC_DEMO,SYNTHETIC_DEMO,PS-0083,,,
AS-PRT-054-SUP-009,PRT-054,SUP-009,SUPPLIER,APPROVED,,,,SYNTHETIC_DEMO,SYNTHETIC_DEMO,PS-0082,,,
AS-PRT-054-SUP-026,PRT-054,SUP-026,SUPPLIER,APPROVED,,,,SYNTHETIC_DEMO,SYNTHETIC_DEMO,SUPPLIED_BY:PRT-054>SUP-026,,,
AS-PRT-054-SUP-029,PRT-054,SUP-029,SUPPLIER,APPROVED,,,,SYNTHETIC_DEMO,SYNTHETIC_DEMO,SUPPLIED_BY:PRT-054>SUP-029,,,
AS-PRT-054-SUP-034,PRT-054,SUP-034,SUPPLIER,APPROVED,,,,SYNTHETIC_DEMO,SYNTHETIC_DEMO,SUPPLIED_BY:PRT-054>SUP-034,,,
AS-PRT-055-SUP-004,PRT-055,SUP-004,SUPPLIER,APPROVED,,,,SYNTHETIC_DEMO,SYNTHETIC_DEMO,PS-0085,,,
AS-PRT-055-SUP-009,PRT-055,SUP-009,SUPPLIER,APPROVED,,,,SYNTHETIC_DEMO,SYNTHETIC_DEMO,PS-0084,,,
AS-PRT-055-SUP-018,PRT-055,SUP-018,SUPPLIER,APPROVED,,,,SYNTHETIC_DEMO,SYNTHETIC_DEMO,SUPPLIED_BY:PRT-055>SUP-018,,,
AS-PRT-055-SUP-029,PRT-055,SUP-029,SUPPLIER,APPROVED,,,,SYNTHETIC_DEMO,SYNTHETIC_DEMO,SUPPLIED_BY:PRT-055>SUP-029,,,
AS-PRT-056-SUP-004,PRT-056,SUP-004,SUPPLIER,APPROVED,,,,SYNTHETIC_DEMO,SYNTHETIC_DEMO,PS-0086,,,
AS-PRT-056-SUP-009,PRT-056,SUP-009,SUPPLIER,APPROVED,,,,SYNTHETIC_DEMO,SYNTHETIC_DEMO,PS-0087,,,
AS-PRT-056-SUP-016,PRT-056,SUP-016,SUPPLIER,APPROVED,,,,SYNTHETIC_DEMO,SYNTHETIC_DEMO,SUPPLIED_BY:PRT-056>SUP-016,,,
AS-PRT-056-SUP-018,PRT-056,SUP-018,SUPPLIER,APPROVED,,,,SYNTHETIC_DEMO,SYNTHETIC_DEMO,SUPPLIED_BY:PRT-056>SUP-018,,,
AS-PRT-056-SUP-029,PRT-056,SUP-029,SUPPLIER,APPROVED,,,,SYNTHETIC_DEMO,SYNTHETIC_DEMO,SUPPLIED_BY:PRT-056>SUP-029,,,
AS-PRT-056-SUP-034,PRT-056,SUP-034,SUPPLIER,APPROVED,,,,SYNTHETIC_DEMO,SYNTHETIC_DEMO,SUPPLIED_BY:PRT-056>SUP-034,,,
AS-PRT-056-SUP-040,PRT-056,SUP-040,SUPPLIER,APPROVED,,,,SYNTHETIC_DEMO,SYNTHETIC_DEMO,SUPPLIED_BY:PRT-056>SUP-040,,,
AS-PRT-057-SUP-009,PRT-057,SUP-009,SUPPLIER,APPROVED,,,,SYNTHETIC_DEMO,SYNTHETIC_DEMO,PS-0088,,,
AS-PRT-057-SUP-012,PRT-057,SUP-012,SUPPLIER,APPROVED,,,,SYNTHETIC_DEMO,SYNTHETIC_DEMO,PS-0089,,,
AS-PRT-057-SUP-014,PRT-057,SUP-014,SUPPLIER,APPROVED,,,,SYNTHETIC_DEMO,SYNTHETIC_DEMO,SUPPLIED_BY:PRT-057>SUP-014,,,
AS-PRT-057-SUP-016,PRT-057,SUP-016,SUPPLIER,APPROVED,,,,SYNTHETIC_DEMO,SYNTHETIC_DEMO,SUPPLIED_BY:PRT-057>SUP-016,,,
AS-PRT-057-SUP-026,PRT-057,SUP-026,SUPPLIER,APPROVED,,,,SYNTHETIC_DEMO,SYNTHETIC_DEMO,SUPPLIED_BY:PRT-057>SUP-026,,,
AS-PRT-057-SUP-029,PRT-057,SUP-029,SUPPLIER,APPROVED,,,,SYNTHETIC_DEMO,SYNTHETIC_DEMO,SUPPLIED_BY:PRT-057>SUP-029,,,
AS-PRT-057-SUP-034,PRT-057,SUP-034,SUPPLIER,APPROVED,,,,SYNTHETIC_DEMO,SYNTHETIC_DEMO,SUPPLIED_BY:PRT-057>SUP-034,,,
AS-PRT-058-SUP-005,PRT-058,SUP-005,SUPPLIER,APPROVED,,,,SYNTHETIC_DEMO,SYNTHETIC_DEMO,PS-0091,,,
AS-PRT-058-SUP-007,PRT-058,SUP-007,SUPPLIER,APPROVED,,,,SYNTHETIC_DEMO,SYNTHETIC_DEMO,PS-0090,,,
AS-PRT-059-SUP-005,PRT-059,SUP-005,SUPPLIER,APPROVED,,,,SYNTHETIC_DEMO,SYNTHETIC_DEMO,PS-0093,,,
AS-PRT-059-SUP-007,PRT-059,SUP-007,SUPPLIER,APPROVED,,,,SYNTHETIC_DEMO,SYNTHETIC_DEMO,PS-0092,,,
AS-PRT-060-SUP-005,PRT-060,SUP-005,SUPPLIER,APPROVED,,,,SYNTHETIC_DEMO,SYNTHETIC_DEMO,,,,
AS-PRT-060-SUP-007,PRT-060,SUP-007,SUPPLIER,APPROVED,,,,SYNTHETIC_DEMO,SYNTHETIC_DEMO,PS-0094,,,
AS-PRT-061-SUP-005,PRT-061,SUP-005,SUPPLIER,APPROVED,,,,SYNTHETIC_DEMO,SYNTHETIC_DEMO,PS-0095,,,
AS-PRT-061-SUP-007,PRT-061,SUP-007,SUPPLIER,APPROVED,,,,SYNTHETIC_DEMO,SYNTHETIC_DEMO,PS-0096,,,
AS-PRT-062-SUP-005,PRT-062,SUP-005,SUPPLIER,APPROVED,,,,SYNTHETIC_DEMO,SYNTHETIC_DEMO,PS-0097,,,
AS-PRT-062-SUP-007,PRT-062,SUP-007,SUPPLIER,APPROVED,,,,SYNTHETIC_DEMO,SYNTHETIC_DEMO,PS-0098,,,
AS-PRT-063-SUP-005,PRT-063,SUP-005,SUPPLIER,APPROVED,,,,SYNTHETIC_DEMO,SYNTHETIC_DEMO,PS-0099,,,
AS-PRT-063-SUP-007,PRT-063,SUP-007,SUPPLIER,APPROVED,,,,SYNTHETIC_DEMO,SYNTHETIC_DEMO,PS-0100,,,
AS-PRT-064-SUP-005,PRT-064,SUP-005,SUPPLIER,APPROVED,,,,SYNTHETIC_DEMO,SYNTHETIC_DEMO,PS-0102,,,
AS-PRT-064-SUP-007,PRT-064,SUP-007,SUPPLIER,APPROVED,,,,SYNTHETIC_DEMO,SYNTHETIC_DEMO,PS-0101,,,
AS-PRT-065-SUP-005,PRT-065,SUP-005,SUPPLIER,APPROVED,,,,SYNTHETIC_DEMO,SYNTHETIC_DEMO,,,,
AS-PRT-065-SUP-007,PRT-065,SUP-007,SUPPLIER,APPROVED,,,,SYNTHETIC_DEMO,SYNTHETIC_DEMO,PS-0103,,,
AS-PRT-066-SUP-006,PRT-066,SUP-006,SUPPLIER,APPROVED,,,,SYNTHETIC_DEMO,SYNTHETIC_DEMO,PS-0104,,,
AS-PRT-066-SUP-022,PRT-066,SUP-022,SUPPLIER,APPROVED,,,,SYNTHETIC_DEMO,SYNTHETIC_DEMO,SUPPLIED_BY:PRT-066>SUP-022,,,
AS-PRT-066-SUP-031,PRT-066,SUP-031,SUPPLIER,APPROVED,,,,SYNTHETIC_DEMO,SYNTHETIC_DEMO,SUPPLIED_BY:PRT-066>SUP-031,,,
AS-PRT-067-SUP-006,PRT-067,SUP-006,SUPPLIER,APPROVED,,,,SYNTHETIC_DEMO,SYNTHETIC_DEMO,PS-0105,,,
AS-PRT-067-SUP-020,PRT-067,SUP-020,SUPPLIER,APPROVED,,,,SYNTHETIC_DEMO,SYNTHETIC_DEMO,SUPPLIED_BY:PRT-067>SUP-020,,,
AS-PRT-067-SUP-022,PRT-067,SUP-022,SUPPLIER,APPROVED,,,,SYNTHETIC_DEMO,SYNTHETIC_DEMO,SUPPLIED_BY:PRT-067>SUP-022,,,
AS-PRT-068-SUP-006,PRT-068,SUP-006,SUPPLIER,APPROVED,,,,SYNTHETIC_DEMO,SYNTHETIC_DEMO,PS-0106,,,
AS-PRT-068-SUP-020,PRT-068,SUP-020,SUPPLIER,APPROVED,,,,SYNTHETIC_DEMO,SYNTHETIC_DEMO,SUPPLIED_BY:PRT-068>SUP-020,,,
AS-PRT-068-SUP-022,PRT-068,SUP-022,SUPPLIER,APPROVED,,,,SYNTHETIC_DEMO,SYNTHETIC_DEMO,SUPPLIED_BY:PRT-068>SUP-022,,,
AS-PRT-068-SUP-031,PRT-068,SUP-031,SUPPLIER,APPROVED,,,,SYNTHETIC_DEMO,SYNTHETIC_DEMO,SUPPLIED_BY:PRT-068>SUP-031,,,
AS-PRT-069-SUP-002,PRT-069,SUP-002,SUPPLIER,APPROVED,,,,SYNTHETIC_DEMO,SYNTHETIC_DEMO,PS-0107,,,
AS-PRT-069-SUP-006,PRT-069,SUP-006,SUPPLIER,APPROVED,,,,SYNTHETIC_DEMO,SYNTHETIC_DEMO,PS-0108,,,
AS-PRT-069-SUP-022,PRT-069,SUP-022,SUPPLIER,APPROVED,,,,SYNTHETIC_DEMO,SYNTHETIC_DEMO,SUPPLIED_BY:PRT-069>SUP-022,,,
AS-PRT-069-SUP-031,PRT-069,SUP-031,SUPPLIER,APPROVED,,,,SYNTHETIC_DEMO,SYNTHETIC_DEMO,SUPPLIED_BY:PRT-069>SUP-031,,,
AS-PRT-070-SUP-002,PRT-070,SUP-002,SUPPLIER,APPROVED,,,,SYNTHETIC_DEMO,SYNTHETIC_DEMO,PS-0110,,,
AS-PRT-070-SUP-006,PRT-070,SUP-006,SUPPLIER,APPROVED,,,,SYNTHETIC_DEMO,SYNTHETIC_DEMO,PS-0109,,,
AS-PRT-070-SUP-020,PRT-070,SUP-020,SUPPLIER,APPROVED,,,,SYNTHETIC_DEMO,SYNTHETIC_DEMO,SUPPLIED_BY:PRT-070>SUP-020,,,
AS-PRT-070-SUP-022,PRT-070,SUP-022,SUPPLIER,APPROVED,,,,SYNTHETIC_DEMO,SYNTHETIC_DEMO,SUPPLIED_BY:PRT-070>SUP-022,,,
AS-PRT-070-SUP-031,PRT-070,SUP-031,SUPPLIER,APPROVED,,,,SYNTHETIC_DEMO,SYNTHETIC_DEMO,SUPPLIED_BY:PRT-070>SUP-031,,,
AS-PRT-071-SUP-002,PRT-071,SUP-002,SUPPLIER,APPROVED,,,,SYNTHETIC_DEMO,SYNTHETIC_DEMO,PS-0112,,,
AS-PRT-071-SUP-006,PRT-071,SUP-006,SUPPLIER,APPROVED,,,,SYNTHETIC_DEMO,SYNTHETIC_DEMO,PS-0111,,,
AS-PRT-071-SUP-020,PRT-071,SUP-020,SUPPLIER,APPROVED,,,,SYNTHETIC_DEMO,SYNTHETIC_DEMO,SUPPLIED_BY:PRT-071>SUP-020,,,
AS-PRT-071-SUP-022,PRT-071,SUP-022,SUPPLIER,APPROVED,,,,SYNTHETIC_DEMO,SYNTHETIC_DEMO,SUPPLIED_BY:PRT-071>SUP-022,,,
AS-PRT-072-SUP-002,PRT-072,SUP-002,SUPPLIER,APPROVED,,,,SYNTHETIC_DEMO,SYNTHETIC_DEMO,PS-0113,,,
AS-PRT-072-SUP-031,PRT-072,SUP-031,SUPPLIER,APPROVED,,,,SYNTHETIC_DEMO,SYNTHETIC_DEMO,SUPPLIED_BY:PRT-072>SUP-031,,,
AS-PRT-073-SUP-002,PRT-073,SUP-002,SUPPLIER,APPROVED,,,,SYNTHETIC_DEMO,SYNTHETIC_DEMO,PS-0115,,,
AS-PRT-073-SUP-006,PRT-073,SUP-006,SUPPLIER,APPROVED,,,,SYNTHETIC_DEMO,SYNTHETIC_DEMO,PS-0114,,,
AS-PRT-073-SUP-020,PRT-073,SUP-020,SUPPLIER,APPROVED,,,,SYNTHETIC_DEMO,SYNTHETIC_DEMO,SUPPLIED_BY:PRT-073>SUP-020,,,
AS-PRT-073-SUP-022,PRT-073,SUP-022,SUPPLIER,APPROVED,,,,SYNTHETIC_DEMO,SYNTHETIC_DEMO,SUPPLIED_BY:PRT-073>SUP-022,,,
AS-PRT-074-SUP-007,PRT-074,SUP-007,SUPPLIER,APPROVED,,,,SYNTHETIC_DEMO,SYNTHETIC_DEMO,PS-0116,,,
AS-PRT-074-SUP-011,PRT-074,SUP-011,SUPPLIER,APPROVED,,,,SYNTHETIC_DEMO,SYNTHETIC_DEMO,PS-0117,,,
AS-PRT-075-SUP-007,PRT-075,SUP-007,SUPPLIER,APPROVED,,,,SYNTHETIC_DEMO,SYNTHETIC_DEMO,PS-0118,,,
AS-PRT-075-SUP-011,PRT-075,SUP-011,SUPPLIER,APPROVED,,,,SYNTHETIC_DEMO,SYNTHETIC_DEMO,PS-0119,,,
AS-PRT-076-SUP-007,PRT-076,SUP-007,SUPPLIER,APPROVED,,,,SYNTHETIC_DEMO,SYNTHETIC_DEMO,PS-0120,,,
AS-PRT-076-SUP-011,PRT-076,SUP-011,SUPPLIER,APPROVED,,,,SYNTHETIC_DEMO,SYNTHETIC_DEMO,PS-0121,,,
AS-PRT-077-SUP-011,PRT-077,SUP-011,SUPPLIER,APPROVED,,,,SYNTHETIC_DEMO,SYNTHETIC_DEMO,PS-0122,,,
AS-PRT-077-SUP-032,PRT-077,SUP-032,SUPPLIER,APPROVED,,,,SYNTHETIC_DEMO,SYNTHETIC_DEMO,,,,
AS-PRT-078-SUP-007,PRT-078,SUP-007,SUPPLIER,APPROVED,,,,SYNTHETIC_DEMO,SYNTHETIC_DEMO,PS-0123,,,
AS-PRT-078-SUP-032,PRT-078,SUP-032,SUPPLIER,APPROVED,,,,SYNTHETIC_DEMO,SYNTHETIC_DEMO,,,,
AS-PRT-079-SUP-007,PRT-079,SUP-007,SUPPLIER,APPROVED,,,,SYNTHETIC_DEMO,SYNTHETIC_DEMO,PS-0124,,,
AS-PRT-079-SUP-011,PRT-079,SUP-011,SUPPLIER,APPROVED,,,,SYNTHETIC_DEMO,SYNTHETIC_DEMO,PS-0125,,,
AS-PRT-080-SUP-003,PRT-080,SUP-003,SUPPLIER,APPROVED,,,,SYNTHETIC_DEMO,SYNTHETIC_DEMO,PS-0126,,,
AS-PRT-080-SUP-010,PRT-080,SUP-010,SUPPLIER,APPROVED,,,,SYNTHETIC_DEMO,SYNTHETIC_DEMO,PS-0127,,,
AS-PRT-081-SUP-003,PRT-081,SUP-003,SUPPLIER,APPROVED,,,,SYNTHETIC_DEMO,SYNTHETIC_DEMO,PS-0128,,,
AS-PRT-081-SUP-019,PRT-081,SUP-019,SUPPLIER,APPROVED,,,,SYNTHETIC_DEMO,SYNTHETIC_DEMO,SUPPLIED_BY:PRT-081>SUP-019,,,
AS-PRT-081-SUP-020,PRT-081,SUP-020,SUPPLIER,APPROVED,,,,SYNTHETIC_DEMO,SYNTHETIC_DEMO,SUPPLIED_BY:PRT-081>SUP-020,,,
AS-PRT-081-SUP-035,PRT-081,SUP-035,SUPPLIER,APPROVED,,,,SYNTHETIC_DEMO,SYNTHETIC_DEMO,SUPPLIED_BY:PRT-081>SUP-035,,,
AS-PRT-081-SUP-036,PRT-081,SUP-036,SUPPLIER,APPROVED,,,,SYNTHETIC_DEMO,SYNTHETIC_DEMO,SUPPLIED_BY:PRT-081>SUP-036,,,
AS-PRT-082-SUP-010,PRT-082,SUP-010,SUPPLIER,APPROVED,,,,SYNTHETIC_DEMO,SYNTHETIC_DEMO,PS-0129,,,
AS-PRT-082-SUP-019,PRT-082,SUP-019,SUPPLIER,APPROVED,,,,SYNTHETIC_DEMO,SYNTHETIC_DEMO,SUPPLIED_BY:PRT-082>SUP-019,,,
AS-PRT-082-SUP-023,PRT-082,SUP-023,SUPPLIER,APPROVED,,,,SYNTHETIC_DEMO,SYNTHETIC_DEMO,SUPPLIED_BY:PRT-082>SUP-023,,,
AS-PRT-082-SUP-027,PRT-082,SUP-027,SUPPLIER,APPROVED,,,,SYNTHETIC_DEMO,SYNTHETIC_DEMO,SUPPLIED_BY:PRT-082>SUP-027,,,
AS-PRT-082-SUP-030,PRT-082,SUP-030,SUPPLIER,APPROVED,,,,SYNTHETIC_DEMO,SYNTHETIC_DEMO,SUPPLIED_BY:PRT-082>SUP-030,,,
AS-PRT-082-SUP-035,PRT-082,SUP-035,SUPPLIER,APPROVED,,,,SYNTHETIC_DEMO,SYNTHETIC_DEMO,SUPPLIED_BY:PRT-082>SUP-035,,,
AS-PRT-083-SUP-003,PRT-083,SUP-003,SUPPLIER,APPROVED,,,,SYNTHETIC_DEMO,SYNTHETIC_DEMO,PS-0131,,,
AS-PRT-083-SUP-010,PRT-083,SUP-010,SUPPLIER,APPROVED,,,,SYNTHETIC_DEMO,SYNTHETIC_DEMO,PS-0130,,,
AS-PRT-083-SUP-023,PRT-083,SUP-023,SUPPLIER,APPROVED,,,,SYNTHETIC_DEMO,SYNTHETIC_DEMO,SUPPLIED_BY:PRT-083>SUP-023,,,
AS-PRT-083-SUP-028,PRT-083,SUP-028,SUPPLIER,APPROVED,,,,SYNTHETIC_DEMO,SYNTHETIC_DEMO,SUPPLIED_BY:PRT-083>SUP-028,,,
AS-PRT-083-SUP-032,PRT-083,SUP-032,SUPPLIER,APPROVED,,,,SYNTHETIC_DEMO,SYNTHETIC_DEMO,SUPPLIED_BY:PRT-083>SUP-032,,,
AS-PRT-084-SUP-003,PRT-084,SUP-003,SUPPLIER,APPROVED,,,,SYNTHETIC_DEMO,SYNTHETIC_DEMO,PS-0132,,,
AS-PRT-084-SUP-023,PRT-084,SUP-023,SUPPLIER,APPROVED,,,,SYNTHETIC_DEMO,SYNTHETIC_DEMO,,,,
AS-PRT-085-SUP-003,PRT-085,SUP-003,SUPPLIER,APPROVED,,,,SYNTHETIC_DEMO,SYNTHETIC_DEMO,PS-0134,,,
AS-PRT-085-SUP-010,PRT-085,SUP-010,SUPPLIER,APPROVED,,,,SYNTHETIC_DEMO,SYNTHETIC_DEMO,PS-0133,,,
AS-PRT-085-SUP-019,PRT-085,SUP-019,SUPPLIER,APPROVED,,,,SYNTHETIC_DEMO,SYNTHETIC_DEMO,SUPPLIED_BY:PRT-085>SUP-019,,,
AS-PRT-085-SUP-020,PRT-085,SUP-020,SUPPLIER,APPROVED,,,,SYNTHETIC_DEMO,SYNTHETIC_DEMO,SUPPLIED_BY:PRT-085>SUP-020,,,
AS-PRT-085-SUP-027,PRT-085,SUP-027,SUPPLIER,APPROVED,,,,SYNTHETIC_DEMO,SYNTHETIC_DEMO,SUPPLIED_BY:PRT-085>SUP-027,,,
AS-PRT-085-SUP-029,PRT-085,SUP-029,SUPPLIER,APPROVED,,,,SYNTHETIC_DEMO,SYNTHETIC_DEMO,SUPPLIED_BY:PRT-085>SUP-029,,,
AS-PRT-085-SUP-035,PRT-085,SUP-035,SUPPLIER,APPROVED,,,,SYNTHETIC_DEMO,SYNTHETIC_DEMO,SUPPLIED_BY:PRT-085>SUP-035,,,
AS-PRT-085-SUP-036,PRT-085,SUP-036,SUPPLIER,APPROVED,,,,SYNTHETIC_DEMO,SYNTHETIC_DEMO,SUPPLIED_BY:PRT-085>SUP-036,,,
AS-PRT-086-SUP-003,PRT-086,SUP-003,SUPPLIER,APPROVED,,,,SYNTHETIC_DEMO,SYNTHETIC_DEMO,PS-0135,,,
AS-PRT-086-SUP-010,PRT-086,SUP-010,SUPPLIER,APPROVED,,,,SYNTHETIC_DEMO,SYNTHETIC_DEMO,PS-0136,,,
AS-PRT-086-SUP-019,PRT-086,SUP-019,SUPPLIER,APPROVED,,,,SYNTHETIC_DEMO,SYNTHETIC_DEMO,SUPPLIED_BY:PRT-086>SUP-019,,,
AS-PRT-086-SUP-029,PRT-086,SUP-029,SUPPLIER,APPROVED,,,,SYNTHETIC_DEMO,SYNTHETIC_DEMO,SUPPLIED_BY:PRT-086>SUP-029,,,
AS-PRT-086-SUP-035,PRT-086,SUP-035,SUPPLIER,APPROVED,,,,SYNTHETIC_DEMO,SYNTHETIC_DEMO,SUPPLIED_BY:PRT-086>SUP-035,,,
AS-PRT-086-SUP-036,PRT-086,SUP-036,SUPPLIER,APPROVED,,,,SYNTHETIC_DEMO,SYNTHETIC_DEMO,SUPPLIED_BY:PRT-086>SUP-036,,,
AS-PRT-087-SUP-003,PRT-087,SUP-003,SUPPLIER,APPROVED,,,,SYNTHETIC_DEMO,SYNTHETIC_DEMO,PS-0138,,,
AS-PRT-087-SUP-010,PRT-087,SUP-010,SUPPLIER,APPROVED,,,,SYNTHETIC_DEMO,SYNTHETIC_DEMO,PS-0137,,,
AS-PRT-088-SUP-004,PRT-088,SUP-004,SUPPLIER,APPROVED,,,,SYNTHETIC_DEMO,SYNTHETIC_DEMO,PS-0139,,,
AS-PRT-088-SUP-012,PRT-088,SUP-012,SUPPLIER,APPROVED,,,,SYNTHETIC_DEMO,SYNTHETIC_DEMO,PS-0140,,,
AS-PRT-089-SUP-004,PRT-089,SUP-004,SUPPLIER,APPROVED,,,,SYNTHETIC_DEMO,SYNTHETIC_DEMO,PS-0141,,,
AS-PRT-089-SUP-031,PRT-089,SUP-031,SUPPLIER,APPROVED,,,,SYNTHETIC_DEMO,SYNTHETIC_DEMO,SUPPLIED_BY:PRT-089>SUP-031,,,
AS-PRT-090-SUP-004,PRT-090,SUP-004,SUPPLIER,APPROVED,,,,SYNTHETIC_DEMO,SYNTHETIC_DEMO,PS-0142,,,
AS-PRT-090-SUP-031,PRT-090,SUP-031,SUPPLIER,APPROVED,,,,SYNTHETIC_DEMO,SYNTHETIC_DEMO,SUPPLIED_BY:PRT-090>SUP-031,,,
AS-PRT-091-SUP-008,PRT-091,SUP-008,SUPPLIER,APPROVED,,,,SYNTHETIC_DEMO,SYNTHETIC_DEMO,PS-0143,,,
AS-PRT-091-SUP-012,PRT-091,SUP-012,SUPPLIER,APPROVED,,,,SYNTHETIC_DEMO,SYNTHETIC_DEMO,PS-0144,,,
AS-PRT-091-SUP-031,PRT-091,SUP-031,SUPPLIER,APPROVED,,,,SYNTHETIC_DEMO,SYNTHETIC_DEMO,SUPPLIED_BY:PRT-091>SUP-031,,,
AS-PRT-092-SUP-004,PRT-092,SUP-004,SUPPLIER,APPROVED,,,,SYNTHETIC_DEMO,SYNTHETIC_DEMO,PS-0145,,,
AS-PRT-092-SUP-031,PRT-092,SUP-031,SUPPLIER,APPROVED,,,,SYNTHETIC_DEMO,SYNTHETIC_DEMO,,,,
AS-PRT-093-SUP-004,PRT-093,SUP-004,SUPPLIER,APPROVED,,,,SYNTHETIC_DEMO,SYNTHETIC_DEMO,PS-0146,,,
AS-PRT-093-SUP-008,PRT-093,SUP-008,SUPPLIER,APPROVED,,,,SYNTHETIC_DEMO,SYNTHETIC_DEMO,PS-0147,,,
AS-PRT-094-SUP-008,PRT-094,SUP-008,SUPPLIER,APPROVED,,,,SYNTHETIC_DEMO,SYNTHETIC_DEMO,PS-0148,,,
AS-PRT-094-SUP-012,PRT-094,SUP-012,SUPPLIER,APPROVED,,,,SYNTHETIC_DEMO,SYNTHETIC_DEMO,PS-0149,,,
AS-PRT-094-SUP-031,PRT-094,SUP-031,SUPPLIER,APPROVED,,,,SYNTHETIC_DEMO,SYNTHETIC_DEMO,SUPPLIED_BY:PRT-094>SUP-031,,,
AS-PRT-095-SUP-008,PRT-095,SUP-008,SUPPLIER,APPROVED,,,,SYNTHETIC_DEMO,SYNTHETIC_DEMO,PS-0150,,,
AS-PRT-095-SUP-031,PRT-095,SUP-031,SUPPLIER,APPROVED,,,,SYNTHETIC_DEMO,SYNTHETIC_DEMO,SUPPLIED_BY:PRT-095>SUP-031,,,
AS-PRT-096-SUP-005,PRT-096,SUP-005,SUPPLIER,APPROVED,,,,SYNTHETIC_DEMO,SYNTHETIC_DEMO,PS-0152,,,
AS-PRT-096-SUP-012,PRT-096,SUP-012,SUPPLIER,APPROVED,,,,SYNTHETIC_DEMO,SYNTHETIC_DEMO,PS-0151,,,
AS-PRT-096-SUP-039,PRT-096,SUP-039,SUPPLIER,APPROVED,,,,SYNTHETIC_DEMO,SYNTHETIC_DEMO,SUPPLIED_BY:PRT-096>SUP-039,,,
AS-PRT-097-SUP-001,PRT-097,SUP-001,SUPPLIER,APPROVED,,,,SYNTHETIC_DEMO,SYNTHETIC_DEMO,PS-0153,,,
AS-PRT-098-SUP-005,PRT-098,SUP-005,SUPPLIER,APPROVED,,,,SYNTHETIC_DEMO,SYNTHETIC_DEMO,PS-0154,,,
AS-PRT-098-SUP-016,PRT-098,SUP-016,SUPPLIER,APPROVED,,,,SYNTHETIC_DEMO,SYNTHETIC_DEMO,SUPPLIED_BY:PRT-098>SUP-016,,,
AS-PRT-098-SUP-039,PRT-098,SUP-039,SUPPLIER,APPROVED,,,,SYNTHETIC_DEMO,SYNTHETIC_DEMO,SUPPLIED_BY:PRT-098>SUP-039,,,
AS-PRT-099-SUP-005,PRT-099,SUP-005,SUPPLIER,APPROVED,,,,SYNTHETIC_DEMO,SYNTHETIC_DEMO,PS-0155,,,
AS-PRT-099-SUP-039,PRT-099,SUP-039,SUPPLIER,APPROVED,,,,SYNTHETIC_DEMO,SYNTHETIC_DEMO,,,,
AS-PRT-100-SUP-001,PRT-100,SUP-001,SUPPLIER,APPROVED,,,,SYNTHETIC_DEMO,SYNTHETIC_DEMO,PS-0156,,,
AS-PRT-100-SUP-012,PRT-100,SUP-012,SUPPLIER,APPROVED,,,,SYNTHETIC_DEMO,SYNTHETIC_DEMO,PS-0157,,,
