link_id,part_id,assembly_id,quantity,basis,data_status,source_type,source_record_id,ingestion_timestamp,effective_from,effective_to
ACP-0001,PRT-027,ASM-001,3,DEMO_BOM_SHARED_MACHINE,SYNTHETIC_DEMO,SYNTHETIC_DEMO,ACP-0001,,,
ACP-0002,PRT-023,ASM-001,1,DEMO_BOM_SHARED_MACHINE,SYNTHETIC_DEMO,SYNTHETIC_DEMO,ACP-0002,,,
ACP-0003,PRT-006,ASM-002,3,DEMO_BOM_SHARED_MACHINE,SYNTHETIC_DEMO,SYNTHETIC_DEMO,ACP-0003,,,
ACP-0004,PRT-041,ASM-002,3,DEMO_BOM_SHARED_MACHINE,SYNTHETIC_DEMO,SYNTHETIC_DEMO,ACP-0004,,,
ACP-0005,PRT-071,ASM-002,3,DEMO_BOM_SHARED_MACHINE,SYNTHETIC_DEMO,SYNTHETIC_DEMO,ACP-0005,,,
ACP-0006,PRT-026,ASM-003,2,DEMO_BOM_SHARED_MACHINE,SYNTHETIC_DEMO,SYNTHETIC_DEMO,ACP-0006,,,
ACP-0007,PRT-039,ASM-004,1,DEMO_BOM_SHARED_MACHINE,SYNTHETIC_DEMO,SYNTHETIC_DEMO,ACP-0007,,,
ACP-0008,PRT-031,ASM-004,4,DEMO_BOM_SHARED_MACHINE,SYNTHETIC_DEMO,SYNTHETIC_DEMO,ACP-0008,,,
ACP-0009,PRT-038,ASM-005,4,DEMO_BOM_SHARED_MACHINE,SYNTHETIC_DEMO,SYNTHETIC_DEMO,ACP-0009,,,
ACP-0010,PRT-035,ASM-005,3,DEMO_BOM_SHARED_MACHINE,SYNTHETIC_DEMO,SYNTHETIC_DEMO,ACP-0010,,,
ACP-0011,PRT-042,ASM-005,3,DEMO_BOM_SHARED_MACHINE,SYNTHETIC_DEMO,SYNTHETIC_DEMO,ACP-0011,,,
ACP-0012,PRT-031,ASM-005,4,DEMO_BOM_SHARED_MACHINE,SYNTHETIC_DEMO,SYNTHETIC_DEMO,ACP-0012,,,
ACP-0013,PRT-039,ASM-006,2,DEMO_BOM_SHARED_MACHINE,SYNTHETIC_DEMO,SYNTHETIC_DEMO,ACP-0013,,,
ACP-0014,PRT-038,ASM-006,3,DEMO_BOM_SHARED_MACHINE,SYNTHETIC_DEMO,SYNTHETIC_DEMO,ACP-0014,,,
ACP-0015,PRT-043,ASM-007,3,DEMO_BOM_SHARED_MACHINE,SYNTHETIC_DEMO,SYNTHETIC_DEMO,ACP-0015,,,
ACP-0016,PRT-052,ASM-007,3,DEMO_BOM_SHARED_MACHINE,SYNTHETIC_DEMO,SYNTHETIC_DEMO,ACP-0016,,,
ACP-0017,PRT-043,ASM-008,1,DEMO_BOM_SHARED_MACHINE,SYNTHETIC_DEMO,SYNTHETIC_DEMO,ACP-0017,,,
ACP-0018,PRT-052,ASM-008,4,DEMO_BOM_SHARED_MACHINE,SYNTHETIC_DEMO,SYNTHETIC_DEMO,ACP-0018,,,
ACP-0019,PRT-048,ASM-009,3,DEMO_BOM_SHARED_MACHINE,SYNTHETIC_DEMO,SYNTHETIC_DEMO,ACP-0019,,,
ACP-0020,PRT-047,ASM-009,1,DEMO_BOM_SHARED_MACHINE,SYNTHETIC_DEMO,SYNTHETIC_DEMO,ACP-0020,,,
ACP-0021,PRT-068,ASM-010,3,DEMO_BOM_SHARED_MACHINE,SYNTHETIC_DEMO,SYNTHETIC_DEMO,ACP-0021,,,
ACP-0022,PRT-067,ASM-010,4,DEMO_BOM_SHARED_MACHINE,SYNTHETIC_DEMO,SYNTHETIC_DEMO,ACP-0022,,,
ACP-0023,PRT-078,ASM-011,4,DEMO_BOM_SHARED_MACHINE,SYNTHETIC_DEMO,SYNTHETIC_DEMO,ACP-0023,,,
ACP-0024,PRT-079,ASM-011,1,DEMO_BOM_SHARED_MACHINE,SYNTHETIC_DEMO,SYNTHETIC_DEMO,ACP-0024,,,
ACP-0025,PRT-075,ASM-011,4,DEMO_BOM_SHARED_MACHINE,SYNTHETIC_DEMO,SYNTHETIC_DEMO,ACP-0025,,,
ACP-0026,PRT-087,ASM-012,4,DEMO_BOM_SHARED_MACHINE,SYNTHETIC_DEMO,SYNTHETIC_DEMO,ACP-0026,,,
ACP-0027,PRT-080,ASM-012,2,DEMO_BOM_SHARED_MACHINE,SYNTHETIC_DEMO,SYNTHETIC_DEMO,ACP-0027,,,
ACP-0028,PRT-080,ASM-013,4,DEMO_BOM_SHARED_MACHINE,SYNTHETIC_DEMO,SYNTHETIC_DEMO,ACP-0028,,,
ACP-0029,PRT-086,ASM-013,1,DEMO_BOM_SHARED_MACHINE,SYNTHETIC_DEMO,SYNTHETIC_DEMO,ACP-0029,,,
ACP-0030,PRT-085,ASM-013,2,DEMO_BOM_SHARED_MACHINE,SYNTHETIC_DEMO,SYNTHETIC_DEMO,ACP-0030,,,
ACP-0031,PRT-082,ASM-013,2,DEMO_BOM_SHARED_MACHINE,SYNTHETIC_DEMO,SYNTHETIC_DEMO,ACP-0031,,,
ACP-0032,PRT-033,ASM-014,4,DEMO_BOM_SHARED_MACHINE,SYNTHETIC_DEMO,SYNTHETIC_DEMO,ACP-0032,,,
ACP-0033,PRT-041,ASM-014,2,DEMO_BOM_SHARED_MACHINE,SYNTHETIC_DEMO,SYNTHETIC_DEMO,ACP-0033,,,
ACP-0034,PRT-096,ASM-015,4,DEMO_BOM_SHARED_MACHINE,SYNTHETIC_DEMO,SYNTHETIC_DEMO,ACP-0034,,,
ACP-0035,PRT-098,ASM-015,3,DEMO_BOM_SHARED_MACHINE,SYNTHETIC_DEMO,SYNTHETIC_DEMO,ACP-0035,,,
ENR-ACP-0001,PRT-010,ASM-101,4,DEMO_BOM_CATEGORY_AND_FAMILY,SYNTHETIC_DEMO,SYNTHETIC_DEMO,ENR-ACP-0001,,,
ENR-ACP-0002,PRT-014,ASM-101,4,DEMO_BOM_CATEGORY_AND_FAMILY,SYNTHETIC_DEMO,SYNTHETIC_DEMO,ENR-ACP-0002,,,
ENR-ACP-0003,PRT-018,ASM-102,1,DEMO_BOM_CATEGORY_AND_FAMILY,SYNTHETIC_DEMO,SYNTHETIC_DEMO,ENR-ACP-0003,,,
ENR-ACP-0004,PRT-025,ASM-102,1,DEMO_BOM_CATEGORY_AND_FAMILY,SYNTHETIC_DEMO,SYNTHETIC_DEMO,ENR-ACP-0004,,,
ENR-ACP-0005,PRT-063,ASM-103,1,DEMO_BOM_CATEGORY_AND_FAMILY,SYNTHETIC_DEMO,SYNTHETIC_DEMO,ENR-ACP-0005,,,
ENR-ACP-0006,PRT-065,ASM-103,1,DEMO_BOM_CATEGORY_AND_FAMILY,SYNTHETIC_DEMO,SYNTHETIC_DEMO,ENR-ACP-0006,,,
ENR-ACP-0007,PRT-001,ASM-104,4,DEMO_BOM_CATEGORY_AND_FAMILY,SYNTHETIC_DEMO,SYNTHETIC_DEMO,ENR-ACP-0007,,,
ENR-ACP-0008,PRT-007,ASM-104,1,DEMO_BOM_CATEGORY_AND_FAMILY,SYNTHETIC_DEMO,SYNTHETIC_DEMO,ENR-ACP-0008,,,
ENR-ACP-0009,PRT-012,ASM-104,1,DEMO_BOM_CATEGORY_AND_FAMILY,SYNTHETIC_DEMO,SYNTHETIC_DEMO,ENR-ACP-0009,,,
ENR-ACP-0010,PRT-097,ASM-105,2,DEMO_BOM_CATEGORY_AND_FAMILY,SYNTHETIC_DEMO,SYNTHETIC_DEMO,ENR-ACP-0010,,,
ENR-ACP-0011,PRT-100,ASM-105,2,DEMO_BOM_CATEGORY_AND_FAMILY,SYNTHETIC_DEMO,SYNTHETIC_DEMO,ENR-ACP-0011,,,
ENR-ACP-0012,PRT-044,ASM-106,2,DEMO_BOM_CATEGORY_AND_FAMILY,SYNTHETIC_DEMO,SYNTHETIC_DEMO,ENR-ACP-0012,,,
ENR-ACP-0013,PRT-045,ASM-106,1,DEMO_BOM_CATEGORY_AND_FAMILY,SYNTHETIC_DEMO,SYNTHETIC_DEMO,ENR-ACP-0013,,,
ENR-ACP-0014,PRT-088,ASM-107,2,DEMO_BOM_CATEGORY_AND_FAMILY,SYNTHETIC_DEMO,SYNTHETIC_DEMO,ENR-ACP-0014,,,
ENR-ACP-0015,PRT-089,ASM-107,1,DEMO_BOM_CATEGORY_AND_FAMILY,SYNTHETIC_DEMO,SYNTHETIC_DEMO,ENR-ACP-0015,,,
ENR-ACP-0016,PRT-091,ASM-107,1,DEMO_BOM_CATEGORY_AND_FAMILY,SYNTHETIC_DEMO,SYNTHETIC_DEMO,ENR-ACP-0016,,,
ENR-ACP-0017,PRT-092,ASM-107,2,DEMO_BOM_CATEGORY_AND_FAMILY,SYNTHETIC_DEMO,SYNTHETIC_DEMO,ENR-ACP-0017,,,
ENR-ACP-0018,PRT-093,ASM-107,4,DEMO_BOM_CATEGORY_AND_FAMILY,SYNTHETIC_DEMO,SYNTHETIC_DEMO,ENR-ACP-0018,,,
ENR-ACP-0019,PRT-094,ASM-107,2,DEMO_BOM_CATEGORY_AND_FAMILY,SYNTHETIC_DEMO,SYNTHETIC_DEMO,ENR-ACP-0019,,,
ENR-ACP-0020,PRT-066,ASM-108,1,DEMO_BOM_CATEGORY_AND_FAMILY,SYNTHETIC_DEMO,SYNTHETIC_DEMO,ENR-ACP-0020,,,
ENR-ACP-0021,PRT-069,ASM-108,1,DEMO_BOM_CATEGORY_AND_FAMILY,SYNTHETIC_DEMO,SYNTHETIC_DEMO,ENR-ACP-0021,,,
ENR-ACP-0022,PRT-070,ASM-108,1,DEMO_BOM_CATEGORY_AND_FAMILY,SYNTHETIC_DEMO,SYNTHETIC_DEMO,ENR-ACP-0022,,,
ENR-ACP-0023,PRT-072,ASM-108,2,DEMO_BOM_CATEGORY_AND_FAMILY,SYNTHETIC_DEMO,SYNTHETIC_DEMO,ENR-ACP-0023,,,
ENR-ACP-0024,PRT-073,ASM-108,2,DEMO_BOM_CATEGORY_AND_FAMILY,SYNTHETIC_DEMO,SYNTHETIC_DEMO,ENR-ACP-0024,,,
ENR-ACP-0025,PRT-081,ASM-109,2,DEMO_BOM_CATEGORY_AND_FAMILY,SYNTHETIC_DEMO,SYNTHETIC_DEMO,ENR-ACP-0025,,,
ENR-ACP-0026,PRT-083,ASM-109,4,DEMO_BOM_CATEGORY_AND_FAMILY,SYNTHETIC_DEMO,SYNTHETIC_DEMO,ENR-ACP-0026,,,
ENR-ACP-0027,PRT-074,ASM-110,1,DEMO_BOM_CATEGORY_AND_FAMILY,SYNTHETIC_DEMO,SYNTHETIC_DEMO,ENR-ACP-0027,,,
ENR-ACP-0028,PRT-076,ASM-110,1,DEMO_BOM_CATEGORY_AND_FAMILY,SYNTHETIC_DEMO,SYNTHETIC_DEMO,ENR-ACP-0028,,,
ENR-ACP-0029,PRT-016,ASM-111,2,DEMO_BOM_CATEGORY_AND_FAMILY,SYNTHETIC_DEMO,SYNTHETIC_DEMO,ENR-ACP-0029,,,
ENR-ACP-0030,PRT-017,ASM-111,4,DEMO_BOM_CATEGORY_AND_FAMILY,SYNTHETIC_DEMO,SYNTHETIC_DEMO,ENR-ACP-0030,,,
ENR-ACP-0031,PRT-019,ASM-111,1,DEMO_BOM_CATEGORY_AND_FAMILY,SYNTHETIC_DEMO,SYNTHETIC_DEMO,ENR-ACP-0031,,,
ENR-ACP-0032,PRT-020,ASM-111,2,DEMO_BOM_CATEGORY_AND_FAMILY,SYNTHETIC_DEMO,SYNTHETIC_DEMO,ENR-ACP-0032,,,
ENR-ACP-0033,PRT-021,ASM-111,1,DEMO_BOM_CATEGORY_AND_FAMILY,SYNTHETIC_DEMO,SYNTHETIC_DEMO,ENR-ACP-0033,,,
ENR-ACP-0034,PRT-024,ASM-111,2,DEMO_BOM_CATEGORY_AND_FAMILY,SYNTHETIC_DEMO,SYNTHETIC_DEMO,ENR-ACP-0034,,,
ENR-ACP-0035,PRT-032,ASM-112,1,DEMO_BOM_CATEGORY_AND_FAMILY,SYNTHETIC_DEMO,SYNTHETIC_DEMO,ENR-ACP-0035,,,
ENR-ACP-0036,PRT-036,ASM-112,1,DEMO_BOM_CATEGORY_AND_FAMILY,SYNTHETIC_DEMO,SYNTHETIC_DEMO,ENR-ACP-0036,,,
ENR-ACP-0037,PRT-040,ASM-112,1,DEMO_BOM_CATEGORY_AND_FAMILY,SYNTHETIC_DEMO,SYNTHETIC_DEMO,ENR-ACP-0037,,,
ENR-ACP-0038,PRT-058,ASM-113,1,DEMO_BOM_CATEGORY_AND_FAMILY,SYNTHETIC_DEMO,SYNTHETIC_DEMO,ENR-ACP-0038,,,
ENR-ACP-0039,PRT-059,ASM-113,1,DEMO_BOM_CATEGORY_AND_FAMILY,SYNTHETIC_DEMO,SYNTHETIC_DEMO,ENR-ACP-0039,,,
ENR-ACP-0040,PRT-060,ASM-113,1,DEMO_BOM_CATEGORY_AND_FAMILY,SYNTHETIC_DEMO,SYNTHETIC_DEMO,ENR-ACP-0040,,,
ENR-ACP-0041,PRT-061,ASM-113,4,DEMO_BOM_CATEGORY_AND_FAMILY,SYNTHETIC_DEMO,SYNTHETIC_DEMO,ENR-ACP-0041,,,
ENR-ACP-0042,PRT-062,ASM-113,1,DEMO_BOM_CATEGORY_AND_FAMILY,SYNTHETIC_DEMO,SYNTHETIC_DEMO,ENR-ACP-0042,,,
ENR-ACP-0043,PRT-064,ASM-113,2,DEMO_BOM_CATEGORY_AND_FAMILY,SYNTHETIC_DEMO,SYNTHETIC_DEMO,ENR-ACP-0043,,,
ENR-ACP-0044,PRT-002,ASM-114,1,DEMO_BOM_CATEGORY_AND_FAMILY,SYNTHETIC_DEMO,SYNTHETIC_DEMO,ENR-ACP-0044,,,
ENR-ACP-0045,PRT-003,ASM-114,1,DEMO_BOM_CATEGORY_AND_FAMILY,SYNTHETIC_DEMO,SYNTHETIC_DEMO,ENR-ACP-0045,,,
ENR-ACP-0046,PRT-004,ASM-114,1,DEMO_BOM_CATEGORY_AND_FAMILY,SYNTHETIC_DEMO,SYNTHETIC_DEMO,ENR-ACP-0046,,,
ENR-ACP-0047,PRT-005,ASM-114,1,DEMO_BOM_CATEGORY_AND_FAMILY,SYNTHETIC_DEMO,SYNTHETIC_DEMO,ENR-ACP-0047,,,
ENR-ACP-0048,PRT-008,ASM-114,4,DEMO_BOM_CATEGORY_AND_FAMILY,SYNTHETIC_DEMO,SYNTHETIC_DEMO,ENR-ACP-0048,,,
ENR-ACP-0049,PRT-009,ASM-114,1,DEMO_BOM_CATEGORY_AND_FAMILY,SYNTHETIC_DEMO,SYNTHETIC_DEMO,ENR-ACP-0049,,,
ENR-ACP-0050,PRT-046,ASM-115,4,DEMO_BOM_CATEGORY_AND_FAMILY,SYNTHETIC_DEMO,SYNTHETIC_DEMO,ENR-ACP-0050,,,
ENR-ACP-0051,PRT-049,ASM-115,4,DEMO_BOM_CATEGORY_AND_FAMILY,SYNTHETIC_DEMO,SYNTHETIC_DEMO,ENR-ACP-0051,,,
ENR-ACP-0052,PRT-050,ASM-115,1,DEMO_BOM_CATEGORY_AND_FAMILY,SYNTHETIC_DEMO,SYNTHETIC_DEMO,ENR-ACP-0052,,,
ENR-ACP-0053,PRT-053,ASM-115,2,DEMO_BOM_CATEGORY_AND_FAMILY,SYNTHETIC_DEMO,SYNTHETIC_DEMO,ENR-ACP-0053,,,
ENR-ACP-0054,PRT-054,ASM-115,4,DEMO_BOM_CATEGORY_AND_FAMILY,SYNTHETIC_DEMO,SYNTHETIC_DEMO,ENR-ACP-0054,,,
ENR-ACP-0055,PRT-055,ASM-115,2,DEMO_BOM_CATEGORY_AND_FAMILY,SYNTHETIC_DEMO,SYNTHETIC_DEMO,ENR-ACP-0055,,,
