fitment_id,machine_id,variant_id,part_id,fitment_status,approval_status,fitment_rule,valid_from,valid_to,data_status,source_type,source_record_id,ingestion_timestamp,effective_from,effective_to
FITS:FIT-0001,MCH-009,,PRT-001,APPROVED,APPROVED,EXACT_MODEL,,,SYNTHETIC_DEMO,SYNTHETIC_DEMO,FIT-0001,,,
FITS:FIT-0002,MCH-002,,PRT-002,APPROVED,APPROVED,EXACT_MODEL,,,SYNTHETIC_DEMO,SYNTHETIC_DEMO,FIT-0002,,,
FITS:FIT-0003,MCH-003,,PRT-002,APPROVED,APPROVED,EXACT_MODEL,,,SYNTHETIC_DEMO,SYNTHETIC_DEMO,FIT-0003,,,
FITS:FIT-0004,MCH-001,,PRT-003,APPROVED,APPROVED,EXACT_MODEL,,,SYNTHETIC_DEMO,SYNTHETIC_DEMO,FIT-0004,,,
FITS:FIT-0005,MCH-002,,PRT-003,APPROVED,APPROVED,EXACT_MODEL,,,SYNTHETIC_DEMO,SYNTHETIC_DEMO,FIT-0005,,,
FITS:FIT-0006,MCH-003,,PRT-004,APPROVED,APPROVED,EXACT_MODEL,,,SYNTHETIC_DEMO,SYNTHETIC_DEMO,FIT-0006,,,
FITS:FIT-0007,MCH-004,,PRT-004,APPROVED,APPROVED,EXACT_MODEL,,,SYNTHETIC_DEMO,SYNTHETIC_DEMO,FIT-0007,,,
FITS:FIT-0008,MCH-002,,PRT-005,APPROVED,APPROVED,EXACT_MODEL,,,SYNTHETIC_DEMO,SYNTHETIC_DEMO,FIT-0008,,,
FITS:FIT-0009,MCH-003,,PRT-005,APPROVED,APPROVED,EXACT_MODEL,,,SYNTHETIC_DEMO,SYNTHETIC_DEMO,FIT-0009,,,
FITS:FIT-0010,MCH-007,,PRT-006,APPROVED,APPROVED,EXACT_MODEL,,,SYNTHETIC_DEMO,SYNTHETIC_DEMO,FIT-0010,,,
FITS:FIT-0011,MCH-008,,PRT-006,APPROVED,APPROVED,EXACT_MODEL,,,SYNTHETIC_DEMO,SYNTHETIC_DEMO,FIT-0011,,,
FITS:FIT-0012,MCH-009,,PRT-007,APPROVED,APPROVED,EXACT_MODEL,,,SYNTHETIC_DEMO,SYNTHETIC_DEMO,FIT-0012,,,
FITS:FIT-0013,MCH-010,,PRT-007,APPROVED,APPROVED,EXACT_MODEL,,,SYNTHETIC_DEMO,SYNTHETIC_DEMO,FIT-0013,,,
FITS:FIT-0014,MCH-003,,PRT-008,APPROVED,APPROVED,EXACT_MODEL,,,SYNTHETIC_DEMO,SYNTHETIC_DEMO,FIT-0014,,,
FITS:FIT-0015,MCH-004,,PRT-008,APPROVED,APPROVED,EXACT_MODEL,,,SYNTHETIC_DEMO,SYNTHETIC_DEMO,FIT-0015,,,
FITS:FIT-0016,MCH-005,,PRT-008,APPROVED,APPROVED,EXACT_MODEL,,,SYNTHETIC_DEMO,SYNTHETIC_DEMO,FIT-0016,,,
FITS:FIT-0017,MCH-002,,PRT-009,APPROVED,APPROVED,EXACT_MODEL,,,SYNTHETIC_DEMO,SYNTHETIC_DEMO,FIT-0017,,,
FITS:FIT-0018,MCH-003,,PRT-009,APPROVED,APPROVED,EXACT_MODEL,,,SYNTHETIC_DEMO,SYNTHETIC_DEMO,FIT-0018,,,
FITS:FIT-0019,MCH-004,,PRT-009,APPROVED,APPROVED,EXACT_MODEL,,,SYNTHETIC_DEMO,SYNTHETIC_DEMO,FIT-0019,,,
FITS:FIT-0020,MCH-012,,PRT-010,APPROVED,APPROVED,EXACT_MODEL,,,SYNTHETIC_DEMO,SYNTHETIC_DEMO,FIT-0020,,,
FITS:FIT-0021,MCH-014,,PRT-010,APPROVED,APPROVED,EXACT_MODEL,,,SYNTHETIC_DEMO,SYNTHETIC_DEMO,FIT-0021,,,
FITS:FIT-0022,MCH-004,,PRT-011,APPROVED,APPROVED,EXACT_MODEL,,,SYNTHETIC_DEMO,SYNTHETIC_DEMO,FIT-0022,,,
FITS:FIT-0023,MCH-005,,PRT-011,APPROVED,APPROVED,EXACT_MODEL,,,SYNTHETIC_DEMO,SYNTHETIC_DEMO,FIT-0023,,,
FITS:FIT-0024,MCH-009,,PRT-012,APPROVED,APPROVED,EXACT_MODEL,,,SYNTHETIC_DEMO,SYNTHETIC_DEMO,FIT-0024,,,
FITS:FIT-0025,MCH-010,,PRT-012,APPROVED,APPROVED,EXACT_MODEL,,,SYNTHETIC_DEMO,SYNTHETIC_DEMO,FIT-0025,,,
FITS:FIT-0026,MCH-002,,PRT-013,APPROVED,APPROVED,EXACT_MODEL,,,SYNTHETIC_DEMO,SYNTHETIC_DEMO,FIT-0026,,,
FITS:FIT-0027,MCH-003,,PRT-013,APPROVED,APPROVED,EXACT_MODEL,,,SYNTHETIC_DEMO,SYNTHETIC_DEMO,FIT-0027,,,
FITS:FIT-0028,MCH-012,,PRT-014,APPROVED,APPROVED,EXACT_MODEL,,,SYNTHETIC_DEMO,SYNTHETIC_DEMO,FIT-0028,,,
FITS:FIT-0029,MCH-004,,PRT-015,APPROVED,APPROVED,EXACT_MODEL,,,SYNTHETIC_DEMO,SYNTHETIC_DEMO,FIT-0029,,,
FITS:FIT-0030,MCH-005,,PRT-015,APPROVED,APPROVED,EXACT_MODEL,,,SYNTHETIC_DEMO,SYNTHETIC_DEMO,FIT-0030,,,
FITS:FIT-0031,MCH-003,,PRT-016,APPROVED,APPROVED,EXACT_MODEL,,,SYNTHETIC_DEMO,SYNTHETIC_DEMO,FIT-0031,,,
FITS:FIT-0032,MCH-004,,PRT-016,APPROVED,APPROVED,EXACT_MODEL,,,SYNTHETIC_DEMO,SYNTHETIC_DEMO,FIT-0032,,,
FITS:FIT-0033,MCH-003,,PRT-017,APPROVED,APPROVED,EXACT_MODEL,,,SYNTHETIC_DEMO,SYNTHETIC_DEMO,FIT-0033,,,
FITS:FIT-0034,MCH-004,,PRT-017,APPROVED,APPROVED,EXACT_MODEL,,,SYNTHETIC_DEMO,SYNTHETIC_DEMO,FIT-0034,,,
FITS:FIT-0035,MCH-009,,PRT-018,APPROVED,APPROVED,EXACT_MODEL,,,SYNTHETIC_DEMO,SYNTHETIC_DEMO,FIT-0035,,,
FITS:FIT-0036,MCH-010,,PRT-018,APPROVED,APPROVED,EXACT_MODEL,,,SYNTHETIC_DEMO,SYNTHETIC_DEMO,FIT-0036,,,
FITS:FIT-0037,MCH-002,,PRT-019,APPROVED,APPROVED,EXACT_MODEL,,,SYNTHETIC_DEMO,SYNTHETIC_DEMO,FIT-0037,,,
FITS:FIT-0038,MCH-003,,PRT-019,APPROVED,APPROVED,EXACT_MODEL,,,SYNTHETIC_DEMO,SYNTHETIC_DEMO,FIT-0038,,,
FITS:FIT-0039,MCH-002,,PRT-020,APPROVED,APPROVED,EXACT_MODEL,,,SYNTHETIC_DEMO,SYNTHETIC_DEMO,FIT-0039,,,
FITS:FIT-0040,MCH-003,,PRT-020,APPROVED,APPROVED,EXACT_MODEL,,,SYNTHETIC_DEMO,SYNTHETIC_DEMO,FIT-0040,,,
FITS:FIT-0041,MCH-003,,PRT-021,APPROVED,APPROVED,EXACT_MODEL,,,SYNTHETIC_DEMO,SYNTHETIC_DEMO,FIT-0041,,,
FITS:FIT-0042,MCH-004,,PRT-021,APPROVED,APPROVED,EXACT_MODEL,,,SYNTHETIC_DEMO,SYNTHETIC_DEMO,FIT-0042,,,
FITS:FIT-0043,MCH-014,,PRT-022,APPROVED,APPROVED,EXACT_MODEL,,,SYNTHETIC_DEMO,SYNTHETIC_DEMO,FIT-0043,,,
FITS:FIT-0044,MCH-015,,PRT-022,APPROVED,APPROVED,EXACT_MODEL,,,SYNTHETIC_DEMO,SYNTHETIC_DEMO,FIT-0044,,,
FITS:FIT-0045,MCH-009,,PRT-023,APPROVED,APPROVED,EXACT_MODEL,,,SYNTHETIC_DEMO,SYNTHETIC_DEMO,FIT-0045,,,
FITS:FIT-0046,MCH-001,,PRT-024,APPROVED,APPROVED,EXACT_MODEL,,,SYNTHETIC_DEMO,SYNTHETIC_DEMO,FIT-0046,,,
FITS:FIT-0047,MCH-002,,PRT-024,APPROVED,APPROVED,EXACT_MODEL,,,SYNTHETIC_DEMO,SYNTHETIC_DEMO,FIT-0047,,,
FITS:FIT-0048,MCH-007,,PRT-025,APPROVED,APPROVED,EXACT_MODEL,,,SYNTHETIC_DEMO,SYNTHETIC_DEMO,FIT-0048,,,
FITS:FIT-0049,MCH-008,,PRT-025,APPROVED,APPROVED,EXACT_MODEL,,,SYNTHETIC_DEMO,SYNTHETIC_DEMO,FIT-0049,,,
FITS:FIT-0050,MCH-004,,PRT-026,APPROVED,APPROVED,EXACT_MODEL,,,SYNTHETIC_DEMO,SYNTHETIC_DEMO,FIT-0050,,,
FITS:FIT-0051,MCH-005,,PRT-026,APPROVED,APPROVED,EXACT_MODEL,,,SYNTHETIC_DEMO,SYNTHETIC_DEMO,FIT-0051,,,
FITS:FIT-0052,MCH-009,,PRT-027,APPROVED,APPROVED,EXACT_MODEL,,,SYNTHETIC_DEMO,SYNTHETIC_DEMO,FIT-0052,,,
FITS:FIT-0053,MCH-010,,PRT-027,APPROVED,APPROVED,EXACT_MODEL,,,SYNTHETIC_DEMO,SYNTHETIC_DEMO,FIT-0053,,,
FITS:FIT-0054,MCH-003,,PRT-028,APPROVED,APPROVED,EXACT_MODEL,,,SYNTHETIC_DEMO,SYNTHETIC_DEMO,FIT-0054,,,
FITS:FIT-0055,MCH-004,,PRT-028,APPROVED,APPROVED,EXACT_MODEL,,,SYNTHETIC_DEMO,SYNTHETIC_DEMO,FIT-0055,,,
FITS:FIT-0056,MCH-002,,PRT-029,APPROVED,APPROVED,EXACT_MODEL,,,SYNTHETIC_DEMO,SYNTHETIC_DEMO,FIT-0056,,,
FITS:FIT-0057,MCH-003,,PRT-029,APPROVED,APPROVED,EXACT_MODEL,,,SYNTHETIC_DEMO,SYNTHETIC_DEMO,FIT-0057,,,
FITS:FIT-0058,MCH-004,,PRT-029,APPROVED,APPROVED,EXACT_MODEL,,,SYNTHETIC_DEMO,SYNTHETIC_DEMO,FIT-0058,,,
FITS:FIT-0059,MCH-005,,PRT-030,CONDITIONAL,CONDITIONAL,EXACT_MODEL,,,SYNTHETIC_DEMO,SYNTHETIC_DEMO,FIT-0059,,,
FITS:FIT-0060,MCH-003,,PRT-031,APPROVED,APPROVED,EXACT_MODEL,,,SYNTHETIC_DEMO,SYNTHETIC_DEMO,FIT-0060,,,
FITS:FIT-0061,MCH-004,,PRT-031,APPROVED,APPROVED,EXACT_MODEL,,,SYNTHETIC_DEMO,SYNTHETIC_DEMO,FIT-0061,,,
FITS:FIT-0062,MCH-001,,PRT-032,APPROVED,APPROVED,EXACT_MODEL,,,SYNTHETIC_DEMO,SYNTHETIC_DEMO,FIT-0062,,,
FITS:FIT-0063,MCH-002,,PRT-032,APPROVED,APPROVED,EXACT_MODEL,,,SYNTHETIC_DEMO,SYNTHETIC_DEMO,FIT-0063,,,
FITS:FIT-0064,MCH-003,,PRT-032,APPROVED,APPROVED,EXACT_MODEL,,,SYNTHETIC_DEMO,SYNTHETIC_DEMO,FIT-0064,,,
FITS:FIT-0065,MCH-009,,PRT-033,APPROVED,APPROVED,EXACT_MODEL,,,SYNTHETIC_DEMO,SYNTHETIC_DEMO,FIT-0065,,,
FITS:FIT-0066,MCH-010,,PRT-033,APPROVED,APPROVED,EXACT_MODEL,,,SYNTHETIC_DEMO,SYNTHETIC_DEMO,FIT-0066,,,
FITS:FIT-0067,MCH-007,,PRT-034,APPROVED,APPROVED,EXACT_MODEL,,,SYNTHETIC_DEMO,SYNTHETIC_DEMO,FIT-0067,,,
FITS:FIT-0068,MCH-008,,PRT-034,APPROVED,APPROVED,EXACT_MODEL,,,SYNTHETIC_DEMO,SYNTHETIC_DEMO,FIT-0068,,,
FITS:FIT-0069,MCH-004,,PRT-035,APPROVED,APPROVED,EXACT_MODEL,,,SYNTHETIC_DEMO,SYNTHETIC_DEMO,FIT-0069,,,
FITS:FIT-0070,MCH-005,,PRT-035,APPROVED,APPROVED,EXACT_MODEL,,,SYNTHETIC_DEMO,SYNTHETIC_DEMO,FIT-0070,,,
FITS:FIT-0071,MCH-003,,PRT-036,APPROVED,APPROVED,EXACT_MODEL,,,SYNTHETIC_DEMO,SYNTHETIC_DEMO,FIT-0071,,,
FITS:FIT-0072,MCH-004,,PRT-036,APPROVED,APPROVED,EXACT_MODEL,,,SYNTHETIC_DEMO,SYNTHETIC_DEMO,FIT-0072,,,
FITS:FIT-0073,MCH-005,,PRT-036,APPROVED,APPROVED,EXACT_MODEL,,,SYNTHETIC_DEMO,SYNTHETIC_DEMO,FIT-0073,,,
FITS:FIT-0074,MCH-014,,PRT-037,APPROVED,APPROVED,EXACT_MODEL,,,SYNTHETIC_DEMO,SYNTHETIC_DEMO,FIT-0074,,,
FITS:FIT-0075,MCH-015,,PRT-037,APPROVED,APPROVED,EXACT_MODEL,,,SYNTHETIC_DEMO,SYNTHETIC_DEMO,FIT-0075,,,
FITS:FIT-0076,MCH-002,,PRT-038,APPROVED,APPROVED,EXACT_MODEL,,,SYNTHETIC_DEMO,SYNTHETIC_DEMO,FIT-0076,,,
FITS:FIT-0077,MCH-003,,PRT-038,APPROVED,APPROVED,EXACT_MODEL,,,SYNTHETIC_DEMO,SYNTHETIC_DEMO,FIT-0077,,,
FITS:FIT-0078,MCH-002,,PRT-039,APPROVED,APPROVED,EXACT_MODEL,,,SYNTHETIC_DEMO,SYNTHETIC_DEMO,FIT-0078,,,
FITS:FIT-0079,MCH-003,,PRT-039,APPROVED,APPROVED,EXACT_MODEL,,,SYNTHETIC_DEMO,SYNTHETIC_DEMO,FIT-0079,,,
FITS:FIT-0080,MCH-004,,PRT-039,APPROVED,APPROVED,EXACT_MODEL,,,SYNTHETIC_DEMO,SYNTHETIC_DEMO,FIT-0080,,,
FITS:FIT-0081,MCH-001,,PRT-040,APPROVED,APPROVED,EXACT_MODEL,,,SYNTHETIC_DEMO,SYNTHETIC_DEMO,FIT-0081,,,
FITS:FIT-0082,MCH-002,,PRT-040,APPROVED,APPROVED,EXACT_MODEL,,,SYNTHETIC_DEMO,SYNTHETIC_DEMO,FIT-0082,,,
FITS:FIT-0083,MCH-007,,PRT-041,APPROVED,APPROVED,EXACT_MODEL,,,SYNTHETIC_DEMO,SYNTHETIC_DEMO,FIT-0083,,,
FITS:FIT-0084,MCH-008,,PRT-041,APPROVED,APPROVED,EXACT_MODEL,,,SYNTHETIC_DEMO,SYNTHETIC_DEMO,FIT-0084,,,
FITS:FIT-0085,MCH-010,,PRT-041,APPROVED,APPROVED,EXACT_MODEL,,,SYNTHETIC_DEMO,SYNTHETIC_DEMO,FIT-0085,,,
FITS:FIT-0086,MCH-004,,PRT-042,APPROVED,APPROVED,EXACT_MODEL,,,SYNTHETIC_DEMO,SYNTHETIC_DEMO,FIT-0086,,,
FITS:FIT-0087,MCH-005,,PRT-042,APPROVED,APPROVED,EXACT_MODEL,,,SYNTHETIC_DEMO,SYNTHETIC_DEMO,FIT-0087,,,
FITS:FIT-0088,MCH-012,,PRT-043,APPROVED,APPROVED,EXACT_MODEL,,,SYNTHETIC_DEMO,SYNTHETIC_DEMO,FIT-0088,,,
FITS:FIT-0089,MCH-009,,PRT-044,APPROVED,APPROVED,EXACT_MODEL,,,SYNTHETIC_DEMO,SYNTHETIC_DEMO,FIT-0089,,,
FITS:FIT-0090,MCH-012,,PRT-044,CONDITIONAL,CONDITIONAL,EXACT_MODEL,,,SYNTHETIC_DEMO,SYNTHETIC_DEMO,FIT-0090,,,
FITS:FIT-0091,MCH-009,,PRT-045,APPROVED,APPROVED,EXACT_MODEL,,,SYNTHETIC_DEMO,SYNTHETIC_DEMO,FIT-0091,,,
FITS:FIT-0092,MCH-012,,PRT-045,CONDITIONAL,CONDITIONAL,EXACT_MODEL,,,SYNTHETIC_DEMO,SYNTHETIC_DEMO,FIT-0092,,,
FITS:FIT-0093,MCH-003,,PRT-046,APPROVED,APPROVED,EXACT_MODEL,,,SYNTHETIC_DEMO,SYNTHETIC_DEMO,FIT-0093,,,
FITS:FIT-0094,MCH-004,,PRT-046,APPROVED,APPROVED,EXACT_MODEL,,,SYNTHETIC_DEMO,SYNTHETIC_DEMO,FIT-0094,,,
FITS:FIT-0095,MCH-003,,PRT-047,APPROVED,APPROVED,EXACT_MODEL,,,SYNTHETIC_DEMO,SYNTHETIC_DEMO,FIT-0095,,,
FITS:FIT-0096,MCH-004,,PRT-047,APPROVED,APPROVED,EXACT_MODEL,,,SYNTHETIC_DEMO,SYNTHETIC_DEMO,FIT-0096,,,
FITS:FIT-0097,MCH-004,,PRT-048,APPROVED,APPROVED,EXACT_MODEL,,,SYNTHETIC_DEMO,SYNTHETIC_DEMO,FIT-0097,,,
FITS:FIT-0098,MCH-005,,PRT-048,APPROVED,APPROVED,EXACT_MODEL,,,SYNTHETIC_DEMO,SYNTHETIC_DEMO,FIT-0098,,,
FITS:FIT-0099,MCH-004,,PRT-049,APPROVED,APPROVED,EXACT_MODEL,,,SYNTHETIC_DEMO,SYNTHETIC_DEMO,FIT-0099,,,
FITS:FIT-0100,MCH-005,,PRT-049,APPROVED,APPROVED,EXACT_MODEL,,,SYNTHETIC_DEMO,SYNTHETIC_DEMO,FIT-0100,,,
FITS:FIT-0101,MCH-003,,PRT-050,APPROVED,APPROVED,EXACT_MODEL,,,SYNTHETIC_DEMO,SYNTHETIC_DEMO,FIT-0101,,,
FITS:FIT-0102,MCH-004,,PRT-050,APPROVED,APPROVED,EXACT_MODEL,,,SYNTHETIC_DEMO,SYNTHETIC_DEMO,FIT-0102,,,
FITS:FIT-0103,MCH-011,,PRT-051,APPROVED,APPROVED,EXACT_MODEL,,,SYNTHETIC_DEMO,SYNTHETIC_DEMO,FIT-0103,,,
FITS:FIT-0104,MCH-013,,PRT-051,APPROVED,APPROVED,EXACT_MODEL,,,SYNTHETIC_DEMO,SYNTHETIC_DEMO,FIT-0104,,,
FITS:FIT-0105,MCH-009,,PRT-052,APPROVED,APPROVED,EXACT_MODEL,,,SYNTHETIC_DEMO,SYNTHETIC_DEMO,FIT-0105,,,
FITS:FIT-0106,MCH-010,,PRT-052,APPROVED,APPROVED,EXACT_MODEL,,,SYNTHETIC_DEMO,SYNTHETIC_DEMO,FIT-0106,,,
FITS:FIT-0107,MCH-002,,PRT-053,APPROVED,APPROVED,EXACT_MODEL,,,SYNTHETIC_DEMO,SYNTHETIC_DEMO,FIT-0107,,,
FITS:FIT-0108,MCH-003,,PRT-053,APPROVED,APPROVED,EXACT_MODEL,,,SYNTHETIC_DEMO,SYNTHETIC_DEMO,FIT-0108,,,
FITS:FIT-0109,MCH-004,,PRT-054,APPROVED,APPROVED,EXACT_MODEL,,,SYNTHETIC_DEMO,SYNTHETIC_DEMO,FIT-0109,,,
FITS:FIT-0110,MCH-001,,PRT-055,APPROVED,APPROVED,EXACT_MODEL,,,SYNTHETIC_DEMO,SYNTHETIC_DEMO,FIT-0110,,,
FITS:FIT-0111,MCH-002,,PRT-055,APPROVED,APPROVED,EXACT_MODEL,,,SYNTHETIC_DEMO,SYNTHETIC_DEMO,FIT-0111,,,
FITS:FIT-0112,MCH-003,,PRT-055,APPROVED,APPROVED,EXACT_MODEL,,,SYNTHETIC_DEMO,SYNTHETIC_DEMO,FIT-0112,,,
FITS:FIT-0113,MCH-002,,PRT-056,APPROVED,APPROVED,EXACT_MODEL,,,SYNTHETIC_DEMO,SYNTHETIC_DEMO,FIT-0113,,,
FITS:FIT-0114,MCH-003,,PRT-056,APPROVED,APPROVED,EXACT_MODEL,,,SYNTHETIC_DEMO,SYNTHETIC_DEMO,FIT-0114,,,
FITS:FIT-0115,MCH-001,,PRT-057,APPROVED,APPROVED,EXACT_MODEL,,,SYNTHETIC_DEMO,SYNTHETIC_DEMO,FIT-0115,,,
FITS:FIT-0116,MCH-002,,PRT-057,APPROVED,APPROVED,EXACT_MODEL,,,SYNTHETIC_DEMO,SYNTHETIC_DEMO,FIT-0116,,,
FITS:FIT-0117,MCH-002,,PRT-058,APPROVED,APPROVED,EXACT_MODEL,,,SYNTHETIC_DEMO,SYNTHETIC_DEMO,FIT-0117,,,
FITS:FIT-0118,MCH-003,,PRT-058,APPROVED,APPROVED,EXACT_MODEL,,,SYNTHETIC_DEMO,SYNTHETIC_DEMO,FIT-0118,,,
FITS:FIT-0119,MCH-004,,PRT-058,APPROVED,APPROVED,EXACT_MODEL,,,SYNTHETIC_DEMO,SYNTHETIC_DEMO,FIT-0119,,,
FITS:FIT-0120,MCH-002,,PRT-059,APPROVED,APPROVED,EXACT_MODEL,,,SYNTHETIC_DEMO,SYNTHETIC_DEMO,FIT-0120,,,
FITS:FIT-0121,MCH-003,,PRT-059,APPROVED,APPROVED,EXACT_MODEL,,,SYNTHETIC_DEMO,SYNTHETIC_DEMO,FIT-0121,,,
FITS:FIT-0122,MCH-004,,PRT-059,APPROVED,APPROVED,EXACT_MODEL,,,SYNTHETIC_DEMO,SYNTHETIC_DEMO,FIT-0122,,,
FITS:FIT-0123,MCH-003,,PRT-060,APPROVED,APPROVED,EXACT_MODEL,,,SYNTHETIC_DEMO,SYNTHETIC_DEMO,FIT-0123,,,
FITS:FIT-0124,MCH-004,,PRT-060,APPROVED,APPROVED,EXACT_MODEL,,,SYNTHETIC_DEMO,SYNTHETIC_DEMO,FIT-0124,,,
FITS:FIT-0125,MCH-005,,PRT-060,APPROVED,APPROVED,EXACT_MODEL,,,SYNTHETIC_DEMO,SYNTHETIC_DEMO,FIT-0125,,,
FITS:FIT-0126,MCH-003,,PRT-061,APPROVED,APPROVED,EXACT_MODEL,,,SYNTHETIC_DEMO,SYNTHETIC_DEMO,FIT-0126,,,
FITS:FIT-0127,MCH-004,,PRT-061,APPROVED,APPROVED,EXACT_MODEL,,,SYNTHETIC_DEMO,SYNTHETIC_DEMO,FIT-0127,,,
FITS:FIT-0128,MCH-005,,PRT-061,APPROVED,APPROVED,EXACT_MODEL,,,SYNTHETIC_DEMO,SYNTHETIC_DEMO,FIT-0128,,,
FITS:FIT-0129,MCH-002,,PRT-062,APPROVED,APPROVED,EXACT_MODEL,,,SYNTHETIC_DEMO,SYNTHETIC_DEMO,FIT-0129,,,
FITS:FIT-0130,MCH-003,,PRT-062,APPROVED,APPROVED,EXACT_MODEL,,,SYNTHETIC_DEMO,SYNTHETIC_DEMO,FIT-0130,,,
FITS:FIT-0131,MCH-004,,PRT-062,APPROVED,APPROVED,EXACT_MODEL,,,SYNTHETIC_DEMO,SYNTHETIC_DEMO,FIT-0131,,,
FITS:FIT-0132,MCH-005,,PRT-062,APPROVED,APPROVED,EXACT_MODEL,,,SYNTHETIC_DEMO,SYNTHETIC_DEMO,FIT-0132,,,
FITS:FIT-0133,MCH-009,,PRT-063,APPROVED,APPROVED,EXACT_MODEL,,,SYNTHETIC_DEMO,SYNTHETIC_DEMO,FIT-0133,,,
FITS:FIT-0134,MCH-010,,PRT-063,APPROVED,APPROVED,EXACT_MODEL,,,SYNTHETIC_DEMO,SYNTHETIC_DEMO,FIT-0134,,,
FITS:FIT-0135,MCH-004,,PRT-064,APPROVED,APPROVED,EXACT_MODEL,,,SYNTHETIC_DEMO,SYNTHETIC_DEMO,FIT-0135,,,
FITS:FIT-0136,MCH-005,,PRT-064,APPROVED,APPROVED,EXACT_MODEL,,,SYNTHETIC_DEMO,SYNTHETIC_DEMO,FIT-0136,,,
FITS:FIT-0137,MCH-007,,PRT-065,APPROVED,APPROVED,EXACT_MODEL,,,SYNTHETIC_DEMO,SYNTHETIC_DEMO,FIT-0137,,,
FITS:FIT-0138,MCH-008,,PRT-065,APPROVED,APPROVED,EXACT_MODEL,,,SYNTHETIC_DEMO,SYNTHETIC_DEMO,FIT-0138,,,
FITS:FIT-0139,MCH-002,,PRT-066,APPROVED,APPROVED,EXACT_MODEL,,,SYNTHETIC_DEMO,SYNTHETIC_DEMO,FIT-0139,,,
FITS:FIT-0140,MCH-003,,PRT-066,APPROVED,APPROVED,EXACT_MODEL,,,SYNTHETIC_DEMO,SYNTHETIC_DEMO,FIT-0140,,,
FITS:FIT-0141,MCH-002,,PRT-067,APPROVED,APPROVED,EXACT_MODEL,,,SYNTHETIC_DEMO,SYNTHETIC_DEMO,FIT-0141,,,
FITS:FIT-0142,MCH-003,,PRT-067,APPROVED,APPROVED,EXACT_MODEL,,,SYNTHETIC_DEMO,SYNTHETIC_DEMO,FIT-0142,,,
FITS:FIT-0143,MCH-003,,PRT-068,APPROVED,APPROVED,EXACT_MODEL,,,SYNTHETIC_DEMO,SYNTHETIC_DEMO,FIT-0143,,,
FITS:FIT-0144,MCH-004,,PRT-068,APPROVED,APPROVED,EXACT_MODEL,,,SYNTHETIC_DEMO,SYNTHETIC_DEMO,FIT-0144,,,
FITS:FIT-0145,MCH-003,,PRT-069,APPROVED,APPROVED,EXACT_MODEL,,,SYNTHETIC_DEMO,SYNTHETIC_DEMO,FIT-0145,,,
FITS:FIT-0146,MCH-004,,PRT-069,APPROVED,APPROVED,EXACT_MODEL,,,SYNTHETIC_DEMO,SYNTHETIC_DEMO,FIT-0146,,,
FITS:FIT-0147,MCH-003,,PRT-070,APPROVED,APPROVED,EXACT_MODEL,,,SYNTHETIC_DEMO,SYNTHETIC_DEMO,FIT-0147,,,
FITS:FIT-0148,MCH-004,,PRT-070,APPROVED,APPROVED,EXACT_MODEL,,,SYNTHETIC_DEMO,SYNTHETIC_DEMO,FIT-0148,,,
FITS:FIT-0149,MCH-007,,PRT-071,APPROVED,APPROVED,EXACT_MODEL,,,SYNTHETIC_DEMO,SYNTHETIC_DEMO,FIT-0149,,,
FITS:FIT-0150,MCH-008,,PRT-071,APPROVED,APPROVED,EXACT_MODEL,,,SYNTHETIC_DEMO,SYNTHETIC_DEMO,FIT-0150,,,
FITS:FIT-0151,MCH-002,,PRT-072,APPROVED,APPROVED,EXACT_MODEL,,,SYNTHETIC_DEMO,SYNTHETIC_DEMO,FIT-0151,,,
FITS:FIT-0152,MCH-003,,PRT-072,APPROVED,APPROVED,EXACT_MODEL,,,SYNTHETIC_DEMO,SYNTHETIC_DEMO,FIT-0152,,,
FITS:FIT-0153,MCH-004,,PRT-072,APPROVED,APPROVED,EXACT_MODEL,,,SYNTHETIC_DEMO,SYNTHETIC_DEMO,FIT-0153,,,
FITS:FIT-0154,MCH-003,,PRT-073,APPROVED,APPROVED,EXACT_MODEL,,,SYNTHETIC_DEMO,SYNTHETIC_DEMO,FIT-0154,,,
FITS:FIT-0155,MCH-004,,PRT-073,APPROVED,APPROVED,EXACT_MODEL,,,SYNTHETIC_DEMO,SYNTHETIC_DEMO,FIT-0155,,,
FITS:FIT-0156,MCH-004,,PRT-074,APPROVED,APPROVED,EXACT_MODEL,,,SYNTHETIC_DEMO,SYNTHETIC_DEMO,FIT-0156,,,
FITS:FIT-0157,MCH-005,,PRT-074,APPROVED,APPROVED,EXACT_MODEL,,,SYNTHETIC_DEMO,SYNTHETIC_DEMO,FIT-0157,,,
FITS:FIT-0158,MCH-003,,PRT-075,APPROVED,APPROVED,EXACT_MODEL,,,SYNTHETIC_DEMO,SYNTHETIC_DEMO,FIT-0158,,,
FITS:FIT-0159,MCH-004,,PRT-075,APPROVED,APPROVED,EXACT_MODEL,,,SYNTHETIC_DEMO,SYNTHETIC_DEMO,FIT-0159,,,
FITS:FIT-0160,MCH-005,,PRT-075,APPROVED,APPROVED,EXACT_MODEL,,,SYNTHETIC_DEMO,SYNTHETIC_DEMO,FIT-0160,,,
FITS:FIT-0161,MCH-002,,PRT-076,APPROVED,APPROVED,EXACT_MODEL,,,SYNTHETIC_DEMO,SYNTHETIC_DEMO,FIT-0161,,,
FITS:FIT-0162,MCH-003,,PRT-076,APPROVED,APPROVED,EXACT_MODEL,,,SYNTHETIC_DEMO,SYNTHETIC_DEMO,FIT-0162,,,
FITS:FIT-0163,MCH-009,,PRT-077,APPROVED,APPROVED,EXACT_MODEL,,,SYNTHETIC_DEMO,SYNTHETIC_DEMO,FIT-0163,,,
FITS:FIT-0164,MCH-010,,PRT-077,APPROVED,APPROVED,EXACT_MODEL,,,SYNTHETIC_DEMO,SYNTHETIC_DEMO,FIT-0164,,,
FITS:FIT-0165,MCH-003,,PRT-078,APPROVED,APPROVED,EXACT_MODEL,,,SYNTHETIC_DEMO,SYNTHETIC_DEMO,FIT-0165,,,
FITS:FIT-0166,MCH-004,,PRT-078,APPROVED,APPROVED,EXACT_MODEL,,,SYNTHETIC_DEMO,SYNTHETIC_DEMO,FIT-0166,,,
FITS:FIT-0167,MCH-003,,PRT-079,APPROVED,APPROVED,EXACT_MODEL,,,SYNTHETIC_DEMO,SYNTHETIC_DEMO,FIT-0167,,,
FITS:FIT-0168,MCH-004,,PRT-079,APPROVED,APPROVED,EXACT_MODEL,,,SYNTHETIC_DEMO,SYNTHETIC_DEMO,FIT-0168,,,
FITS:FIT-0169,MCH-005,,PRT-079,APPROVED,APPROVED,EXACT_MODEL,,,SYNTHETIC_DEMO,SYNTHETIC_DEMO,FIT-0169,,,
FITS:FIT-0170,MCH-003,,PRT-080,APPROVED,APPROVED,EXACT_MODEL,,,SYNTHETIC_DEMO,SYNTHETIC_DEMO,FIT-0170,,,
FITS:FIT-0171,MCH-004,,PRT-080,APPROVED,APPROVED,EXACT_MODEL,,,SYNTHETIC_DEMO,SYNTHETIC_DEMO,FIT-0171,,,
FITS:FIT-0172,MCH-005,,PRT-080,APPROVED,APPROVED,EXACT_MODEL,,,SYNTHETIC_DEMO,SYNTHETIC_DEMO,FIT-0172,,,
FITS:FIT-0173,MCH-001,,PRT-081,APPROVED,APPROVED,EXACT_MODEL,,,SYNTHETIC_DEMO,SYNTHETIC_DEMO,FIT-0173,,,
FITS:FIT-0174,MCH-002,,PRT-081,APPROVED,APPROVED,EXACT_MODEL,,,SYNTHETIC_DEMO,SYNTHETIC_DEMO,FIT-0174,,,
FITS:FIT-0175,MCH-003,,PRT-081,APPROVED,APPROVED,EXACT_MODEL,,,SYNTHETIC_DEMO,SYNTHETIC_DEMO,FIT-0175,,,
FITS:FIT-0176,MCH-004,,PRT-081,APPROVED,APPROVED,EXACT_MODEL,,,SYNTHETIC_DEMO,SYNTHETIC_DEMO,FIT-0176,,,
FITS:FIT-0177,MCH-005,,PRT-081,APPROVED,APPROVED,EXACT_MODEL,,,SYNTHETIC_DEMO,SYNTHETIC_DEMO,FIT-0177,,,
FITS:FIT-0178,MCH-002,,PRT-082,APPROVED,APPROVED,EXACT_MODEL,,,SYNTHETIC_DEMO,SYNTHETIC_DEMO,FIT-0178,,,
FITS:FIT-0179,MCH-003,,PRT-082,APPROVED,APPROVED,EXACT_MODEL,,,SYNTHETIC_DEMO,SYNTHETIC_DEMO,FIT-0179,,,
FITS:FIT-0180,MCH-004,,PRT-082,APPROVED,APPROVED,EXACT_MODEL,,,SYNTHETIC_DEMO,SYNTHETIC_DEMO,FIT-0180,,,
FITS:FIT-0181,MCH-003,,PRT-083,APPROVED,APPROVED,EXACT_MODEL,,,SYNTHETIC_DEMO,SYNTHETIC_DEMO,FIT-0181,,,
FITS:FIT-0182,MCH-004,,PRT-083,APPROVED,APPROVED,EXACT_MODEL,,,SYNTHETIC_DEMO,SYNTHETIC_DEMO,FIT-0182,,,
FITS:FIT-0183,MCH-009,,PRT-084,APPROVED,APPROVED,EXACT_MODEL,,,SYNTHETIC_DEMO,SYNTHETIC_DEMO,FIT-0183,,,
FITS:FIT-0184,MCH-010,,PRT-084,APPROVED,APPROVED,EXACT_MODEL,,,SYNTHETIC_DEMO,SYNTHETIC_DEMO,FIT-0184,,,
FITS:FIT-0185,MCH-004,,PRT-085,APPROVED,APPROVED,EXACT_MODEL,,,SYNTHETIC_DEMO,SYNTHETIC_DEMO,FIT-0185,,,
FITS:FIT-0186,MCH-005,,PRT-085,APPROVED,APPROVED,EXACT_MODEL,,,SYNTHETIC_DEMO,SYNTHETIC_DEMO,FIT-0186,,,
FITS:FIT-0187,MCH-004,,PRT-086,APPROVED,APPROVED,EXACT_MODEL,,,SYNTHETIC_DEMO,SYNTHETIC_DEMO,FIT-0187,,,
FITS:FIT-0188,MCH-005,,PRT-086,APPROVED,APPROVED,EXACT_MODEL,,,SYNTHETIC_DEMO,SYNTHETIC_DEMO,FIT-0188,,,
FITS:FIT-0189,MCH-004,,PRT-087,APPROVED,APPROVED,EXACT_MODEL,,,SYNTHETIC_DEMO,SYNTHETIC_DEMO,FIT-0189,,,
FITS:FIT-0190,MCH-005,,PRT-087,APPROVED,APPROVED,EXACT_MODEL,,,SYNTHETIC_DEMO,SYNTHETIC_DEMO,FIT-0190,,,
FITS:FIT-0191,MCH-003,,PRT-088,APPROVED,APPROVED,EXACT_MODEL,,,SYNTHETIC_DEMO,SYNTHETIC_DEMO,FIT-0191,,,
FITS:FIT-0192,MCH-004,,PRT-088,APPROVED,APPROVED,EXACT_MODEL,,,SYNTHETIC_DEMO,SYNTHETIC_DEMO,FIT-0192,,,
FITS:FIT-0193,MCH-002,,PRT-089,APPROVED,APPROVED,EXACT_MODEL,,,SYNTHETIC_DEMO,SYNTHETIC_DEMO,FIT-0193,,,
FITS:FIT-0194,MCH-003,,PRT-089,APPROVED,APPROVED,EXACT_MODEL,,,SYNTHETIC_DEMO,SYNTHETIC_DEMO,FIT-0194,,,
FITS:FIT-0195,MCH-007,,PRT-090,APPROVED,APPROVED,EXACT_MODEL,,,SYNTHETIC_DEMO,SYNTHETIC_DEMO,FIT-0195,,,
FITS:FIT-0196,MCH-008,,PRT-090,APPROVED,APPROVED,EXACT_MODEL,,,SYNTHETIC_DEMO,SYNTHETIC_DEMO,FIT-0196,,,
FITS:FIT-0197,MCH-004,,PRT-091,APPROVED,APPROVED,EXACT_MODEL,,,SYNTHETIC_DEMO,SYNTHETIC_DEMO,FIT-0197,,,
FITS:FIT-0198,MCH-005,,PRT-091,APPROVED,APPROVED,EXACT_MODEL,,,SYNTHETIC_DEMO,SYNTHETIC_DEMO,FIT-0198,,,
FITS:FIT-0199,MCH-003,,PRT-092,APPROVED,APPROVED,EXACT_MODEL,,,SYNTHETIC_DEMO,SYNTHETIC_DEMO,FIT-0199,,,
FITS:FIT-0200,MCH-004,,PRT-092,APPROVED,APPROVED,EXACT_MODEL,,,SYNTHETIC_DEMO,SYNTHETIC_DEMO,FIT-0200,,,
FITS:FIT-0201,MCH-005,,PRT-092,APPROVED,APPROVED,EXACT_MODEL,,,SYNTHETIC_DEMO,SYNTHETIC_DEMO,FIT-0201,,,
FITS:FIT-0202,MCH-004,,PRT-093,APPROVED,APPROVED,EXACT_MODEL,,,SYNTHETIC_DEMO,SYNTHETIC_DEMO,FIT-0202,,,
FITS:FIT-0203,MCH-005,,PRT-093,APPROVED,APPROVED,EXACT_MODEL,,,SYNTHETIC_DEMO,SYNTHETIC_DEMO,FIT-0203,,,
FITS:FIT-0204,MCH-002,,PRT-094,APPROVED,APPROVED,EXACT_MODEL,,,SYNTHETIC_DEMO,SYNTHETIC_DEMO,FIT-0204,,,
FITS:FIT-0205,MCH-003,,PRT-094,APPROVED,APPROVED,EXACT_MODEL,,,SYNTHETIC_DEMO,SYNTHETIC_DEMO,FIT-0205,,,
FITS:FIT-0206,MCH-003,,PRT-095,APPROVED,APPROVED,EXACT_MODEL,,,SYNTHETIC_DEMO,SYNTHETIC_DEMO,FIT-0206,,,
FITS:FIT-0207,MCH-004,,PRT-095,APPROVED,APPROVED,EXACT_MODEL,,,SYNTHETIC_DEMO,SYNTHETIC_DEMO,FIT-0207,,,
FITS:FIT-0208,MCH-002,,PRT-096,APPROVED,APPROVED,EXACT_MODEL,,,SYNTHETIC_DEMO,SYNTHETIC_DEMO,FIT-0208,,,
FITS:FIT-0209,MCH-003,,PRT-096,APPROVED,APPROVED,EXACT_MODEL,,,SYNTHETIC_DEMO,SYNTHETIC_DEMO,FIT-0209,,,
FITS:FIT-0210,MCH-004,,PRT-096,APPROVED,APPROVED,EXACT_MODEL,,,SYNTHETIC_DEMO,SYNTHETIC_DEMO,FIT-0210,,,
FITS:FIT-0211,MCH-005,,PRT-096,APPROVED,APPROVED,EXACT_MODEL,,,SYNTHETIC_DEMO,SYNTHETIC_DEMO,FIT-0211,,,
FITS:FIT-0212,MCH-009,,PRT-097,APPROVED,APPROVED,EXACT_MODEL,,,SYNTHETIC_DEMO,SYNTHETIC_DEMO,FIT-0212,,,
FITS:FIT-0213,MCH-010,,PRT-097,APPROVED,APPROVED,EXACT_MODEL,,,SYNTHETIC_DEMO,SYNTHETIC_DEMO,FIT-0213,,,
FITS:FIT-0214,MCH-003,,PRT-098,APPROVED,APPROVED,EXACT_MODEL,,,SYNTHETIC_DEMO,SYNTHETIC_DEMO,FIT-0214,,,
FITS:FIT-0215,MCH-004,,PRT-098,APPROVED,APPROVED,EXACT_MODEL,,,SYNTHETIC_DEMO,SYNTHETIC_DEMO,FIT-0215,,,
FITS:FIT-0216,MCH-002,,PRT-099,APPROVED,APPROVED,EXACT_MODEL,,,SYNTHETIC_DEMO,SYNTHETIC_DEMO,FIT-0216,,,
FITS:FIT-0217,MCH-003,,PRT-099,APPROVED,APPROVED,EXACT_MODEL,,,SYNTHETIC_DEMO,SYNTHETIC_DEMO,FIT-0217,,,
FITS:FIT-0218,MCH-004,,PRT-099,APPROVED,APPROVED,EXACT_MODEL,,,SYNTHETIC_DEMO,SYNTHETIC_DEMO,FIT-0218,,,
FITS:FIT-0219,MCH-010,,PRT-100,APPROVED,APPROVED,EXACT_MODEL,,,SYNTHETIC_DEMO,SYNTHETIC_DEMO,FIT-0219,,,
