legacy_mapping_id,part_id,legacy_part_number,legacy_system,data_status,source_type,source_record_id,ingestion_timestamp,effective_from,effective_to
LEG-001,PRT-001,HK-2291-B,,SOURCE_DERIVED,OEM_MASTER,LEG-001,,,
LEG-002,PRT-002,AS-771,,SOURCE_DERIVED,OEM_MASTER,LEG-002,,,
LEG-003,PRT-003,AS-772,,SOURCE_DERIVED,OEM_MASTER,LEG-003,,,
LEG-004,PRT-004,AS-410-C,,SOURCE_DERIVED,OEM_MASTER,LEG-004,,,
LEG-005,PRT-005,AS-411-C,,SOURCE_DERIVED,OEM_MASTER,LEG-005,,,
LEG-006,PRT-006,KFT-310,,SOURCE_DERIVED,OEM_MASTER,LEG-006,,,
LEG-007,PRT-007,KFT-315,,SOURCE_DERIVED,OEM_MASTER,LEG-007,,,
LEG-008,PRT-008,AS-520,,SOURCE_DERIVED,OEM_MASTER,LEG-008,,,
LEG-009,PRT-009,AS-521,,SOURCE_DERIVED,OEM_MASTER,LEG-009,,,
LEG-010,PRT-010,,,SOURCE_DERIVED,OEM_MASTER,LEG-010,,,
LEG-011,PRT-011,AS-550,,SOURCE_DERIVED,OEM_MASTER,LEG-011,,,
LEG-012,PRT-012,KFT-340,,SOURCE_DERIVED,OEM_MASTER,LEG-012,,,
LEG-013,PRT-013,AS-411-SK,,SOURCE_DERIVED,OEM_MASTER,LEG-013,,,
LEG-014,PRT-014,,,SOURCE_DERIVED,OEM_MASTER,LEG-014,,,
LEG-015,PRT-015,AS-560,,SOURCE_DERIVED,OEM_MASTER,LEG-015,,,
LEG-016,PRT-016,GX-24T-A,,SOURCE_DERIVED,OEM_MASTER,LEG-016,,,
LEG-017,PRT-017,AS-610,,SOURCE_DERIVED,OEM_MASTER,LEG-017,,,
LEG-018,PRT-018,KFT-410,,SOURCE_DERIVED,OEM_MASTER,LEG-018,,,
LEG-019,PRT-019,AS-620,,SOURCE_DERIVED,OEM_MASTER,LEG-019,,,
LEG-020,PRT-020,AS-621,,SOURCE_DERIVED,OEM_MASTER,LEG-020,,,
LEG-021,PRT-021,AS-630,,SOURCE_DERIVED,OEM_MASTER,LEG-021,,,
LEG-022,PRT-022,,,SOURCE_DERIVED,OEM_MASTER,LEG-022,,,
LEG-023,PRT-023,KFT-420,,SOURCE_DERIVED,OEM_MASTER,LEG-023,,,
LEG-024,PRT-024,AS-640,,SOURCE_DERIVED,OEM_MASTER,LEG-024,,,
LEG-025,PRT-025,KFT-430,,SOURCE_DERIVED,OEM_MASTER,LEG-025,,,
LEG-026,PRT-026,AS-650,,SOURCE_DERIVED,OEM_MASTER,LEG-026,,,
LEG-027,PRT-027,KFT-440,,SOURCE_DERIVED,OEM_MASTER,LEG-027,,,
LEG-028,PRT-028,AS-651-SK,,SOURCE_DERIVED,OEM_MASTER,LEG-028,,,
LEG-029,PRT-029,AS-660,,SOURCE_DERIVED,OEM_MASTER,LEG-029,,,
LEG-030,PRT-030,AS-670,,SOURCE_DERIVED,OEM_MASTER,LEG-030,,,
LEG-031,PRT-031,AS-710,,SOURCE_DERIVED,OEM_MASTER,LEG-031,,,
LEG-032,PRT-032,AS-711,,SOURCE_DERIVED,OEM_MASTER,LEG-032,,,
LEG-033,PRT-033,KFT-510,,SOURCE_DERIVED,OEM_MASTER,LEG-033,,,
LEG-034,PRT-034,KFT-511,,SOURCE_DERIVED,OEM_MASTER,LEG-034,,,
LEG-035,PRT-035,AS-720,,SOURCE_DERIVED,OEM_MASTER,LEG-035,,,
LEG-036,PRT-036,AS-721,,SOURCE_DERIVED,OEM_MASTER,LEG-036,,,
LEG-037,PRT-037,,,SOURCE_DERIVED,OEM_MASTER,LEG-037,,,
LEG-038,PRT-038,AS-730,,SOURCE_DERIVED,OEM_MASTER,LEG-038,,,
LEG-039,PRT-039,AS-731,,SOURCE_DERIVED,OEM_MASTER,LEG-039,,,
LEG-040,PRT-040,AS-740,,SOURCE_DERIVED,OEM_MASTER,LEG-040,,,
LEG-041,PRT-041,KFT-520,,SOURCE_DERIVED,OEM_MASTER,LEG-041,,,
LEG-042,PRT-042,AS-750,,SOURCE_DERIVED,OEM_MASTER,LEG-042,,,
LEG-043,PRT-043,,,SOURCE_DERIVED,OEM_MASTER,LEG-043,,,
LEG-044,PRT-044,KFT-610-L,,SOURCE_DERIVED,OEM_MASTER,LEG-044,,,
LEG-045,PRT-045,KFT-610-R,,SOURCE_DERIVED,OEM_MASTER,LEG-045,,,
LEG-046,PRT-046,AS-810,,SOURCE_DERIVED,OEM_MASTER,LEG-046,,,
LEG-047,PRT-047,AS-811,,SOURCE_DERIVED,OEM_MASTER,LEG-047,,,
LEG-048,PRT-048,AS-820,,SOURCE_DERIVED,OEM_MASTER,LEG-048,,,
LEG-049,PRT-049,AS-821,,SOURCE_DERIVED,OEM_MASTER,LEG-049,,,
LEG-050,PRT-050,AS-830,,SOURCE_DERIVED,OEM_MASTER,LEG-050,,,
LEG-051,PRT-051,BTS-810,,SOURCE_DERIVED,OEM_MASTER,LEG-051,,,
LEG-052,PRT-052,KFT-620,,SOURCE_DERIVED,OEM_MASTER,LEG-052,,,
LEG-053,PRT-053,AS-840,,SOURCE_DERIVED,OEM_MASTER,LEG-053,,,
LEG-054,PRT-054,AS-850,,SOURCE_DERIVED,OEM_MASTER,LEG-054,,,
LEG-055,PRT-055,AS-851,,SOURCE_DERIVED,OEM_MASTER,LEG-055,,,
LEG-056,PRT-056,AS-860,,SOURCE_DERIVED,OEM_MASTER,LEG-056,,,
LEG-057,PRT-057,AS-861,,SOURCE_DERIVED,OEM_MASTER,LEG-057,,,
LEG-058,PRT-058,AS-910,,SOURCE_DERIVED,OEM_MASTER,LEG-058,,,
LEG-059,PRT-059,AS-911,,SOURCE_DERIVED,OEM_MASTER,LEG-059,,,
LEG-060,PRT-060,AS-920,,SOURCE_DERIVED,OEM_MASTER,LEG-060,,,
LEG-061,PRT-061,AS-921,,SOURCE_DERIVED,OEM_MASTER,LEG-061,,,
LEG-062,PRT-062,AS-930,,SOURCE_DERIVED,OEM_MASTER,LEG-062,,,
LEG-063,PRT-063,KFT-710,,SOURCE_DERIVED,OEM_MASTER,LEG-063,,,
LEG-064,PRT-064,AS-940,,SOURCE_DERIVED,OEM_MASTER,LEG-064,,,
LEG-065,PRT-065,KFT-720,,SOURCE_DERIVED,OEM_MASTER,LEG-065,,,
LEG-066,PRT-066,AS-1010,,SOURCE_DERIVED,OEM_MASTER,LEG-066,,,
LEG-067,PRT-067,AS-1011,,SOURCE_DERIVED,OEM_MASTER,LEG-067,,,
LEG-068,PRT-068,AS-1020,,SOURCE_DERIVED,OEM_MASTER,LEG-068,,,
LEG-069,PRT-069,AS-1021,,SOURCE_DERIVED,OEM_MASTER,LEG-069,,,
LEG-070,PRT-070,AS-1030,,SOURCE_DERIVED,OEM_MASTER,LEG-070,,,
LEG-071,PRT-071,KFT-810,,SOURCE_DERIVED,OEM_MASTER,LEG-071,,,
LEG-072,PRT-072,AS-1040,,SOURCE_DERIVED,OEM_MASTER,LEG-072,,,
LEG-073,PRT-073,AS-1041,,SOURCE_DERIVED,OEM_MASTER,LEG-073,,,
LEG-074,PRT-074,AS-1110,,SOURCE_DERIVED,OEM_MASTER,LEG-074,,,
LEG-075,PRT-075,AS-1111,,SOURCE_DERIVED,OEM_MASTER,LEG-075,,,
LEG-076,PRT-076,AS-1112,,SOURCE_DERIVED,OEM_MASTER,LEG-076,,,
LEG-077,PRT-077,KFT-910,,SOURCE_DERIVED,OEM_MASTER,LEG-077,,,
LEG-078,PRT-078,AS-1120,,SOURCE_DERIVED,OEM_MASTER,LEG-078,,,
LEG-079,PRT-079,AS-1121,,SOURCE_DERIVED,OEM_MASTER,LEG-079,,,
LEG-080,PRT-080,AS-1210,,SOURCE_DERIVED,OEM_MASTER,LEG-080,,,
LEG-081,PRT-081,AS-1211,,SOURCE_DERIVED,OEM_MASTER,LEG-081,,,
LEG-082,PRT-082,AS-1220,,SOURCE_DERIVED,OEM_MASTER,LEG-082,,,
LEG-083,PRT-083,AS-1221,,SOURCE_DERIVED,OEM_MASTER,LEG-083,,,
LEG-084,PRT-084,KFT-1010,,SOURCE_DERIVED,OEM_MASTER,LEG-084,,,
LEG-085,PRT-085,AS-1230,,SOURCE_DERIVED,OEM_MASTER,LEG-085,,,
LEG-086,PRT-086,AS-1231,,SOURCE_DERIVED,OEM_MASTER,LEG-086,,,
LEG-087,PRT-087,AS-1240,,SOURCE_DERIVED,OEM_MASTER,LEG-087,,,
LEG-088,PRT-088,AS-1310,,SOURCE_DERIVED,OEM_MASTER,LEG-088,,,
LEG-089,PRT-089,AS-1311,,SOURCE_DERIVED,OEM_MASTER,LEG-089,,,
LEG-090,PRT-090,KFT-1110,,SOURCE_DERIVED,OEM_MASTER,LEG-090,,,
LEG-091,PRT-091,AS-1320,,SOURCE_DERIVED,OEM_MASTER,LEG-091,,,
LEG-092,PRT-092,AS-1330,,SOURCE_DERIVED,OEM_MASTER,LEG-092,,,
LEG-093,PRT-093,AS-1340,,SOURCE_DERIVED,OEM_MASTER,LEG-093,,,
LEG-094,PRT-094,AS-1350,,SOURCE_DERIVED,OEM_MASTER,LEG-094,,,
LEG-095,PRT-095,AS-1360,,SOURCE_DERIVED,OEM_MASTER,LEG-095,,,
LEG-096,PRT-096,AS-1410,,SOURCE_DERIVED,OEM_MASTER,LEG-096,,,
LEG-097,PRT-097,KFT-1210,,SOURCE_DERIVED,OEM_MASTER,LEG-097,,,
LEG-098,PRT-098,AS-1420,,SOURCE_DERIVED,OEM_MASTER,LEG-098,,,
LEG-099,PRT-099,AS-1430,,SOURCE_DERIVED,OEM_MASTER,LEG-099,,,
LEG-100,PRT-100,KFT-1220,,SOURCE_DERIVED,OEM_MASTER,LEG-100,,,
