label,canonical_id,nodes,unique_ids,duplicate_ids,relationships_touching,isolated_nodes,provenance,source_sheet
Address,address_id,44,44,0,96,0,SYNTHETIC_DEMO:44,SYN_addresses
Assembly,assembly_id,15,15,0,50,0,SYNTHETIC_DEMO:15,SYN_assembly_master
BusinessUnit,business_unit_id,3,3,0,124,0,SOURCE_DERIVED:3,business_units
Carrier,carrier_id,1,1,0,9,0,SYNTHETIC_DEMO:1,SYN_shipments
Cart,cart_id,3,3,0,9,0,SYNTHETIC_DEMO:3,SYN_carts
CartLine,cart_line_id,6,6,0,12,0,SYNTHETIC_DEMO:6,SYN_cart_items
Category,category_id,101,101,0,417,0,SOURCE_DERIVED:10 / DERIVED:91,categories
ComplianceRequirement,compliance_id,8,8,0,110,0,SYNTHETIC_DEMO:8,SYN_compliance
Customer,customer_id,10,10,0,70,0,SYNTHETIC_DEMO:10,SYN_customers
DataSource,source_id,4,4,0,0,4,SYNTHETIC_DEMO:3 / USER_PROVIDED:1,SYN_data_sources
Dealer,dealer_id,15,15,0,420,0,SYNTHETIC_DEMO:15,SYN_dealers
DeliveryEstimate,delivery_estimate_id,100,100,0,200,0,SYNTHETIC_DEMO:100,SYN_delivery_options
IdentificationRequirement,requirement_id,6,6,0,22,0,SYNTHETIC_DEMO:6,SYN_identification_requirements
LegacyReference,legacy_reference_id,100,100,0,200,0,SOURCE_DERIVED:100,legacy_part_mapping
Location,location_id,5,5,0,17,0,SOURCE_DERIVED:5,locations
Machine,machine_id,15,15,0,503,0,SOURCE_DERIVED:15,machines
MachineFamily,family_id,3,3,0,48,0,DERIVED:3,machine_families
MachineSpecification,machine_spec_id,83,83,0,83,0,SYNTHETIC_DEMO:83,SYN_machine_specifications
MachineType,machine_type_id,15,15,0,15,0,SOURCE_DERIVED:15,machine_types
MachineVariant,variant_id,30,30,0,40,0,SYNTHETIC_DEMO:30,SYN_machine_variants
Order,order_id,8,8,0,71,0,SYNTHETIC_DEMO:8,SYN_orders
OrderLine,order_line_id,14,14,0,51,0,SYNTHETIC_DEMO:14,SYN_order_items
OrderStatus,order_status_code,6,6,0,32,0,USER_PROVIDED:6,order_statuses
OrderStatusEvent,status_event_id,32,32,0,64,0,SYNTHETIC_DEMO:32,SYN_order_status_history
Part,part_id,100,100,0,2841,0,SOURCE_DERIVED:100,parts
PartCatalogProfile,profile_id,100,100,0,100,0,SYNTHETIC_DEMO:100,SYN_part_catalog
PartSpecification,specification_id,279,279,0,279,0,SOURCE_DERIVED:208 / DERIVED:71,part_specifications
Plant,plant_id,3,3,0,130,0,USER_PROVIDED:3,plants
Price,price_id,100,100,0,100,0,SYNTHETIC_DEMO:100,SYN_pricing
Region,region_id,14,14,0,44,0,SYNTHETIC_DEMO:14,SYN_countries_regions
SearchAlias,alias_id,493,493,0,493,0,SYNTHETIC_DEMO:493,SYN_search_aliases
ServicePlan,service_plan_id,60,60,0,131,0,SYNTHETIC_DEMO:60,SYN_services
Shipment,shipment_id,9,9,0,72,0,SYNTHETIC_DEMO:9,SYN_shipments
ShippingRate,rate_id,8,8,0,0,8,SYNTHETIC_DEMO:8,SYN_shipping_rates
Supplier,supplier_id,12,12,0,198,0,SYNTHETIC_DEMO:12,SYN_suppliers
SupplierBackorder,backorder_id,4,4,0,8,0,SYNTHETIC_DEMO:4,SYN_supplier_backorders
TrackingEvent,tracking_event_id,27,27,0,27,0,SYNTHETIC_DEMO:27,SYN_shipment_events
Warehouse,warehouse_id,4,4,0,538,0,SYNTHETIC_DEMO:4,SYN_warehouses
