record_id,source_sheet,classification,reason,would_have_been,explanation,data_status
INV-0006,SYN_inventory,EXCLUDED,EXPLICIT_ZERO_WITHOUT_STOCKING_RECORD,(:Part {part_id:'PRT-041'})-[:STOCKED_BY {available: 0}]->(:Dealer {dealer_id:'DLR-001'}),"SYN_inventory has a 0-stock row for a dealer that SYN_part_dealer does not list as stocking the part. The fact is UNKNOWN, not ZERO, so it is not imported.",SYNTHETIC_DEMO
INV-0009,SYN_inventory,EXCLUDED,EXPLICIT_ZERO_WITHOUT_STOCKING_RECORD,(:Part {part_id:'PRT-065'})-[:STOCKED_BY {available: 0}]->(:Dealer {dealer_id:'DLR-001'}),"SYN_inventory has a 0-stock row for a dealer that SYN_part_dealer does not list as stocking the part. The fact is UNKNOWN, not ZERO, so it is not imported.",SYNTHETIC_DEMO
INV-0018,SYN_inventory,EXCLUDED,EXPLICIT_ZERO_WITHOUT_STOCKING_RECORD,(:Part {part_id:'PRT-014'})-[:STOCKED_BY {available: 0}]->(:Dealer {dealer_id:'DLR-002'}),"SYN_inventory has a 0-stock row for a dealer that SYN_part_dealer does not list as stocking the part. The fact is UNKNOWN, not ZERO, so it is not imported.",SYNTHETIC_DEMO
INV-0027,SYN_inventory,EXCLUDED,EXPLICIT_ZERO_WITHOUT_STOCKING_RECORD,(:Part {part_id:'PRT-044'})-[:STOCKED_BY {available: 0}]->(:Dealer {dealer_id:'DLR-002'}),"SYN_inventory has a 0-stock row for a dealer that SYN_part_dealer does not list as stocking the part. The fact is UNKNOWN, not ZERO, so it is not imported.",SYNTHETIC_DEMO
INV-0059,SYN_inventory,EXCLUDED,EXPLICIT_ZERO_WITHOUT_STOCKING_RECORD,(:Part {part_id:'PRT-045'})-[:STOCKED_BY {available: 0}]->(:Dealer {dealer_id:'DLR-003'}),"SYN_inventory has a 0-stock row for a dealer that SYN_part_dealer does not list as stocking the part. The fact is UNKNOWN, not ZERO, so it is not imported.",SYNTHETIC_DEMO
INV-0069,SYN_inventory,EXCLUDED,EXPLICIT_ZERO_WITHOUT_STOCKING_RECORD,(:Part {part_id:'PRT-072'})-[:STOCKED_BY {available: 0}]->(:Dealer {dealer_id:'DLR-003'}),"SYN_inventory has a 0-stock row for a dealer that SYN_part_dealer does not list as stocking the part. The fact is UNKNOWN, not ZERO, so it is not imported.",SYNTHETIC_DEMO
INV-0072,SYN_inventory,EXCLUDED,EXPLICIT_ZERO_WITHOUT_STOCKING_RECORD,(:Part {part_id:'PRT-085'})-[:STOCKED_BY {available: 0}]->(:Dealer {dealer_id:'DLR-003'}),"SYN_inventory has a 0-stock row for a dealer that SYN_part_dealer does not list as stocking the part. The fact is UNKNOWN, not ZERO, so it is not imported.",SYNTHETIC_DEMO
INV-0084,SYN_inventory,EXCLUDED,EXPLICIT_ZERO_WITHOUT_STOCKING_RECORD,(:Part {part_id:'PRT-016'})-[:STOCKED_BY {available: 0}]->(:Dealer {dealer_id:'DLR-004'}),"SYN_inventory has a 0-stock row for a dealer that SYN_part_dealer does not list as stocking the part. The fact is UNKNOWN, not ZERO, so it is not imported.",SYNTHETIC_DEMO
INV-0095,SYN_inventory,EXCLUDED,EXPLICIT_ZERO_WITHOUT_STOCKING_RECORD,(:Part {part_id:'PRT-049'})-[:STOCKED_BY {available: 0}]->(:Dealer {dealer_id:'DLR-004'}),"SYN_inventory has a 0-stock row for a dealer that SYN_part_dealer does not list as stocking the part. The fact is UNKNOWN, not ZERO, so it is not imported.",SYNTHETIC_DEMO
INV-0110,SYN_inventory,EXCLUDED,EXPLICIT_ZERO_WITHOUT_STOCKING_RECORD,(:Part {part_id:'PRT-099'})-[:STOCKED_BY {available: 0}]->(:Dealer {dealer_id:'DLR-004'}),"SYN_inventory has a 0-stock row for a dealer that SYN_part_dealer does not list as stocking the part. The fact is UNKNOWN, not ZERO, so it is not imported.",SYNTHETIC_DEMO
INV-0117,SYN_inventory,EXCLUDED,EXPLICIT_ZERO_WITHOUT_STOCKING_RECORD,(:Part {part_id:'PRT-041'})-[:STOCKED_BY {available: 0}]->(:Dealer {dealer_id:'DLR-005'}),"SYN_inventory has a 0-stock row for a dealer that SYN_part_dealer does not list as stocking the part. The fact is UNKNOWN, not ZERO, so it is not imported.",SYNTHETIC_DEMO
INV-0119,SYN_inventory,EXCLUDED,EXPLICIT_ZERO_WITHOUT_STOCKING_RECORD,(:Part {part_id:'PRT-052'})-[:STOCKED_BY {available: 0}]->(:Dealer {dealer_id:'DLR-005'}),"SYN_inventory has a 0-stock row for a dealer that SYN_part_dealer does not list as stocking the part. The fact is UNKNOWN, not ZERO, so it is not imported.",SYNTHETIC_DEMO
INV-0146,SYN_inventory,EXCLUDED,EXPLICIT_ZERO_WITHOUT_STOCKING_RECORD,(:Part {part_id:'PRT-079'})-[:STOCKED_BY {available: 0}]->(:Dealer {dealer_id:'DLR-006'}),"SYN_inventory has a 0-stock row for a dealer that SYN_part_dealer does not list as stocking the part. The fact is UNKNOWN, not ZERO, so it is not imported.",SYNTHETIC_DEMO
INV-0159,SYN_inventory,EXCLUDED,EXPLICIT_ZERO_WITHOUT_STOCKING_RECORD,(:Part {part_id:'PRT-029'})-[:STOCKED_BY {available: 0}]->(:Dealer {dealer_id:'DLR-007'}),"SYN_inventory has a 0-stock row for a dealer that SYN_part_dealer does not list as stocking the part. The fact is UNKNOWN, not ZERO, so it is not imported.",SYNTHETIC_DEMO
INV-0160,SYN_inventory,EXCLUDED,EXPLICIT_ZERO_WITHOUT_STOCKING_RECORD,(:Part {part_id:'PRT-035'})-[:STOCKED_BY {available: 0}]->(:Dealer {dealer_id:'DLR-007'}),"SYN_inventory has a 0-stock row for a dealer that SYN_part_dealer does not list as stocking the part. The fact is UNKNOWN, not ZERO, so it is not imported.",SYNTHETIC_DEMO
INV-0175,SYN_inventory,EXCLUDED,EXPLICIT_ZERO_WITHOUT_STOCKING_RECORD,(:Part {part_id:'PRT-095'})-[:STOCKED_BY {available: 0}]->(:Dealer {dealer_id:'DLR-007'}),"SYN_inventory has a 0-stock row for a dealer that SYN_part_dealer does not list as stocking the part. The fact is UNKNOWN, not ZERO, so it is not imported.",SYNTHETIC_DEMO
INV-0190,SYN_inventory,EXCLUDED,EXPLICIT_ZERO_WITHOUT_STOCKING_RECORD,(:Part {part_id:'PRT-011'})-[:STOCKED_BY {available: 0}]->(:Dealer {dealer_id:'DLR-009'}),"SYN_inventory has a 0-stock row for a dealer that SYN_part_dealer does not list as stocking the part. The fact is UNKNOWN, not ZERO, so it is not imported.",SYNTHETIC_DEMO
INV-0191,SYN_inventory,EXCLUDED,EXPLICIT_ZERO_WITHOUT_STOCKING_RECORD,(:Part {part_id:'PRT-013'})-[:STOCKED_BY {available: 0}]->(:Dealer {dealer_id:'DLR-009'}),"SYN_inventory has a 0-stock row for a dealer that SYN_part_dealer does not list as stocking the part. The fact is UNKNOWN, not ZERO, so it is not imported.",SYNTHETIC_DEMO
INV-0206,SYN_inventory,EXCLUDED,EXPLICIT_ZERO_WITHOUT_STOCKING_RECORD,(:Part {part_id:'PRT-048'})-[:STOCKED_BY {available: 0}]->(:Dealer {dealer_id:'DLR-009'}),"SYN_inventory has a 0-stock row for a dealer that SYN_part_dealer does not list as stocking the part. The fact is UNKNOWN, not ZERO, so it is not imported.",SYNTHETIC_DEMO
INV-0238,SYN_inventory,EXCLUDED,EXPLICIT_ZERO_WITHOUT_STOCKING_RECORD,(:Part {part_id:'PRT-040'})-[:STOCKED_BY {available: 0}]->(:Dealer {dealer_id:'DLR-010'}),"SYN_inventory has a 0-stock row for a dealer that SYN_part_dealer does not list as stocking the part. The fact is UNKNOWN, not ZERO, so it is not imported.",SYNTHETIC_DEMO
INV-0263,SYN_inventory,EXCLUDED,EXPLICIT_ZERO_WITHOUT_STOCKING_RECORD,(:Part {part_id:'PRT-025'})-[:STOCKED_BY {available: 0}]->(:Dealer {dealer_id:'DLR-011'}),"SYN_inventory has a 0-stock row for a dealer that SYN_part_dealer does not list as stocking the part. The fact is UNKNOWN, not ZERO, so it is not imported.",SYNTHETIC_DEMO
INV-0289,SYN_inventory,EXCLUDED,EXPLICIT_ZERO_WITHOUT_STOCKING_RECORD,(:Part {part_id:'PRT-041'})-[:STOCKED_BY {available: 0}]->(:Dealer {dealer_id:'DLR-014'}),"SYN_inventory has a 0-stock row for a dealer that SYN_part_dealer does not list as stocking the part. The fact is UNKNOWN, not ZERO, so it is not imported.",SYNTHETIC_DEMO
INV-0290,SYN_inventory,EXCLUDED,EXPLICIT_ZERO_WITHOUT_STOCKING_RECORD,(:Part {part_id:'PRT-043'})-[:STOCKED_BY {available: 0}]->(:Dealer {dealer_id:'DLR-014'}),"SYN_inventory has a 0-stock row for a dealer that SYN_part_dealer does not list as stocking the part. The fact is UNKNOWN, not ZERO, so it is not imported.",SYNTHETIC_DEMO
INV-0294,SYN_inventory,EXCLUDED,EXPLICIT_ZERO_WITHOUT_STOCKING_RECORD,(:Part {part_id:'PRT-053'})-[:STOCKED_BY {available: 0}]->(:Dealer {dealer_id:'DLR-014'}),"SYN_inventory has a 0-stock row for a dealer that SYN_part_dealer does not list as stocking the part. The fact is UNKNOWN, not ZERO, so it is not imported.",SYNTHETIC_DEMO
INV-0297,SYN_inventory,EXCLUDED,EXPLICIT_ZERO_WITHOUT_STOCKING_RECORD,(:Part {part_id:'PRT-058'})-[:STOCKED_BY {available: 0}]->(:Dealer {dealer_id:'DLR-014'}),"SYN_inventory has a 0-stock row for a dealer that SYN_part_dealer does not list as stocking the part. The fact is UNKNOWN, not ZERO, so it is not imported.",SYNTHETIC_DEMO
INV-0340,SYN_inventory,EXCLUDED,EXPLICIT_ZERO_WITHOUT_STOCKING_RECORD,(:Part {part_id:'PRT-095'})-[:STOCKED_BY {available: 0}]->(:Dealer {dealer_id:'DLR-015'}),"SYN_inventory has a 0-stock row for a dealer that SYN_part_dealer does not list as stocking the part. The fact is UNKNOWN, not ZERO, so it is not imported.",SYNTHETIC_DEMO
SPR-0011,SYN_part_relationships,EXCLUDED,DUPLICATE_SYMMETRIC_FACT,(:Part {part_id:'PRT-012'})-[:CO_ORDERED_WITH]->(:Part {part_id:'PRT-007'}),The same symmetric fact is already stored as CO_ORDERED_WITH:SPR-0006 (PRT-007 - PRT-012). Its record id is kept on that relationship (merged_source_record_ids).,SYNTHETIC_DEMO
SPR-0013,SYN_part_relationships,EXCLUDED,DUPLICATE_SYMMETRIC_FACT,(:Part {part_id:'PRT-014'})-[:CO_ORDERED_WITH]->(:Part {part_id:'PRT-010'}),The same symmetric fact is already stored as CO_ORDERED_WITH:SPR-0009 (PRT-010 - PRT-014). Its record id is kept on that relationship (merged_source_record_ids).,SYNTHETIC_DEMO
SPR-0024,SYN_part_relationships,EXCLUDED,DUPLICATE_SYMMETRIC_FACT,(:Part {part_id:'PRT-027'})-[:CO_ORDERED_WITH]->(:Part {part_id:'PRT-018'}),The same symmetric fact is already stored as CO_ORDERED_WITH:SPR-0017 (PRT-018 - PRT-027). Its record id is kept on that relationship (merged_source_record_ids).,SYNTHETIC_DEMO
SPR-0026,SYN_part_relationships,EXCLUDED,DUPLICATE_SYMMETRIC_FACT,(:Part {part_id:'PRT-029'})-[:CO_ORDERED_WITH]->(:Part {part_id:'PRT-019'}),The same symmetric fact is already stored as CO_ORDERED_WITH:SPR-0018 (PRT-019 - PRT-029). Its record id is kept on that relationship (merged_source_record_ids).,SYNTHETIC_DEMO
SPR-0037,SYN_part_relationships,EXCLUDED,DUPLICATE_SYMMETRIC_FACT,(:Part {part_id:'PRT-041'})-[:CO_ORDERED_WITH]->(:Part {part_id:'PRT-033'}),The same symmetric fact is already stored as CO_ORDERED_WITH:SPR-0030 (PRT-033 - PRT-041). Its record id is kept on that relationship (merged_source_record_ids).,SYNTHETIC_DEMO
SPR-0041,SYN_part_relationships,EXCLUDED,DUPLICATE_SYMMETRIC_FACT,(:Part {part_id:'PRT-045'})-[:CO_ORDERED_WITH]->(:Part {part_id:'PRT-043'}),The same symmetric fact is already stored as CO_ORDERED_WITH:SPR-0039 (PRT-043 - PRT-045). Its record id is kept on that relationship (merged_source_record_ids).,SYNTHETIC_DEMO
SPR-0058,SYN_part_relationships,EXCLUDED,DUPLICATE_SYMMETRIC_FACT,(:Part {part_id:'PRT-064'})-[:CO_ORDERED_WITH]->(:Part {part_id:'PRT-062'}),The same symmetric fact is already stored as CO_ORDERED_WITH:SPR-0057 (PRT-062 - PRT-064). Its record id is kept on that relationship (merged_source_record_ids).,SYNTHETIC_DEMO
SPR-0063,SYN_part_relationships,EXCLUDED,DUPLICATE_SYMMETRIC_FACT,(:Part {part_id:'PRT-070'})-[:CO_ORDERED_WITH]->(:Part {part_id:'PRT-067'}),The same symmetric fact is already stored as CO_ORDERED_WITH:SPR-0060 (PRT-067 - PRT-070). Its record id is kept on that relationship (merged_source_record_ids).,SYNTHETIC_DEMO
SPR-0065,SYN_part_relationships,EXCLUDED,DUPLICATE_SYMMETRIC_FACT,(:Part {part_id:'PRT-073'})-[:CO_ORDERED_WITH]->(:Part {part_id:'PRT-068'}),The same symmetric fact is already stored as CO_ORDERED_WITH:SPR-0061 (PRT-068 - PRT-073). Its record id is kept on that relationship (merged_source_record_ids).,SYNTHETIC_DEMO
SPR-0070,SYN_part_relationships,EXCLUDED,DUPLICATE_SYMMETRIC_FACT,(:Part {part_id:'PRT-079'})-[:CO_ORDERED_WITH]->(:Part {part_id:'PRT-074'}),The same symmetric fact is already stored as CO_ORDERED_WITH:SPR-0066 (PRT-074 - PRT-079). Its record id is kept on that relationship (merged_source_record_ids).,SYNTHETIC_DEMO
SPR-0075,SYN_part_relationships,EXCLUDED,DUPLICATE_SYMMETRIC_FACT,(:Part {part_id:'PRT-085'})-[:CO_ORDERED_WITH]->(:Part {part_id:'PRT-083'}),The same symmetric fact is already stored as CO_ORDERED_WITH:SPR-0074 (PRT-083 - PRT-085). Its record id is kept on that relationship (merged_source_record_ids).,SYNTHETIC_DEMO
SPR-0077,SYN_part_relationships,EXCLUDED,DUPLICATE_SYMMETRIC_FACT,(:Part {part_id:'PRT-087'})-[:CO_ORDERED_WITH]->(:Part {part_id:'PRT-080'}),The same symmetric fact is already stored as CO_ORDERED_WITH:SPR-0071 (PRT-080 - PRT-087). Its record id is kept on that relationship (merged_source_record_ids).,SYNTHETIC_DEMO
SPR-0081,SYN_part_relationships,EXCLUDED,DUPLICATE_SYMMETRIC_FACT,(:Part {part_id:'PRT-092'})-[:CO_ORDERED_WITH]->(:Part {part_id:'PRT-091'}),The same symmetric fact is already stored as CO_ORDERED_WITH:SPR-0080 (PRT-091 - PRT-092). Its record id is kept on that relationship (merged_source_record_ids).,SYNTHETIC_DEMO
SPR-0089,SYN_part_relationships,EXCLUDED,DUPLICATE_SYMMETRIC_FACT,(:Part {part_id:'PRT-100'})-[:CO_ORDERED_WITH]->(:Part {part_id:'PRT-097'}),The same symmetric fact is already stored as CO_ORDERED_WITH:SPR-0086 (PRT-097 - PRT-100). Its record id is kept on that relationship (merged_source_record_ids).,SYNTHETIC_DEMO
