id,check,result,status,blocking,detail
G01,Duplicate canonical node IDs,0,PASS,yes,
G02,Missing (null) canonical node IDs,0,PASS,yes,
G03,Duplicate relationship IDs,0,PASS,yes,
G04,Duplicate relationships (same type and endpoints),0,PASS,yes,
G05,Duplicate semantic relationships (symmetric facts stored in both directions),0,PASS,yes,CO_ORDERED_WITH and SAME_NAME_GROUP_AS stored once (lower id -> higher id)
G06,Broken references (relationship endpoint does not exist),0,PASS,yes,
G07,Orphan relationships (no source record / provenance),0,PASS,yes,
G08,Invalid endpoint types (not in the relationship contract),0,PASS,yes,
G09,Relationships from a source the contract does not allow,0,PASS,yes,
G10,Inconsistent relationship direction (a type used both ways),0,PASS,yes,
G11,"Generic or unsupported relationship types (RELATED_TO, HAS, ALTERNATIVE_TO, SUPERSEDES, INTERCHANGEABLE...)",0,PASS,yes,
G12,Interchangeability asserted anywhere,0,PASS,yes,
G13,Conditional fitments kept CONDITIONAL,3 of 3,PASS,yes,
G14,Fitments imported = source fitment rows,219 of 219,PASS,yes,
G15,Fitment added by synthetic data,0,PASS,yes,
G16,Supplier relationships not backed by an explicit supplier record,0,PASS,yes,
G17,Dealer relationships not backed by an explicit stocking record,0,PASS,yes,
G18,Unknown dealer stock imported as 0 (unsupported inventory),0,PASS,yes,26 such source rows excluded and documented
G19,Synthetic records carrying data_status = SYNTHETIC_DEMO,3846 of 3846 (100%),PASS,yes,
G20,Catalogue records labelled synthetic (or synthetic overwriting source),0,PASS,yes,"Synthetic store attributes live on PartCatalogProfile / Price, never on Part"
G21,Missing values replaced by guesses or stored as fake values,0,PASS,yes,"NOT_STATED / NOT_CONFIGURED are omitted (absent property), never stored as values"
G22,Legacy identifiers confused with canonical identifiers,0,PASS,yes,
G23,Graph facts without provenance,0,PASS,yes,
G24,Conflicting relationship types for one fact (allocated AND planned),0,PASS,yes,
G25,Cardinality violations (exactly-one / single-owner rules),0,PASS,yes,
G26,Catalogue parts differing from the original catalogue workbook,0 of 100,PASS,yes,
G27,Catalogue machines missing from the original workbook,0,PASS,yes,
G28,Excluded source records documented,40 documented,PASS,yes,
G29,Downloads copy identical to data/processed copy,True,PASS,no,C:\Users\iamdn\Downloads\Noordveld_Complete_Dataset_SYNTHETIC_DEMO.xlsx
W01,Warning,,WARN,no,"Operational layers are SYNTHETIC_DEMO: suppliers (12), dealers (15), warehouses (4), stock, prices, compliance, orders, shipments and service plans. Never present them as real."
W02,Warning,,WARN,no,"3 fitments are CONDITIONAL: For tracked NV-7500 variant (PRT-030 -> MCH-005), cross-compatible after 2019 unification (PRT-044 -> MCH-012), cross-compatible after 2019 unification (PRT-045 -> MCH-012)."
W03,Warning,,WARN,no,Machine with no parts in the catalogue: KFT-120 (no fitment is manufactured for it).
W04,Warning,,WARN,no,"5 legacy part numbers are unresolved free text: NVM-1090-HY, NVM-1130-HY, NVM-1060-DT, NVM-1070-EL, NVM-2205-BH."
W05,Warning,,WARN,no,Shipments exist for 4 of 8 orders; 9 of 14 order lines shipped.
W06,Warning,,WARN,no,Assemblies cover 43 of 100 parts; service plans cover 33 of 100 parts.
W07,Warning,,WARN,no,Warehouse WH-004 (Zwolle) has no plant link in the source (not filled).
W08,Warning,,WARN,no,"Machine status, introduction year, category, production status and description are NOT_STATED for all 15 machines; part type, OEM status and criticality are NOT_STATED for all 100 parts."
W09,Warning,,WARN,no,Machine families and sub-categories are DERIVED by rule and await business confirmation.
W10,Warning,,WARN,no,"Plants are fictional (USER_PROVIDED, declared by the project brief). Plant coordinates are NOT_STATED; synthetic coordinates in SYN_geo_nodes are deliberately not imported."
W11,Warning,,WARN,no,"Reference nodes with no relationships (by design): ShippingRate 8, DataSource 4."
W12,Warning,,WARN,no,"No item in the workbook is externally verified, including the catalogue layer: authoritative_flag = false everywhere."
W13,Warning,,WARN,no,Workbook inconsistency: 01_Legend says 'SYNTHETIC: none exists in this dataset' (written for the catalogue layer) while the SYN_ sheets are synthetic; record_counts labels catalogue sheets 'REAL_DERIVED' although 00_README says nothing is real. The graph follows the row-level data_class.
W14,Warning,,WARN,no,"SYN_data_sources rows (including SRC-001, which describes the supplied catalogue) carry data_class SYNTHETIC in the workbook; the DataSource nodes keep that class rather than relabelling it."
G30,Source foreign-key columns not accounted for (neither a relationship nor an explained exclusion),0,PASS,yes,
G31,Relationship types in the contract missing from the coverage matrix,0,PASS,yes,
G32,Coverage rows whose status contradicts the graph,0,PASS,yes,
G33,Required relationships explicitly accounted for,50 of 50,PASS,yes,
