relationship,from_label,to_label,count,distinct_from,distinct_to,max_out_degree,max_in_degree,provenance,source_sheet
FITS,Part,Machine,219,100,14,5,52,SOURCE_DERIVED:219,machine_part_fitment
MANUFACTURED_AT,Machine,Plant,15,15,3,1,5,SOURCE_DERIVED:15,machines
OF_TYPE,Machine,MachineType,15,15,15,1,1,SOURCE_DERIVED:15,machines
MEMBER_OF_FAMILY,Machine,MachineFamily,15,15,3,1,5,DERIVED:15,machines
BRANDED_AS,Machine,BusinessUnit,15,15,3,1,5,SOURCE_DERIVED:15,machines
PRODUCT_FAMILY_OF,MachineFamily,BusinessUnit,3,3,3,1,1,DERIVED:3,machine_families
OWNED_BY,Plant,BusinessUnit,3,3,3,1,1,USER_PROVIDED:3,plants
LOCATED_IN,Plant,Location,3,3,3,1,1,USER_PROVIDED:3,plants
IN_COUNTRY,Location,Location,3,3,2,1,2,SOURCE_DERIVED:3,locations
SUBCATEGORY_OF,Category,Category,91,91,10,1,14,DERIVED:91,categories
IN_CATEGORY,Part,Category,100,100,10,1,15,SOURCE_DERIVED:100,parts
IN_SUBCATEGORY,Part,Category,100,100,91,1,2,DERIVED:100,parts
ORIGINATES_AT,Part,Plant,100,100,3,1,72,SOURCE_DERIVED:100,parts
HAS_LEGACY_REFERENCE,Part,LegacyReference,100,100,100,1,1,SOURCE_DERIVED:100,legacy_part_mapping
ISSUED_BY_BUSINESS_UNIT,LegacyReference,BusinessUnit,100,100,3,1,72,DERIVED:100,legacy_part_mapping
HAS_SPECIFICATION,Part,PartSpecification,279,100,279,5,1,SOURCE_DERIVED:208 / DERIVED:71,part_specifications
SAME_NAME_GROUP_AS,Part,Part,9,9,9,1,1,DERIVED:9,part_relationships
RELATED_COMPONENT,Part,Part,2,2,2,1,1,DERIVED:2,part_relationships
CO_ORDERED_WITH,Part,Part,75,56,52,4,3,SYNTHETIC_DEMO:75,SYN_part_relationships
SUPPLIED_BY,Part,Supplier,157,100,12,2,17,SYNTHETIC_DEMO:157,SYN_part_supplier
PLACED_WITH,SupplierBackorder,Supplier,4,4,4,1,1,SYNTHETIC_DEMO:4,SYN_supplier_backorders
FOR_PART,SupplierBackorder,Part,4,4,4,1,1,SYNTHETIC_DEMO:4,SYN_supplier_backorders
FOR_PART,IdentificationRequirement,Part,6,6,4,1,2,SYNTHETIC_DEMO:6,SYN_identification_requirements
FOR_MACHINE,IdentificationRequirement,Machine,6,6,3,1,3,SYNTHETIC_DEMO:6,SYN_identification_requirements
ADMITS_VARIANT,IdentificationRequirement,MachineVariant,10,6,5,2,3,SYNTHETIC_DEMO:10,SYN_identification_requirements
FOR_MACHINE,ServicePlan,Machine,60,60,15,1,4,SYNTHETIC_DEMO:60,SYN_services
REQUIRES_PART,ServicePlan,Part,71,39,33,2,5,SYNTHETIC_DEMO:71,SYN_service_parts
LOCATED_AT_PLANT,Warehouse,Plant,3,3,3,1,1,SYNTHETIC_DEMO:3,SYN_warehouses
LOCATED_AT_ADDRESS,Warehouse,Address,4,4,4,1,1,SYNTHETIC_DEMO:4,SYN_warehouses
LOCATED_AT_ADDRESS,Supplier,Address,12,12,12,1,1,SYNTHETIC_DEMO:12,SYN_suppliers
LOCATED_AT_ADDRESS,Dealer,Address,15,15,15,1,1,SYNTHETIC_DEMO:15,SYN_dealers
LOCATED_AT_ADDRESS,Customer,Address,10,10,10,1,1,SYNTHETIC_DEMO:10,SYN_customers
LOCATED_AT_ADDRESS,Plant,Address,3,3,3,1,1,SYNTHETIC_DEMO:3,SYN_addresses
IN_REGION,Address,Region,44,44,14,1,8,SYNTHETIC_DEMO:44,SYN_addresses
AVAILABLE_AT,Part,Warehouse,400,100,4,4,100,SYNTHETIC_DEMO:400,SYN_inventory
STOCKED_BY,Part,Dealer,315,99,15,7,37,SYNTHETIC_DEMO:315,SYN_part_dealer
SERVES_FAMILY,Dealer,MachineFamily,30,15,3,3,12,SYNTHETIC_DEMO:30,SYN_dealers
PRICES_PART,Price,Part,100,100,100,1,1,SYNTHETIC_DEMO:100,SYN_pricing
PROFILES_PART,PartCatalogProfile,Part,100,100,100,1,1,SYNTHETIC_DEMO:100,SYN_part_catalog
HAS_COMPLIANCE,Part,ComplianceRequirement,100,100,8,1,31,SYNTHETIC_DEMO:100,SYN_part_compliance
IDENTIFIED_BY_PART,Assembly,Part,15,15,15,1,1,SYNTHETIC_DEMO:15,SYN_assembly_master
PART_OF,Part,Assembly,35,28,15,2,4,SYNTHETIC_DEMO:35,SYN_assembly_components
HAS_MACHINE_SPECIFICATION,Machine,MachineSpecification,83,15,83,6,1,SYNTHETIC_DEMO:83,SYN_machine_specifications
VARIANT_OF,MachineVariant,Machine,30,30,15,1,2,SYNTHETIC_DEMO:30,SYN_machine_variants
OPENED_BY,Cart,Customer,3,3,3,1,1,SYNTHETIC_DEMO:3,SYN_carts
CONTAINS_LINE,Cart,CartLine,6,3,6,2,1,SYNTHETIC_DEMO:6,SYN_cart_items
CONTAINS_LINE,Order,OrderLine,14,8,14,3,1,SYNTHETIC_DEMO:14,SYN_order_items
REFERENCES_PART,CartLine,Part,6,6,6,1,1,SYNTHETIC_DEMO:6,SYN_cart_items
REFERENCES_PART,OrderLine,Part,14,14,14,1,1,SYNTHETIC_DEMO:14,SYN_order_items
ORDERED_BY,Order,Customer,8,8,6,1,2,SYNTHETIC_DEMO:8,SYN_orders
DELIVERS_TO_ADDRESS,Order,Address,8,8,6,1,2,SYNTHETIC_DEMO:8,SYN_orders
ALLOCATED_FROM,OrderLine,Warehouse,10,10,4,1,3,SYNTHETIC_DEMO:10,SYN_order_items
PLANNED_FULFILMENT_FROM,OrderLine,Warehouse,4,4,3,1,2,SYNTHETIC_DEMO:4,SYN_order_items
HAS_STATUS_EVENT,Order,OrderStatusEvent,32,8,32,6,1,SYNTHETIC_DEMO:32,SYN_order_status_history
RECORDS_STATUS,OrderStatusEvent,OrderStatus,32,32,6,1,8,SYNTHETIC_DEMO:32,SYN_order_status_history
HAS_SHIPMENT,Order,Shipment,9,4,9,3,1,SYNTHETIC_DEMO:9,SYN_shipments
SHIPS_LINE,Shipment,OrderLine,9,9,9,1,1,SYNTHETIC_DEMO:9,SYN_shipments
DISPATCHED_FROM,Shipment,Warehouse,9,9,4,1,3,SYNTHETIC_DEMO:9,SYN_shipments
DELIVERS_TO_CUSTOMER,Shipment,Customer,9,9,4,1,3,SYNTHETIC_DEMO:9,SYN_shipments
CARRIED_BY,Shipment,Carrier,9,9,1,1,9,SYNTHETIC_DEMO:9,SYN_shipments
HAS_TRACKING_EVENT,Shipment,TrackingEvent,27,9,27,3,1,SYNTHETIC_DEMO:27,SYN_shipment_events
FROM_WAREHOUSE,DeliveryEstimate,Warehouse,100,100,4,1,25,SYNTHETIC_DEMO:100,SYN_delivery_options
TO_CUSTOMER,DeliveryEstimate,Customer,40,40,10,1,4,SYNTHETIC_DEMO:40,SYN_delivery_options
TO_DEALER,DeliveryEstimate,Dealer,60,60,15,1,4,SYNTHETIC_DEMO:60,SYN_delivery_options
HOME_PLANT,BusinessUnit,Plant,3,3,3,1,1,SOURCE_DERIVED:3,business_units
SUPPLIES_CATEGORY,Supplier,Category,25,12,10,3,3,SYNTHETIC_DEMO:25,SYN_suppliers
COVERS_CATEGORY,ComplianceRequirement,Category,10,8,10,3,1,SYNTHETIC_DEMO:10,SYN_compliance
SHIPS_TO_COUNTRY,Warehouse,Location,8,4,2,2,4,SYNTHETIC_DEMO:8,SYN_warehouses
HAS_ALIAS,Part,SearchAlias,448,100,448,6,1,SYNTHETIC_DEMO:448,SYN_search_aliases
HAS_ALIAS,Machine,SearchAlias,45,15,45,3,1,SYNTHETIC_DEMO:45,SYN_search_aliases
