workbook,sheet,rows,fields,primary_identifier,unique_ids,duplicate_ids,null_ids,not_stated_values,blank_values,data_class,graph_role,field_list
noordveld-complete-dataset-synthetic-demo.xlsx,00_README,18,2,(none),,,,0,2,METADATA,NOT IMPORTED: workbook documentation,Noordveld Parts Intelligence + Agentic E-Commerce: complete dataset (one workbook)|col1
noordveld-complete-dataset-synthetic-demo.xlsx,01_Legend,14,2,(none),,,,3,0,SOURCE_DERIVED:1 / DERIVED:1 / SYNTHETIC:1 / DEMO:1 / NOT_STATED:2 / NOT_CONFIGURED:1 / confidence:1 / SOURCE_STATED:1 / SOURCE_STATED_CONDITIONAL:1 / RULE_DERIVED:1 / NEEDS_REVIEW:1 / sheet prefix:1 / SYN_:1,NOT IMPORTED: workbook documentation,data_class|meaning
noordveld-complete-dataset-synthetic-demo.xlsx,business_units,3,13,business_unit_id,3,0,0,0,4,SOURCE_DERIVED:3,BusinessUnit,business_unit_id|business_unit_name|relationship_to_noordveld|acquired_year|home_plant_id|source_note|source|source_ref|data_class|confidence|derived_fields|review_flags|last_updated
noordveld-complete-dataset-synthetic-demo.xlsx,plants,3,24,plant_id,3,0,0,12,3,DEMO:3,Plant,plant_id|plant_name|business_unit_id|business_legacy_brand|city|country|country_code|location_id|address|latitude|longitude|manufacturing_role|machine_models_produced|machine_models_count|parts_originating_count|parts_originating|is_fictional_demo|source|source_ref|data_class|confidence|derived_fields|review_flags|last_updated
noordveld-complete-dataset-synthetic-demo.xlsx,locations,5,18,location_id,5,0,0,30,12,SOURCE_DERIVED:5,Location,location_id|location_type|name|parent_location_id|country_code|region|postal_code|address|latitude|longitude|coordinate_status|source|source_ref|data_class|confidence|derived_fields|review_flags|last_updated
noordveld-complete-dataset-synthetic-demo.xlsx,machine_types,15,10,machine_type_id,15,0,0,0,30,SOURCE_DERIVED:15,MachineType,machine_type_id|machine_type_name|machine_count|source|source_ref|data_class|confidence|derived_fields|review_flags|last_updated
noordveld-complete-dataset-synthetic-demo.xlsx,machine_families,3,13,family_id,3,0,0,0,0,DERIVED:3,MachineFamily,family_id|family_name|model_prefix|business_unit_id|machine_count|derivation_rule|source|source_ref|data_class|confidence|derived_fields|review_flags|last_updated
noordveld-complete-dataset-synthetic-demo.xlsx,machines,15,26,machine_id,15,0,0,75,20,SOURCE_DERIVED:15,Machine,machine_id|model_code|machine_name|machine_family|family_id|machine_category|machine_type|machine_type_id|brand_business_unit|business_unit_id|origin_plant|plant_id|country|manufacturing_legacy_business|brand_origin_note|status|introduction_year|production_status|description|source|source_ref|data_class|confidence|derived_fields|review_flags|last_updated
noordveld-complete-dataset-synthetic-demo.xlsx,categories,101,16,category_id,101,0,0,101,50,SOURCE_DERIVED:10 / DERIVED:91,Category,category_id|level|category_name|parent_category_id|parent_category|subcategory|description|part_count|basis|source|source_ref|data_class|confidence|derived_fields|review_flags|last_updated
noordveld-complete-dataset-synthetic-demo.xlsx,parts,100,31,part_id,100,0,0,790,90,SOURCE_DERIVED:100,Part,part_id|unified_part_number|part_name|part_description|part_category|category_id|part_subcategory|subcategory_id|part_type|legacy_part_number|legacy_source_note|legacy_business_unit|legacy_system|origin_plant|plant_id|brand|oem_status|part_status|criticality|part_nature|image_path|search_keywords|compatible_models_source|spec_note_source|source|source_ref|data_class|confidence|derived_fields|review_flags|last_updated
noordveld-complete-dataset-synthetic-demo.xlsx,machine_part_fitment,219,16,fitment_id,219,0,0,0,425,SOURCE_DERIVED:219,relationships: FITS,fitment_id|machine_id|part_id|model_code|part_number|fitment_type|fitment_evidence|fitment_source|notes|source|source_ref|data_class|confidence|derived_fields|review_flags|last_updated
noordveld-complete-dataset-synthetic-demo.xlsx,part_specifications,279,19,specification_id,279,0,0,0,1250,SOURCE_DERIVED:208 / DERIVED:71,PartSpecification,specification_id|part_id|specification_group|specification_name|source_label|value|unit|normalized_value|normalized_unit|derived_from|source_text|name_basis|source|source_ref|data_class|confidence|derived_fields|review_flags|last_updated
noordveld-complete-dataset-synthetic-demo.xlsx,legacy_part_mapping,100,20,mapping_id,100,0,0,105,98,SOURCE_DERIVED:100,LegacyReference,mapping_id|current_part_id|current_part_number|legacy_part_number|legacy_source_note|legacy_code_prefix|legacy_business|legacy_business_unit_id|legacy_plant|legacy_system|mapping_type|mapping_confidence|business_basis|source|source_ref|data_class|confidence|derived_fields|review_flags|last_updated
noordveld-complete-dataset-synthetic-demo.xlsx,part_relationships,11,14,part_relationship_id,11,0,0,0,9,DERIVED:11,relationships: SAME_NAME_GROUP_AS,part_relationship_id|from_part_id|to_part_id|relationship_type|is_symmetric|evidence|interchangeability|source|source_ref|data_class|confidence|derived_fields|review_flags|last_updated
noordveld-complete-dataset-synthetic-demo.xlsx,order_statuses,6,10,order_status_code,6,0,0,0,12,DEMO:6,OrderStatus,order_status_code|sequence|label|source|source_ref|data_class|confidence|derived_fields|review_flags|last_updated
noordveld-complete-dataset-synthetic-demo.xlsx,search_index,118,19,(none),,,,236,142,DERIVED:118,NOT IMPORTED: derived search text (embedding_status NOT_GENERATED),entity_type|entity_id|display_name|searchable_text|search_keywords|synonyms|common_names|legacy_names|aliases|category_keywords|natural_language_description|embedding_status|source|source_ref|data_class|confidence|derived_fields|review_flags|last_updated
noordveld-complete-dataset-synthetic-demo.xlsx,part_data_coverage,100,16,part_id,100,0,0,700,0,METADATA,NOT IMPORTED: derived coverage summary (used in this audit),part_id|unified_part_number|fitment_count|legacy_status|supplier_status|dealer_status|inventory_status|pricing_status|assembly_status|service_status|image_status|specification_rows|parsed_specification_rows|relationship_count|review_flag_count|last_updated
noordveld-complete-dataset-synthetic-demo.xlsx,relationships_all,2219,9,relationship_id,2219,0,0,0,0,SOURCE_DERIVED:569 / DERIVED:318 / DEMO:6 / SYNTHETIC:1326,NOT IMPORTED: workbook's own edge list; used only to reconcile counts,relationship_id|relationship_type|from_entity_type|from_id|to_entity_type|to_id|data_class|evidence|source_table
noordveld-complete-dataset-synthetic-demo.xlsx,SYN_warehouses,4,20,warehouse_id,4,0,0,4,1,SYNTHETIC:4,Warehouse,warehouse_id|warehouse_name|location_type|city|country_code|country|plant_id|latitude|longitude|coordinate_status|address|ships_to|pickup_allowed|address_id|state_region|postal_code|source|data_class|confidence|last_updated
noordveld-complete-dataset-synthetic-demo.xlsx,SYN_suppliers,12,22,supplier_id,12,0,0,12,0,SYNTHETIC:12,Supplier,supplier_id|supplier_name|supplier_type|city|country_code|country|latitude|longitude|coordinate_status|address|categories_supplied|contact_email|payment_terms_days|quality_rating_demo|supplier_status|address_id|state_region|postal_code|source|data_class|confidence|last_updated
noordveld-complete-dataset-synthetic-demo.xlsx,SYN_part_supplier,157,14,part_supplier_id,157,0,0,157,0,SYNTHETIC:157,relationships: SUPPLIED_BY,part_supplier_id|part_id|unified_part_number|supplier_id|supplier_part_number|is_primary|unit_cost_eur|lead_time_days|min_order_qty|relationship_status|source|data_class|confidence|last_updated
noordveld-complete-dataset-synthetic-demo.xlsx,SYN_pricing,100,13,price_id,100,0,0,100,0,SYNTHETIC:100,Price,price_id|part_id|unified_part_number|currency|list_price_ex_vat|price_basis|valid_from|valid_to|price_status|source|data_class|confidence|last_updated
noordveld-complete-dataset-synthetic-demo.xlsx,SYN_dealers,15,21,dealer_id,15,0,0,15,0,SYNTHETIC:15,Dealer,dealer_id|dealer_name|dealer_type|city|country_code|country|latitude|longitude|coordinate_status|address|families_served|pickup_allowed|contact_email|dealer_status|address_id|state_region|postal_code|source|data_class|confidence|last_updated
noordveld-complete-dataset-synthetic-demo.xlsx,SYN_customers,10,18,customer_id,10,0,0,10,0,SYNTHETIC:10,Customer,customer_id|customer_name|customer_type|city|country_code|country|latitude|longitude|coordinate_status|contact_email|customer_status|address_id|state_region|postal_code|source|data_class|confidence|last_updated
noordveld-complete-dataset-synthetic-demo.xlsx,SYN_addresses,44,17,address_id,44,0,0,44,0,SYNTHETIC:44,Address,address_id|owner_type|owner_id|owner_name|street|house_number|postal_code|city|state_region|country_code|country|phone|address_note|source|data_class|confidence|last_updated
noordveld-complete-dataset-synthetic-demo.xlsx,SYN_countries_regions,14,10,region_id,14,0,0,14,0,SYNTHETIC:14,Region,region_id|country_code|country|region|currency|vat_rate_demo|source|data_class|confidence|last_updated
noordveld-complete-dataset-synthetic-demo.xlsx,SYN_shipping_rates,8,11,rate_id,8,0,0,8,0,SYNTHETIC:8,ShippingRate,rate_id|distance_band|from_km|to_km|method|price_ex_vat|transit_days|source|data_class|confidence|last_updated
noordveld-complete-dataset-synthetic-demo.xlsx,SYN_orders,8,17,order_id,8,0,0,8,0,SYNTHETIC:8,Order,order_id|customer_id|order_status|order_date|currency|subtotal_ex_vat|shipping_ex_vat|shipping_method|vat_rate|vat_amount|order_total_incl_vat|delivery_address_id|channel|source|data_class|confidence|last_updated
noordveld-complete-dataset-synthetic-demo.xlsx,SYN_order_items,14,14,order_item_id,14,0,0,14,0,SYNTHETIC:14,OrderLine,order_item_id|order_id|line_no|part_id|unified_part_number|quantity|unit_price_eur|line_total_eur|fulfilment_location_id|allocation_status|source|data_class|confidence|last_updated
noordveld-complete-dataset-synthetic-demo.xlsx,SYN_order_status_history,32,8,history_id,32,0,0,32,0,SYNTHETIC:32,OrderStatusEvent,history_id|order_id|order_status|sequence|source|data_class|confidence|last_updated
noordveld-complete-dataset-synthetic-demo.xlsx,SYN_shipments,9,14,shipment_id,9,0,0,9,0,SYNTHETIC:9,Shipment,shipment_id|order_id|order_item_id|from_location_id|to_customer_id|straight_line_km|est_road_km|shipment_status|carrier|tracking_ref|source|data_class|confidence|last_updated
noordveld-complete-dataset-synthetic-demo.xlsx,SYN_carts,3,7,cart_id,3,0,0,3,0,SYNTHETIC:3,Cart,cart_id|customer_id|cart_status|source|data_class|confidence|last_updated
noordveld-complete-dataset-synthetic-demo.xlsx,SYN_cart_items,6,10,cart_item_id,6,0,0,6,0,SYNTHETIC:6,CartLine,cart_item_id|cart_id|part_id|unified_part_number|quantity|unit_price_eur|source|data_class|confidence|last_updated
noordveld-complete-dataset-synthetic-demo.xlsx,SYN_inventory,741,14,inventory_id,741,0,0,741,0,SYNTHETIC:741,relationship properties on AVAILABLE_AT / STOCKED_BY,inventory_id|location_id|location_type|part_id|unified_part_number|on_hand|reserved|available|reorder_point|stock_status|source|data_class|confidence|last_updated
noordveld-complete-dataset-synthetic-demo.xlsx,SYN_part_dealer,315,9,part_dealer_id,315,0,0,315,0,SYNTHETIC:315,relationships: STOCKED_BY,part_dealer_id|dealer_id|part_id|unified_part_number|stocking_status|source|data_class|confidence|last_updated
noordveld-complete-dataset-synthetic-demo.xlsx,SYN_geo_nodes,44,12,node_id,44,0,0,44,0,SYNTHETIC:44,NOT IMPORTED: synthetic coordinates (kept off nodes so source NOT_STATED coordinates are not overwritten),node_id|node_type|name|city|country_code|latitude|longitude|coordinate_status|source|data_class|confidence|last_updated
noordveld-complete-dataset-synthetic-demo.xlsx,SYN_distances,946,12,distance_id,946,0,0,946,0,SYNTHETIC:946,NOT IMPORTED: pairwise distances; proximity must never create business relationships,distance_id|from_node_id|from_type|to_node_id|to_type|straight_line_km|est_road_km|method|source|data_class|confidence|last_updated
noordveld-complete-dataset-synthetic-demo.xlsx,SYN_machine_specifications,83,10,machine_spec_id,83,0,0,83,15,SYNTHETIC:83,MachineSpecification,machine_spec_id|machine_id|model_code|specification_name|value|unit|source|data_class|confidence|last_updated
noordveld-complete-dataset-synthetic-demo.xlsx,SYN_assembly_master,15,9,assembly_id,15,0,0,15,0,SYNTHETIC:15,Assembly,assembly_id|assembly_part_id|unified_part_number|assembly_name|bom_status|source|data_class|confidence|last_updated
noordveld-complete-dataset-synthetic-demo.xlsx,SYN_assembly_components,35,10,component_id,35,0,0,35,0,SYNTHETIC:35,relationships: PART_OF,component_id|assembly_id|component_part_id|unified_part_number|quantity|basis|source|data_class|confidence|last_updated
noordveld-complete-dataset-synthetic-demo.xlsx,SYN_services,60,11,service_id,60,0,0,60,0,SYNTHETIC:60,ServicePlan,service_id|service_template|service_name|machine_id|model_code|interval_hours|interval_status|source|data_class|confidence|last_updated
noordveld-complete-dataset-synthetic-demo.xlsx,SYN_service_parts,71,10,service_part_id,71,0,0,71,0,SYNTHETIC:71,relationships: REQUIRES_PART,service_part_id|service_id|part_id|unified_part_number|quantity|basis|source|data_class|confidence|last_updated
noordveld-complete-dataset-synthetic-demo.xlsx,SYN_part_relationships,89,10,syn_relationship_id,89,0,0,89,0,SYNTHETIC:89,relationships: CO_ORDERED_WITH,syn_relationship_id|from_part_id|to_part_id|relationship_type|evidence|interchangeability|source|data_class|confidence|last_updated
noordveld-complete-dataset-synthetic-demo.xlsx,SYN_part_catalog,100,20,part_id,100,0,0,100,0,SYNTHETIC:100,PartCatalogProfile,part_id|unified_part_number|display_name|part_type|part_status|orderable|short_description|weight_kg|warranty_months|return_window_days|availability_state|total_available_warehouses|list_price_ex_vat|primary_supplier_id|image_path|status_reason|source|data_class|confidence|last_updated
noordveld-complete-dataset-synthetic-demo.xlsx,SYN_supplier_backorders,4,11,backorder_id,4,0,0,4,0,SYNTHETIC:4,SupplierBackorder,backorder_id|part_id|unified_part_number|supplier_id|quantity_on_order|expected_restock_days|backorder_status|source|data_class|confidence|last_updated
noordveld-complete-dataset-synthetic-demo.xlsx,SYN_machine_variants,30,11,variant_id,30,0,0,30,0,SYNTHETIC:30,MachineVariant,variant_id|machine_id|model_code|variant_name|serial_from|serial_to|variant_status|source|data_class|confidence|last_updated
noordveld-complete-dataset-synthetic-demo.xlsx,SYN_identification_requirements,6,12,requirement_id,6,0,0,6,0,SYNTHETIC:6,IdentificationRequirement,requirement_id|part_id|unified_part_number|machine_id|model_code|identification_needed|fits_variant_ids|reason|source|data_class|confidence|last_updated
noordveld-complete-dataset-synthetic-demo.xlsx,SYN_compliance,8,11,compliance_id,8,0,0,8,0,SYNTHETIC:8,ComplianceRequirement,compliance_id|requirement|standard|certification|categories_covered|certificate_status|valid_until|source|data_class|confidence|last_updated
noordveld-complete-dataset-synthetic-demo.xlsx,SYN_part_compliance,100,7,part_compliance_id,100,0,0,100,0,SYNTHETIC:100,relationships: HAS_COMPLIANCE,part_compliance_id|part_id|compliance_id|source|data_class|confidence|last_updated
noordveld-complete-dataset-synthetic-demo.xlsx,SYN_roles,2,13,role_id,2,0,0,2,0,SYNTHETIC:2,"NOT IMPORTED: access control, not required for this phase",role_id|role|can_view_own_orders|can_view_all_orders|can_order_verified_parts|can_request_identification|can_allocate_stock|can_ship_orders|can_see_internal_supplier_cost|source|data_class|confidence|last_updated
noordveld-complete-dataset-synthetic-demo.xlsx,SYN_users,13,10,user_id,13,0,0,13,3,SYNTHETIC:13,"NOT IMPORTED: access control, not required for this phase",user_id|display_name|role_id|customer_id|email|preferred_language|source|data_class|confidence|last_updated
noordveld-complete-dataset-synthetic-demo.xlsx,SYN_delivery_options,100,14,lead_id,100,0,0,100,0,SYNTHETIC:100,DeliveryEstimate,lead_id|from_warehouse_id|to_id|to_type|est_road_km|standard_price_ex_vat|standard_days|express_price_ex_vat|express_days|note|source|data_class|confidence|last_updated
noordveld-complete-dataset-synthetic-demo.xlsx,SYN_shipment_events,27,10,event_id,27,0,0,27,0,SYNTHETIC:27,TrackingEvent,event_id|shipment_id|event_seq|event_status|event_location|event_date|source|data_class|confidence|last_updated
noordveld-complete-dataset-synthetic-demo.xlsx,SYN_search_aliases,493,9,alias_id,493,0,0,493,0,SYNTHETIC:493,SearchAlias,alias_id|entity_type|entity_id|alias|alias_type|source|data_class|confidence|last_updated
noordveld-complete-dataset-synthetic-demo.xlsx,SYN_data_sources,3,10,source_id,3,0,0,3,0,SYNTHETIC:3,DataSource,source_id|source_name|layer|verification|limitations|updated|source|data_class|confidence|last_updated
noordveld-complete-dataset-synthetic-demo.xlsx,SYN_agent_test_questions,48,9,question_id,48,0,0,48,0,SYNTHETIC:48,NOT IMPORTED: golden test questions (used for validation design),question_id|intent|question|expected_answer|evidence_sheets|source|data_class|confidence|last_updated
noordveld-complete-dataset-synthetic-demo.xlsx,SYN_prototype_gap_analysis,25,10,gap_id,25,0,0,25,0,SYNTHETIC:25,NOT IMPORTED: workbook metadata,gap_id|area|prototype_reference|was_missing|now_provided_by|status|source|data_class|confidence|last_updated
noordveld-complete-dataset-synthetic-demo.xlsx,data_dictionary,754,6,(none),,,,12,774,METADATA,NOT IMPORTED: workbook metadata,sheet|layer|column_position|column|type|description
noordveld-complete-dataset-synthetic-demo.xlsx,record_counts,55,3,(none),,,,0,0,METADATA,NOT IMPORTED: workbook metadata,sheet|layer|record_count
noordveld-complete-dataset-synthetic-demo.xlsx,SYN_quality_checks,36,6,check_id,36,0,0,0,36,SYNTHETIC,NOT IMPORTED: workbook's own QA results,check_id|check|status|records_checked|issues_found|note
noordveld-parts-catalog.xlsx,Machine Types,15,4,(none),,,,0,0,SOURCE (original catalogue),SOURCE: compared against the complete workbook,Model|Machine Type|Plant|Brand / Origin
noordveld-parts-catalog.xlsx,Parts Catalog,100,7,Unified Part No.,100,0,0,0,0,SOURCE (original catalogue),SOURCE: compared against the complete workbook,Unified Part No.|Part Name|Category|Legacy Code / Source Note|Plant of Origin|Compatible Machine Types|Spec Note
