kind,name,synthetic_records,total,source_sheet,marker
NODE,Address,44,44,SYN_addresses,data_status = provenance_type = SYNTHETIC_DEMO
NODE,Assembly,15,15,SYN_assembly_master,data_status = provenance_type = SYNTHETIC_DEMO
NODE,Carrier,1,1,SYN_shipments,data_status = provenance_type = SYNTHETIC_DEMO
NODE,Cart,3,3,SYN_carts,data_status = provenance_type = SYNTHETIC_DEMO
NODE,CartLine,6,6,SYN_cart_items,data_status = provenance_type = SYNTHETIC_DEMO
NODE,ComplianceRequirement,8,8,SYN_compliance,data_status = provenance_type = SYNTHETIC_DEMO
NODE,Customer,10,10,SYN_customers,data_status = provenance_type = SYNTHETIC_DEMO
NODE,DataSource,3,4,SYN_data_sources,data_status = provenance_type = SYNTHETIC_DEMO
NODE,Dealer,15,15,SYN_dealers,data_status = provenance_type = SYNTHETIC_DEMO
NODE,DeliveryEstimate,100,100,SYN_delivery_options,data_status = provenance_type = SYNTHETIC_DEMO
NODE,IdentificationRequirement,6,6,SYN_identification_requirements,data_status = provenance_type = SYNTHETIC_DEMO
NODE,MachineSpecification,83,83,SYN_machine_specifications,data_status = provenance_type = SYNTHETIC_DEMO
NODE,MachineVariant,30,30,SYN_machine_variants,data_status = provenance_type = SYNTHETIC_DEMO
NODE,Order,8,8,SYN_orders,data_status = provenance_type = SYNTHETIC_DEMO
NODE,OrderLine,14,14,SYN_order_items,data_status = provenance_type = SYNTHETIC_DEMO
NODE,OrderStatusEvent,32,32,SYN_order_status_history,data_status = provenance_type = SYNTHETIC_DEMO
NODE,PartCatalogProfile,100,100,SYN_part_catalog,data_status = provenance_type = SYNTHETIC_DEMO
NODE,Price,100,100,SYN_pricing,data_status = provenance_type = SYNTHETIC_DEMO
NODE,Region,14,14,SYN_countries_regions,data_status = provenance_type = SYNTHETIC_DEMO
NODE,SearchAlias,493,493,SYN_search_aliases,data_status = provenance_type = SYNTHETIC_DEMO
NODE,ServicePlan,60,60,SYN_services,data_status = provenance_type = SYNTHETIC_DEMO
NODE,Shipment,9,9,SYN_shipments,data_status = provenance_type = SYNTHETIC_DEMO
NODE,ShippingRate,8,8,SYN_shipping_rates,data_status = provenance_type = SYNTHETIC_DEMO
NODE,Supplier,12,12,SYN_suppliers,data_status = provenance_type = SYNTHETIC_DEMO
NODE,SupplierBackorder,4,4,SYN_supplier_backorders,data_status = provenance_type = SYNTHETIC_DEMO
NODE,TrackingEvent,27,27,SYN_shipment_events,data_status = provenance_type = SYNTHETIC_DEMO
NODE,Warehouse,4,4,SYN_warehouses,data_status = provenance_type = SYNTHETIC_DEMO
RELATIONSHIP,Part-[CO_ORDERED_WITH]->Part,75,75,SYN_part_relationships,data_status = provenance_type = SYNTHETIC_DEMO
RELATIONSHIP,Part-[SUPPLIED_BY]->Supplier,157,157,SYN_part_supplier,data_status = provenance_type = SYNTHETIC_DEMO
RELATIONSHIP,SupplierBackorder-[PLACED_WITH]->Supplier,4,4,SYN_supplier_backorders,data_status = provenance_type = SYNTHETIC_DEMO
RELATIONSHIP,SupplierBackorder-[FOR_PART]->Part,4,4,SYN_supplier_backorders,data_status = provenance_type = SYNTHETIC_DEMO
RELATIONSHIP,IdentificationRequirement-[FOR_PART]->Part,6,6,SYN_identification_requirements,data_status = provenance_type = SYNTHETIC_DEMO
RELATIONSHIP,IdentificationRequirement-[FOR_MACHINE]->Machine,6,6,SYN_identification_requirements,data_status = provenance_type = SYNTHETIC_DEMO
RELATIONSHIP,IdentificationRequirement-[ADMITS_VARIANT]->MachineVariant,10,10,SYN_identification_requirements,data_status = provenance_type = SYNTHETIC_DEMO
RELATIONSHIP,ServicePlan-[FOR_MACHINE]->Machine,60,60,SYN_services,data_status = provenance_type = SYNTHETIC_DEMO
RELATIONSHIP,ServicePlan-[REQUIRES_PART]->Part,71,71,SYN_service_parts,data_status = provenance_type = SYNTHETIC_DEMO
RELATIONSHIP,Warehouse-[LOCATED_AT_PLANT]->Plant,3,3,SYN_warehouses,data_status = provenance_type = SYNTHETIC_DEMO
RELATIONSHIP,Warehouse-[LOCATED_AT_ADDRESS]->Address,4,4,SYN_warehouses,data_status = provenance_type = SYNTHETIC_DEMO
RELATIONSHIP,Supplier-[LOCATED_AT_ADDRESS]->Address,12,12,SYN_suppliers,data_status = provenance_type = SYNTHETIC_DEMO
RELATIONSHIP,Dealer-[LOCATED_AT_ADDRESS]->Address,15,15,SYN_dealers,data_status = provenance_type = SYNTHETIC_DEMO
RELATIONSHIP,Customer-[LOCATED_AT_ADDRESS]->Address,10,10,SYN_customers,data_status = provenance_type = SYNTHETIC_DEMO
RELATIONSHIP,Plant-[LOCATED_AT_ADDRESS]->Address,3,3,SYN_addresses,data_status = provenance_type = SYNTHETIC_DEMO
RELATIONSHIP,Address-[IN_REGION]->Region,44,44,SYN_addresses,data_status = provenance_type = SYNTHETIC_DEMO
RELATIONSHIP,Part-[AVAILABLE_AT]->Warehouse,400,400,SYN_inventory,data_status = provenance_type = SYNTHETIC_DEMO
RELATIONSHIP,Part-[STOCKED_BY]->Dealer,315,315,SYN_part_dealer,data_status = provenance_type = SYNTHETIC_DEMO
RELATIONSHIP,Dealer-[SERVES_FAMILY]->MachineFamily,30,30,SYN_dealers,data_status = provenance_type = SYNTHETIC_DEMO
RELATIONSHIP,Price-[PRICES_PART]->Part,100,100,SYN_pricing,data_status = provenance_type = SYNTHETIC_DEMO
RELATIONSHIP,PartCatalogProfile-[PROFILES_PART]->Part,100,100,SYN_part_catalog,data_status = provenance_type = SYNTHETIC_DEMO
RELATIONSHIP,Part-[HAS_COMPLIANCE]->ComplianceRequirement,100,100,SYN_part_compliance,data_status = provenance_type = SYNTHETIC_DEMO
RELATIONSHIP,Assembly-[IDENTIFIED_BY_PART]->Part,15,15,SYN_assembly_master,data_status = provenance_type = SYNTHETIC_DEMO
RELATIONSHIP,Part-[PART_OF]->Assembly,35,35,SYN_assembly_components,data_status = provenance_type = SYNTHETIC_DEMO
RELATIONSHIP,Machine-[HAS_MACHINE_SPECIFICATION]->MachineSpecification,83,83,SYN_machine_specifications,data_status = provenance_type = SYNTHETIC_DEMO
RELATIONSHIP,MachineVariant-[VARIANT_OF]->Machine,30,30,SYN_machine_variants,data_status = provenance_type = SYNTHETIC_DEMO
RELATIONSHIP,Cart-[OPENED_BY]->Customer,3,3,SYN_carts,data_status = provenance_type = SYNTHETIC_DEMO
RELATIONSHIP,Cart-[CONTAINS_LINE]->CartLine,6,6,SYN_cart_items,data_status = provenance_type = SYNTHETIC_DEMO
RELATIONSHIP,Order-[CONTAINS_LINE]->OrderLine,14,14,SYN_order_items,data_status = provenance_type = SYNTHETIC_DEMO
RELATIONSHIP,CartLine-[REFERENCES_PART]->Part,6,6,SYN_cart_items,data_status = provenance_type = SYNTHETIC_DEMO
RELATIONSHIP,OrderLine-[REFERENCES_PART]->Part,14,14,SYN_order_items,data_status = provenance_type = SYNTHETIC_DEMO
RELATIONSHIP,Order-[ORDERED_BY]->Customer,8,8,SYN_orders,data_status = provenance_type = SYNTHETIC_DEMO
RELATIONSHIP,Order-[DELIVERS_TO_ADDRESS]->Address,8,8,SYN_orders,data_status = provenance_type = SYNTHETIC_DEMO
RELATIONSHIP,OrderLine-[ALLOCATED_FROM]->Warehouse,10,10,SYN_order_items,data_status = provenance_type = SYNTHETIC_DEMO
RELATIONSHIP,OrderLine-[PLANNED_FULFILMENT_FROM]->Warehouse,4,4,SYN_order_items,data_status = provenance_type = SYNTHETIC_DEMO
RELATIONSHIP,Order-[HAS_STATUS_EVENT]->OrderStatusEvent,32,32,SYN_order_status_history,data_status = provenance_type = SYNTHETIC_DEMO
RELATIONSHIP,OrderStatusEvent-[RECORDS_STATUS]->OrderStatus,32,32,SYN_order_status_history,data_status = provenance_type = SYNTHETIC_DEMO
RELATIONSHIP,Order-[HAS_SHIPMENT]->Shipment,9,9,SYN_shipments,data_status = provenance_type = SYNTHETIC_DEMO
RELATIONSHIP,Shipment-[SHIPS_LINE]->OrderLine,9,9,SYN_shipments,data_status = provenance_type = SYNTHETIC_DEMO
RELATIONSHIP,Shipment-[DISPATCHED_FROM]->Warehouse,9,9,SYN_shipments,data_status = provenance_type = SYNTHETIC_DEMO
RELATIONSHIP,Shipment-[DELIVERS_TO_CUSTOMER]->Customer,9,9,SYN_shipments,data_status = provenance_type = SYNTHETIC_DEMO
RELATIONSHIP,Shipment-[CARRIED_BY]->Carrier,9,9,SYN_shipments,data_status = provenance_type = SYNTHETIC_DEMO
RELATIONSHIP,Shipment-[HAS_TRACKING_EVENT]->TrackingEvent,27,27,SYN_shipment_events,data_status = provenance_type = SYNTHETIC_DEMO
RELATIONSHIP,DeliveryEstimate-[FROM_WAREHOUSE]->Warehouse,100,100,SYN_delivery_options,data_status = provenance_type = SYNTHETIC_DEMO
RELATIONSHIP,DeliveryEstimate-[TO_CUSTOMER]->Customer,40,40,SYN_delivery_options,data_status = provenance_type = SYNTHETIC_DEMO
RELATIONSHIP,DeliveryEstimate-[TO_DEALER]->Dealer,60,60,SYN_delivery_options,data_status = provenance_type = SYNTHETIC_DEMO
RELATIONSHIP,Supplier-[SUPPLIES_CATEGORY]->Category,25,25,SYN_suppliers,data_status = provenance_type = SYNTHETIC_DEMO
RELATIONSHIP,ComplianceRequirement-[COVERS_CATEGORY]->Category,10,10,SYN_compliance,data_status = provenance_type = SYNTHETIC_DEMO
RELATIONSHIP,Warehouse-[SHIPS_TO_COUNTRY]->Location,8,8,SYN_warehouses,data_status = provenance_type = SYNTHETIC_DEMO
RELATIONSHIP,Part-[HAS_ALIAS]->SearchAlias,448,448,SYN_search_aliases,data_status = provenance_type = SYNTHETIC_DEMO
RELATIONSHIP,Machine-[HAS_ALIAS]->SearchAlias,45,45,SYN_search_aliases,data_status = provenance_type = SYNTHETIC_DEMO
