inventory_id,part_id,location_id,quantity,available_quantity,reserved_quantity,status,last_updated,data_status,source_type,source_record_id,ingestion_timestamp,effective_from,effective_to
INV-0342,PRT-001,WH-001,21,21,0,IN_STOCK,2026-10-01,SYNTHETIC_DEMO,SYNTHETIC_DEMO,INV-0342,,,
INV-0343,PRT-002,WH-001,56,56,0,IN_STOCK,2026-10-01,SYNTHETIC_DEMO,SYNTHETIC_DEMO,INV-0343,,,
INV-0344,PRT-003,WH-001,54,54,0,IN_STOCK,2026-10-01,SYNTHETIC_DEMO,SYNTHETIC_DEMO,INV-0344,,,
INV-0345,PRT-004,WH-001,57,57,0,IN_STOCK,2026-10-01,SYNTHETIC_DEMO,SYNTHETIC_DEMO,INV-0345,,,
INV-0346,PRT-005,WH-001,50,50,0,IN_STOCK,2026-10-01,SYNTHETIC_DEMO,SYNTHETIC_DEMO,INV-0346,,,
INV-0347,PRT-006,WH-001,4,4,0,IN_STOCK,2026-10-01,SYNTHETIC_DEMO,SYNTHETIC_DEMO,INV-0347,,,
INV-0348,PRT-007,WH-001,0,0,0,OUT_OF_STOCK,2026-10-01,SYNTHETIC_DEMO,SYNTHETIC_DEMO,INV-0348,,,
INV-0349,PRT-008,WH-001,49,49,0,IN_STOCK,2026-10-01,SYNTHETIC_DEMO,SYNTHETIC_DEMO,INV-0349,,,
INV-0350,PRT-009,WH-001,10,10,0,IN_STOCK,2026-10-01,SYNTHETIC_DEMO,SYNTHETIC_DEMO,INV-0350,,,
INV-0351,PRT-010,WH-001,14,14,0,IN_STOCK,2026-10-01,SYNTHETIC_DEMO,SYNTHETIC_DEMO,INV-0351,,,
INV-0352,PRT-011,WH-001,10,10,0,IN_STOCK,2026-10-01,SYNTHETIC_DEMO,SYNTHETIC_DEMO,INV-0352,,,
INV-0353,PRT-012,WH-001,0,0,0,OUT_OF_STOCK,2026-10-01,SYNTHETIC_DEMO,SYNTHETIC_DEMO,INV-0353,,,
INV-0354,PRT-013,WH-001,16,16,0,IN_STOCK,2026-10-01,SYNTHETIC_DEMO,SYNTHETIC_DEMO,INV-0354,,,
INV-0355,PRT-014,WH-001,9,9,0,IN_STOCK,2026-10-01,SYNTHETIC_DEMO,SYNTHETIC_DEMO,INV-0355,,,
INV-0356,PRT-015,WH-001,28,28,0,IN_STOCK,2026-10-01,SYNTHETIC_DEMO,SYNTHETIC_DEMO,INV-0356,,,
INV-0357,PRT-016,WH-001,55,55,0,IN_STOCK,2026-10-01,SYNTHETIC_DEMO,SYNTHETIC_DEMO,INV-0357,,,
INV-0358,PRT-017,WH-001,34,34,0,IN_STOCK,2026-10-01,SYNTHETIC_DEMO,SYNTHETIC_DEMO,INV-0358,,,
INV-0359,PRT-018,WH-001,4,4,0,IN_STOCK,2026-10-01,SYNTHETIC_DEMO,SYNTHETIC_DEMO,INV-0359,,,
INV-0360,PRT-019,WH-001,58,58,0,IN_STOCK,2026-10-01,SYNTHETIC_DEMO,SYNTHETIC_DEMO,INV-0360,,,
INV-0361,PRT-020,WH-001,42,42,0,IN_STOCK,2026-10-01,SYNTHETIC_DEMO,SYNTHETIC_DEMO,INV-0361,,,
INV-0362,PRT-021,WH-001,31,31,0,IN_STOCK,2026-10-01,SYNTHETIC_DEMO,SYNTHETIC_DEMO,INV-0362,,,
INV-0363,PRT-022,WH-001,8,8,0,IN_STOCK,2026-10-01,SYNTHETIC_DEMO,SYNTHETIC_DEMO,INV-0363,,,
INV-0364,PRT-023,WH-001,0,0,0,OUT_OF_STOCK,2026-10-01,SYNTHETIC_DEMO,SYNTHETIC_DEMO,INV-0364,,,
INV-0365,PRT-024,WH-001,24,24,0,IN_STOCK,2026-10-01,SYNTHETIC_DEMO,SYNTHETIC_DEMO,INV-0365,,,
INV-0366,PRT-025,WH-001,0,0,0,OUT_OF_STOCK,2026-10-01,SYNTHETIC_DEMO,SYNTHETIC_DEMO,INV-0366,,,
INV-0367,PRT-026,WH-001,38,38,0,IN_STOCK,2026-10-01,SYNTHETIC_DEMO,SYNTHETIC_DEMO,INV-0367,,,
INV-0368,PRT-027,WH-001,0,0,0,OUT_OF_STOCK,2026-10-01,SYNTHETIC_DEMO,SYNTHETIC_DEMO,INV-0368,,,
INV-0369,PRT-028,WH-001,26,26,0,IN_STOCK,2026-10-01,SYNTHETIC_DEMO,SYNTHETIC_DEMO,INV-0369,,,
INV-0370,PRT-029,WH-001,55,55,0,IN_STOCK,2026-10-01,SYNTHETIC_DEMO,SYNTHETIC_DEMO,INV-0370,,,
INV-0371,PRT-030,WH-001,4,4,0,IN_STOCK,2026-10-01,SYNTHETIC_DEMO,SYNTHETIC_DEMO,INV-0371,,,
INV-0372,PRT-031,WH-001,59,59,0,IN_STOCK,2026-10-01,SYNTHETIC_DEMO,SYNTHETIC_DEMO,INV-0372,,,
INV-0373,PRT-032,WH-001,15,15,0,IN_STOCK,2026-10-01,SYNTHETIC_DEMO,SYNTHETIC_DEMO,INV-0373,,,
INV-0374,PRT-033,WH-001,2,2,0,IN_STOCK,2026-10-01,SYNTHETIC_DEMO,SYNTHETIC_DEMO,INV-0374,,,
INV-0375,PRT-034,WH-001,7,7,0,IN_STOCK,2026-10-01,SYNTHETIC_DEMO,SYNTHETIC_DEMO,INV-0375,,,
INV-0376,PRT-035,WH-001,51,51,0,IN_STOCK,2026-10-01,SYNTHETIC_DEMO,SYNTHETIC_DEMO,INV-0376,,,
INV-0377,PRT-036,WH-001,54,54,0,IN_STOCK,2026-10-01,SYNTHETIC_DEMO,SYNTHETIC_DEMO,INV-0377,,,
INV-0378,PRT-037,WH-001,12,12,0,IN_STOCK,2026-10-01,SYNTHETIC_DEMO,SYNTHETIC_DEMO,INV-0378,,,
INV-0379,PRT-038,WH-001,59,59,0,IN_STOCK,2026-10-01,SYNTHETIC_DEMO,SYNTHETIC_DEMO,INV-0379,,,
INV-0380,PRT-039,WH-001,43,43,0,IN_STOCK,2026-10-01,SYNTHETIC_DEMO,SYNTHETIC_DEMO,INV-0380,,,
INV-0381,PRT-040,WH-001,31,31,0,IN_STOCK,2026-10-01,SYNTHETIC_DEMO,SYNTHETIC_DEMO,INV-0381,,,
INV-0382,PRT-041,WH-001,0,0,0,OUT_OF_STOCK,2026-10-01,SYNTHETIC_DEMO,SYNTHETIC_DEMO,INV-0382,,,
INV-0383,PRT-042,WH-001,8,8,0,IN_STOCK,2026-10-01,SYNTHETIC_DEMO,SYNTHETIC_DEMO,INV-0383,,,
INV-0384,PRT-043,WH-001,3,3,0,IN_STOCK,2026-10-01,SYNTHETIC_DEMO,SYNTHETIC_DEMO,INV-0384,,,
INV-0385,PRT-044,WH-001,21,21,0,IN_STOCK,2026-10-01,SYNTHETIC_DEMO,SYNTHETIC_DEMO,INV-0385,,,
INV-0386,PRT-045,WH-001,8,8,0,IN_STOCK,2026-10-01,SYNTHETIC_DEMO,SYNTHETIC_DEMO,INV-0386,,,
INV-0387,PRT-046,WH-001,45,45,0,IN_STOCK,2026-10-01,SYNTHETIC_DEMO,SYNTHETIC_DEMO,INV-0387,,,
INV-0388,PRT-047,WH-001,0,0,0,OUT_OF_STOCK,2026-10-01,SYNTHETIC_DEMO,SYNTHETIC_DEMO,INV-0388,,,
INV-0389,PRT-048,WH-001,60,60,0,IN_STOCK,2026-10-01,SYNTHETIC_DEMO,SYNTHETIC_DEMO,INV-0389,,,
INV-0390,PRT-049,WH-001,48,48,0,IN_STOCK,2026-10-01,SYNTHETIC_DEMO,SYNTHETIC_DEMO,INV-0390,,,
INV-0391,PRT-050,WH-001,31,31,0,IN_STOCK,2026-10-01,SYNTHETIC_DEMO,SYNTHETIC_DEMO,INV-0391,,,
INV-0392,PRT-051,WH-001,7,7,0,IN_STOCK,2026-10-01,SYNTHETIC_DEMO,SYNTHETIC_DEMO,INV-0392,,,
INV-0393,PRT-052,WH-001,19,19,0,IN_STOCK,2026-10-01,SYNTHETIC_DEMO,SYNTHETIC_DEMO,INV-0393,,,
INV-0394,PRT-053,WH-001,43,43,0,IN_STOCK,2026-10-01,SYNTHETIC_DEMO,SYNTHETIC_DEMO,INV-0394,,,
INV-0395,PRT-054,WH-001,28,28,0,IN_STOCK,2026-10-01,SYNTHETIC_DEMO,SYNTHETIC_DEMO,INV-0395,,,
INV-0396,PRT-055,WH-001,47,47,0,IN_STOCK,2026-10-01,SYNTHETIC_DEMO,SYNTHETIC_DEMO,INV-0396,,,
INV-0397,PRT-056,WH-001,22,22,0,IN_STOCK,2026-10-01,SYNTHETIC_DEMO,SYNTHETIC_DEMO,INV-0397,,,
INV-0398,PRT-057,WH-001,49,49,0,IN_STOCK,2026-10-01,SYNTHETIC_DEMO,SYNTHETIC_DEMO,INV-0398,,,
INV-0399,PRT-058,WH-001,0,0,0,OUT_OF_STOCK,2026-10-01,SYNTHETIC_DEMO,SYNTHETIC_DEMO,INV-0399,,,
INV-0400,PRT-059,WH-001,48,48,0,IN_STOCK,2026-10-01,SYNTHETIC_DEMO,SYNTHETIC_DEMO,INV-0400,,,
INV-0401,PRT-060,WH-001,60,60,0,IN_STOCK,2026-10-01,SYNTHETIC_DEMO,SYNTHETIC_DEMO,INV-0401,,,
INV-0402,PRT-061,WH-001,37,37,0,IN_STOCK,2026-10-01,SYNTHETIC_DEMO,SYNTHETIC_DEMO,INV-0402,,,
INV-0403,PRT-062,WH-001,52,52,0,IN_STOCK,2026-10-01,SYNTHETIC_DEMO,SYNTHETIC_DEMO,INV-0403,,,
INV-0404,PRT-063,WH-001,13,13,0,IN_STOCK,2026-10-01,SYNTHETIC_DEMO,SYNTHETIC_DEMO,INV-0404,,,
INV-0405,PRT-064,WH-001,15,15,0,IN_STOCK,2026-10-01,SYNTHETIC_DEMO,SYNTHETIC_DEMO,INV-0405,,,
INV-0406,PRT-065,WH-001,1,1,0,IN_STOCK,2026-10-01,SYNTHETIC_DEMO,SYNTHETIC_DEMO,INV-0406,,,
INV-0407,PRT-066,WH-001,0,0,0,OUT_OF_STOCK,2026-10-01,SYNTHETIC_DEMO,SYNTHETIC_DEMO,INV-0407,,,
INV-0408,PRT-067,WH-001,39,39,0,IN_STOCK,2026-10-01,SYNTHETIC_DEMO,SYNTHETIC_DEMO,INV-0408,,,
INV-0409,PRT-068,WH-001,15,15,0,IN_STOCK,2026-10-01,SYNTHETIC_DEMO,SYNTHETIC_DEMO,INV-0409,,,
INV-0410,PRT-069,WH-001,14,14,0,IN_STOCK,2026-10-01,SYNTHETIC_DEMO,SYNTHETIC_DEMO,INV-0410,,,
INV-0411,PRT-070,WH-001,23,23,0,IN_STOCK,2026-10-01,SYNTHETIC_DEMO,SYNTHETIC_DEMO,INV-0411,,,
INV-0412,PRT-071,WH-001,0,0,0,OUT_OF_STOCK,2026-10-01,SYNTHETIC_DEMO,SYNTHETIC_DEMO,INV-0412,,,
INV-0413,PRT-072,WH-001,16,16,0,IN_STOCK,2026-10-01,SYNTHETIC_DEMO,SYNTHETIC_DEMO,INV-0413,,,
INV-0414,PRT-073,WH-001,32,32,0,IN_STOCK,2026-10-01,SYNTHETIC_DEMO,SYNTHETIC_DEMO,INV-0414,,,
INV-0415,PRT-074,WH-001,37,37,0,IN_STOCK,2026-10-01,SYNTHETIC_DEMO,SYNTHETIC_DEMO,INV-0415,,,
INV-0416,PRT-075,WH-001,31,31,0,IN_STOCK,2026-10-01,SYNTHETIC_DEMO,SYNTHETIC_DEMO,INV-0416,,,
INV-0417,PRT-076,WH-001,50,50,0,IN_STOCK,2026-10-01,SYNTHETIC_DEMO,SYNTHETIC_DEMO,INV-0417,,,
INV-0418,PRT-077,WH-001,0,0,0,OUT_OF_STOCK,2026-10-01,SYNTHETIC_DEMO,SYNTHETIC_DEMO,INV-0418,,,
INV-0419,PRT-078,WH-001,52,52,0,IN_STOCK,2026-10-01,SYNTHETIC_DEMO,SYNTHETIC_DEMO,INV-0419,,,
INV-0420,PRT-079,WH-001,42,42,0,IN_STOCK,2026-10-01,SYNTHETIC_DEMO,SYNTHETIC_DEMO,INV-0420,,,
INV-0421,PRT-080,WH-001,34,34,0,IN_STOCK,2026-10-01,SYNTHETIC_DEMO,SYNTHETIC_DEMO,INV-0421,,,
INV-0422,PRT-081,WH-001,45,45,0,IN_STOCK,2026-10-01,SYNTHETIC_DEMO,SYNTHETIC_DEMO,INV-0422,,,
INV-0423,PRT-082,WH-001,55,55,0,IN_STOCK,2026-10-01,SYNTHETIC_DEMO,SYNTHETIC_DEMO,INV-0423,,,
INV-0424,PRT-083,WH-001,54,54,0,IN_STOCK,2026-10-01,SYNTHETIC_DEMO,SYNTHETIC_DEMO,INV-0424,,,
INV-0425,PRT-084,WH-001,13,13,0,IN_STOCK,2026-10-01,SYNTHETIC_DEMO,SYNTHETIC_DEMO,INV-0425,,,
INV-0426,PRT-085,WH-001,49,49,0,IN_STOCK,2026-10-01,SYNTHETIC_DEMO,SYNTHETIC_DEMO,INV-0426,,,
INV-0427,PRT-086,WH-001,14,14,0,IN_STOCK,2026-10-01,SYNTHETIC_DEMO,SYNTHETIC_DEMO,INV-0427,,,
INV-0428,PRT-087,WH-001,39,39,0,IN_STOCK,2026-10-01,SYNTHETIC_DEMO,SYNTHETIC_DEMO,INV-0428,,,
INV-0429,PRT-088,WH-001,0,0,0,OUT_OF_STOCK,2026-10-01,SYNTHETIC_DEMO,SYNTHETIC_DEMO,INV-0429,,,
INV-0430,PRT-089,WH-001,34,34,0,IN_STOCK,2026-10-01,SYNTHETIC_DEMO,SYNTHETIC_DEMO,INV-0430,,,
INV-0431,PRT-090,WH-001,0,0,0,OUT_OF_STOCK,2026-10-01,SYNTHETIC_DEMO,SYNTHETIC_DEMO,INV-0431,,,
INV-0432,PRT-091,WH-001,25,25,0,IN_STOCK,2026-10-01,SYNTHETIC_DEMO,SYNTHETIC_DEMO,INV-0432,,,
INV-0433,PRT-092,WH-001,10,10,0,IN_STOCK,2026-10-01,SYNTHETIC_DEMO,SYNTHETIC_DEMO,INV-0433,,,
INV-0434,PRT-093,WH-001,52,52,0,IN_STOCK,2026-10-01,SYNTHETIC_DEMO,SYNTHETIC_DEMO,INV-0434,,,
INV-0435,PRT-094,WH-001,31,31,0,IN_STOCK,2026-10-01,SYNTHETIC_DEMO,SYNTHETIC_DEMO,INV-0435,,,
INV-0436,PRT-095,WH-001,21,21,0,IN_STOCK,2026-10-01,SYNTHETIC_DEMO,SYNTHETIC_DEMO,INV-0436,,,
INV-0437,PRT-096,WH-001,36,36,0,IN_STOCK,2026-10-01,SYNTHETIC_DEMO,SYNTHETIC_DEMO,INV-0437,,,
INV-0438,PRT-097,WH-001,7,7,0,IN_STOCK,2026-10-01,SYNTHETIC_DEMO,SYNTHETIC_DEMO,INV-0438,,,
INV-0439,PRT-098,WH-001,31,31,0,IN_STOCK,2026-10-01,SYNTHETIC_DEMO,SYNTHETIC_DEMO,INV-0439,,,
INV-0440,PRT-099,WH-001,14,14,0,IN_STOCK,2026-10-01,SYNTHETIC_DEMO,SYNTHETIC_DEMO,INV-0440,,,
INV-0441,PRT-100,WH-001,0,0,0,OUT_OF_STOCK,2026-10-01,SYNTHETIC_DEMO,SYNTHETIC_DEMO,INV-0441,,,
INV-0442,PRT-001,WH-002,31,31,0,IN_STOCK,2026-10-01,SYNTHETIC_DEMO,SYNTHETIC_DEMO,INV-0442,,,
INV-0443,PRT-002,WH-002,20,20,0,IN_STOCK,2026-10-01,SYNTHETIC_DEMO,SYNTHETIC_DEMO,INV-0443,,,
INV-0444,PRT-003,WH-002,12,12,0,IN_STOCK,2026-10-01,SYNTHETIC_DEMO,SYNTHETIC_DEMO,INV-0444,,,
INV-0445,PRT-004,WH-002,3,3,0,IN_STOCK,2026-10-01,SYNTHETIC_DEMO,SYNTHETIC_DEMO,INV-0445,,,
INV-0446,PRT-005,WH-002,0,0,0,OUT_OF_STOCK,2026-10-01,SYNTHETIC_DEMO,SYNTHETIC_DEMO,INV-0446,,,
INV-0447,PRT-006,WH-002,60,60,0,IN_STOCK,2026-10-01,SYNTHETIC_DEMO,SYNTHETIC_DEMO,INV-0447,,,
INV-0448,PRT-007,WH-002,0,0,0,OUT_OF_STOCK,2026-10-01,SYNTHETIC_DEMO,SYNTHETIC_DEMO,INV-0448,,,
INV-0449,PRT-008,WH-002,6,6,0,IN_STOCK,2026-10-01,SYNTHETIC_DEMO,SYNTHETIC_DEMO,INV-0449,,,
INV-0450,PRT-009,WH-002,19,19,0,IN_STOCK,2026-10-01,SYNTHETIC_DEMO,SYNTHETIC_DEMO,INV-0450,,,
INV-0451,PRT-010,WH-002,0,0,0,OUT_OF_STOCK,2026-10-01,SYNTHETIC_DEMO,SYNTHETIC_DEMO,INV-0451,,,
INV-0452,PRT-011,WH-002,10,10,0,IN_STOCK,2026-10-01,SYNTHETIC_DEMO,SYNTHETIC_DEMO,INV-0452,,,
INV-0453,PRT-012,WH-002,1,1,0,IN_STOCK,2026-10-01,SYNTHETIC_DEMO,SYNTHETIC_DEMO,INV-0453,,,
INV-0454,PRT-013,WH-002,0,0,0,OUT_OF_STOCK,2026-10-01,SYNTHETIC_DEMO,SYNTHETIC_DEMO,INV-0454,,,
INV-0455,PRT-014,WH-002,6,6,0,IN_STOCK,2026-10-01,SYNTHETIC_DEMO,SYNTHETIC_DEMO,INV-0455,,,
INV-0456,PRT-015,WH-002,24,24,0,IN_STOCK,2026-10-01,SYNTHETIC_DEMO,SYNTHETIC_DEMO,INV-0456,,,
INV-0457,PRT-016,WH-002,18,18,0,IN_STOCK,2026-10-01,SYNTHETIC_DEMO,SYNTHETIC_DEMO,INV-0457,,,
INV-0458,PRT-017,WH-002,7,7,0,IN_STOCK,2026-10-01,SYNTHETIC_DEMO,SYNTHETIC_DEMO,INV-0458,,,
INV-0459,PRT-018,WH-002,29,29,0,IN_STOCK,2026-10-01,SYNTHETIC_DEMO,SYNTHETIC_DEMO,INV-0459,,,
INV-0460,PRT-019,WH-002,25,25,0,IN_STOCK,2026-10-01,SYNTHETIC_DEMO,SYNTHETIC_DEMO,INV-0460,,,
INV-0461,PRT-020,WH-002,0,0,0,OUT_OF_STOCK,2026-10-01,SYNTHETIC_DEMO,SYNTHETIC_DEMO,INV-0461,,,
INV-0462,PRT-021,WH-002,4,4,0,IN_STOCK,2026-10-01,SYNTHETIC_DEMO,SYNTHETIC_DEMO,INV-0462,,,
INV-0463,PRT-022,WH-002,0,0,0,OUT_OF_STOCK,2026-10-01,SYNTHETIC_DEMO,SYNTHETIC_DEMO,INV-0463,,,
INV-0464,PRT-023,WH-002,0,0,0,OUT_OF_STOCK,2026-10-01,SYNTHETIC_DEMO,SYNTHETIC_DEMO,INV-0464,,,
INV-0465,PRT-024,WH-002,5,5,0,IN_STOCK,2026-10-01,SYNTHETIC_DEMO,SYNTHETIC_DEMO,INV-0465,,,
INV-0466,PRT-025,WH-002,15,15,0,IN_STOCK,2026-10-01,SYNTHETIC_DEMO,SYNTHETIC_DEMO,INV-0466,,,
INV-0467,PRT-026,WH-002,0,0,0,OUT_OF_STOCK,2026-10-01,SYNTHETIC_DEMO,SYNTHETIC_DEMO,INV-0467,,,
INV-0468,PRT-027,WH-002,16,16,0,IN_STOCK,2026-10-01,SYNTHETIC_DEMO,SYNTHETIC_DEMO,INV-0468,,,
INV-0469,PRT-028,WH-002,25,25,0,IN_STOCK,2026-10-01,SYNTHETIC_DEMO,SYNTHETIC_DEMO,INV-0469,,,
INV-0470,PRT-029,WH-002,18,18,0,IN_STOCK,2026-10-01,SYNTHETIC_DEMO,SYNTHETIC_DEMO,INV-0470,,,
INV-0471,PRT-030,WH-002,0,0,0,OUT_OF_STOCK,2026-10-01,SYNTHETIC_DEMO,SYNTHETIC_DEMO,INV-0471,,,
INV-0472,PRT-031,WH-002,4,4,0,IN_STOCK,2026-10-01,SYNTHETIC_DEMO,SYNTHETIC_DEMO,INV-0472,,,
INV-0473,PRT-032,WH-002,16,16,0,IN_STOCK,2026-10-01,SYNTHETIC_DEMO,SYNTHETIC_DEMO,INV-0473,,,
INV-0474,PRT-033,WH-002,15,15,0,IN_STOCK,2026-10-01,SYNTHETIC_DEMO,SYNTHETIC_DEMO,INV-0474,,,
INV-0475,PRT-034,WH-002,55,55,0,IN_STOCK,2026-10-01,SYNTHETIC_DEMO,SYNTHETIC_DEMO,INV-0475,,,
INV-0476,PRT-035,WH-002,14,14,0,IN_STOCK,2026-10-01,SYNTHETIC_DEMO,SYNTHETIC_DEMO,INV-0476,,,
INV-0477,PRT-036,WH-002,16,16,0,IN_STOCK,2026-10-01,SYNTHETIC_DEMO,SYNTHETIC_DEMO,INV-0477,,,
INV-0478,PRT-037,WH-002,14,14,0,IN_STOCK,2026-10-01,SYNTHETIC_DEMO,SYNTHETIC_DEMO,INV-0478,,,
INV-0479,PRT-038,WH-002,19,19,0,IN_STOCK,2026-10-01,SYNTHETIC_DEMO,SYNTHETIC_DEMO,INV-0479,,,
INV-0480,PRT-039,WH-002,25,25,0,IN_STOCK,2026-10-01,SYNTHETIC_DEMO,SYNTHETIC_DEMO,INV-0480,,,
INV-0481,PRT-040,WH-002,0,0,0,OUT_OF_STOCK,2026-10-01,SYNTHETIC_DEMO,SYNTHETIC_DEMO,INV-0481,,,
INV-0482,PRT-041,WH-002,0,0,0,OUT_OF_STOCK,2026-10-01,SYNTHETIC_DEMO,SYNTHETIC_DEMO,INV-0482,,,
INV-0483,PRT-042,WH-002,14,14,0,IN_STOCK,2026-10-01,SYNTHETIC_DEMO,SYNTHETIC_DEMO,INV-0483,,,
INV-0484,PRT-043,WH-002,0,0,0,OUT_OF_STOCK,2026-10-01,SYNTHETIC_DEMO,SYNTHETIC_DEMO,INV-0484,,,
INV-0485,PRT-044,WH-002,11,11,0,IN_STOCK,2026-10-01,SYNTHETIC_DEMO,SYNTHETIC_DEMO,INV-0485,,,
INV-0486,PRT-045,WH-002,38,38,0,IN_STOCK,2026-10-01,SYNTHETIC_DEMO,SYNTHETIC_DEMO,INV-0486,,,
INV-0487,PRT-046,WH-002,0,0,0,OUT_OF_STOCK,2026-10-01,SYNTHETIC_DEMO,SYNTHETIC_DEMO,INV-0487,,,
INV-0488,PRT-047,WH-002,0,0,0,OUT_OF_STOCK,2026-10-01,SYNTHETIC_DEMO,SYNTHETIC_DEMO,INV-0488,,,
INV-0489,PRT-048,WH-002,14,14,0,IN_STOCK,2026-10-01,SYNTHETIC_DEMO,SYNTHETIC_DEMO,INV-0489,,,
INV-0490,PRT-049,WH-002,2,2,0,IN_STOCK,2026-10-01,SYNTHETIC_DEMO,SYNTHETIC_DEMO,INV-0490,,,
INV-0491,PRT-050,WH-002,4,4,0,IN_STOCK,2026-10-01,SYNTHETIC_DEMO,SYNTHETIC_DEMO,INV-0491,,,
INV-0492,PRT-051,WH-002,8,8,0,IN_STOCK,2026-10-01,SYNTHETIC_DEMO,SYNTHETIC_DEMO,INV-0492,,,
INV-0493,PRT-052,WH-002,47,47,0,IN_STOCK,2026-10-01,SYNTHETIC_DEMO,SYNTHETIC_DEMO,INV-0493,,,
INV-0494,PRT-053,WH-002,17,17,0,IN_STOCK,2026-10-01,SYNTHETIC_DEMO,SYNTHETIC_DEMO,INV-0494,,,
INV-0495,PRT-054,WH-002,12,12,0,IN_STOCK,2026-10-01,SYNTHETIC_DEMO,SYNTHETIC_DEMO,INV-0495,,,
INV-0496,PRT-055,WH-002,0,0,0,OUT_OF_STOCK,2026-10-01,SYNTHETIC_DEMO,SYNTHETIC_DEMO,INV-0496,,,
INV-0497,PRT-056,WH-002,14,14,0,IN_STOCK,2026-10-01,SYNTHETIC_DEMO,SYNTHETIC_DEMO,INV-0497,,,
INV-0498,PRT-057,WH-002,13,13,0,IN_STOCK,2026-10-01,SYNTHETIC_DEMO,SYNTHETIC_DEMO,INV-0498,,,
INV-0499,PRT-058,WH-002,0,0,0,OUT_OF_STOCK,2026-10-01,SYNTHETIC_DEMO,SYNTHETIC_DEMO,INV-0499,,,
INV-0500,PRT-059,WH-002,20,20,0,IN_STOCK,2026-10-01,SYNTHETIC_DEMO,SYNTHETIC_DEMO,INV-0500,,,
INV-0501,PRT-060,WH-002,24,24,0,IN_STOCK,2026-10-01,SYNTHETIC_DEMO,SYNTHETIC_DEMO,INV-0501,,,
INV-0502,PRT-061,WH-002,6,6,0,IN_STOCK,2026-10-01,SYNTHETIC_DEMO,SYNTHETIC_DEMO,INV-0502,,,
INV-0503,PRT-062,WH-002,7,7,0,IN_STOCK,2026-10-01,SYNTHETIC_DEMO,SYNTHETIC_DEMO,INV-0503,,,
INV-0504,PRT-063,WH-002,34,34,0,IN_STOCK,2026-10-01,SYNTHETIC_DEMO,SYNTHETIC_DEMO,INV-0504,,,
INV-0505,PRT-064,WH-002,14,14,0,IN_STOCK,2026-10-01,SYNTHETIC_DEMO,SYNTHETIC_DEMO,INV-0505,,,
INV-0506,PRT-065,WH-002,33,33,0,IN_STOCK,2026-10-01,SYNTHETIC_DEMO,SYNTHETIC_DEMO,INV-0506,,,
INV-0507,PRT-066,WH-002,3,3,0,IN_STOCK,2026-10-01,SYNTHETIC_DEMO,SYNTHETIC_DEMO,INV-0507,,,
INV-0508,PRT-067,WH-002,10,10,0,IN_STOCK,2026-10-01,SYNTHETIC_DEMO,SYNTHETIC_DEMO,INV-0508,,,
INV-0509,PRT-068,WH-002,11,11,0,IN_STOCK,2026-10-01,SYNTHETIC_DEMO,SYNTHETIC_DEMO,INV-0509,,,
INV-0510,PRT-069,WH-002,0,0,0,OUT_OF_STOCK,2026-10-01,SYNTHETIC_DEMO,SYNTHETIC_DEMO,INV-0510,,,
INV-0511,PRT-070,WH-002,15,15,0,IN_STOCK,2026-10-01,SYNTHETIC_DEMO,SYNTHETIC_DEMO,INV-0511,,,
INV-0512,PRT-071,WH-002,12,12,0,IN_STOCK,2026-10-01,SYNTHETIC_DEMO,SYNTHETIC_DEMO,INV-0512,,,
INV-0513,PRT-072,WH-002,2,2,0,IN_STOCK,2026-10-01,SYNTHETIC_DEMO,SYNTHETIC_DEMO,INV-0513,,,
INV-0514,PRT-073,WH-002,3,3,0,IN_STOCK,2026-10-01,SYNTHETIC_DEMO,SYNTHETIC_DEMO,INV-0514,,,
INV-0515,PRT-074,WH-002,11,11,0,IN_STOCK,2026-10-01,SYNTHETIC_DEMO,SYNTHETIC_DEMO,INV-0515,,,
INV-0516,PRT-075,WH-002,0,0,0,OUT_OF_STOCK,2026-10-01,SYNTHETIC_DEMO,SYNTHETIC_DEMO,INV-0516,,,
INV-0517,PRT-076,WH-002,18,18,0,IN_STOCK,2026-10-01,SYNTHETIC_DEMO,SYNTHETIC_DEMO,INV-0517,,,
INV-0518,PRT-077,WH-002,43,43,0,IN_STOCK,2026-10-01,SYNTHETIC_DEMO,SYNTHETIC_DEMO,INV-0518,,,
INV-0519,PRT-078,WH-002,21,21,0,IN_STOCK,2026-10-01,SYNTHETIC_DEMO,SYNTHETIC_DEMO,INV-0519,,,
INV-0520,PRT-079,WH-002,11,11,0,IN_STOCK,2026-10-01,SYNTHETIC_DEMO,SYNTHETIC_DEMO,INV-0520,,,
INV-0521,PRT-080,WH-002,0,0,0,OUT_OF_STOCK,2026-10-01,SYNTHETIC_DEMO,SYNTHETIC_DEMO,INV-0521,,,
INV-0522,PRT-081,WH-002,0,0,0,OUT_OF_STOCK,2026-10-01,SYNTHETIC_DEMO,SYNTHETIC_DEMO,INV-0522,,,
INV-0523,PRT-082,WH-002,23,23,0,IN_STOCK,2026-10-01,SYNTHETIC_DEMO,SYNTHETIC_DEMO,INV-0523,,,
INV-0524,PRT-083,WH-002,9,9,0,IN_STOCK,2026-10-01,SYNTHETIC_DEMO,SYNTHETIC_DEMO,INV-0524,,,
INV-0525,PRT-084,WH-002,46,46,0,IN_STOCK,2026-10-01,SYNTHETIC_DEMO,SYNTHETIC_DEMO,INV-0525,,,
INV-0526,PRT-085,WH-002,3,3,0,IN_STOCK,2026-10-01,SYNTHETIC_DEMO,SYNTHETIC_DEMO,INV-0526,,,
INV-0527,PRT-086,WH-002,6,6,0,IN_STOCK,2026-10-01,SYNTHETIC_DEMO,SYNTHETIC_DEMO,INV-0527,,,
INV-0528,PRT-087,WH-002,15,15,0,IN_STOCK,2026-10-01,SYNTHETIC_DEMO,SYNTHETIC_DEMO,INV-0528,,,
INV-0529,PRT-088,WH-002,0,0,0,OUT_OF_STOCK,2026-10-01,SYNTHETIC_DEMO,SYNTHETIC_DEMO,INV-0529,,,
INV-0530,PRT-089,WH-002,17,17,0,IN_STOCK,2026-10-01,SYNTHETIC_DEMO,SYNTHETIC_DEMO,INV-0530,,,
INV-0531,PRT-090,WH-002,31,31,0,IN_STOCK,2026-10-01,SYNTHETIC_DEMO,SYNTHETIC_DEMO,INV-0531,,,
INV-0532,PRT-091,WH-002,8,8,0,IN_STOCK,2026-10-01,SYNTHETIC_DEMO,SYNTHETIC_DEMO,INV-0532,,,
INV-0533,PRT-092,WH-002,25,25,0,IN_STOCK,2026-10-01,SYNTHETIC_DEMO,SYNTHETIC_DEMO,INV-0533,,,
INV-0534,PRT-093,WH-002,17,17,0,IN_STOCK,2026-10-01,SYNTHETIC_DEMO,SYNTHETIC_DEMO,INV-0534,,,
INV-0535,PRT-094,WH-002,0,0,0,OUT_OF_STOCK,2026-10-01,SYNTHETIC_DEMO,SYNTHETIC_DEMO,INV-0535,,,
INV-0536,PRT-095,WH-002,0,0,0,OUT_OF_STOCK,2026-10-01,SYNTHETIC_DEMO,SYNTHETIC_DEMO,INV-0536,,,
INV-0537,PRT-096,WH-002,20,20,0,IN_STOCK,2026-10-01,SYNTHETIC_DEMO,SYNTHETIC_DEMO,INV-0537,,,
INV-0538,PRT-097,WH-002,43,43,0,IN_STOCK,2026-10-01,SYNTHETIC_DEMO,SYNTHETIC_DEMO,INV-0538,,,
INV-0539,PRT-098,WH-002,21,21,0,IN_STOCK,2026-10-01,SYNTHETIC_DEMO,SYNTHETIC_DEMO,INV-0539,,,
INV-0540,PRT-099,WH-002,0,0,0,OUT_OF_STOCK,2026-10-01,SYNTHETIC_DEMO,SYNTHETIC_DEMO,INV-0540,,,
INV-0541,PRT-100,WH-002,25,25,0,IN_STOCK,2026-10-01,SYNTHETIC_DEMO,SYNTHETIC_DEMO,INV-0541,,,
INV-0542,PRT-001,WH-003,8,8,0,IN_STOCK,2026-10-01,SYNTHETIC_DEMO,SYNTHETIC_DEMO,INV-0542,,,
INV-0543,PRT-002,WH-003,9,9,0,IN_STOCK,2026-10-01,SYNTHETIC_DEMO,SYNTHETIC_DEMO,INV-0543,,,
INV-0544,PRT-003,WH-003,0,0,0,OUT_OF_STOCK,2026-10-01,SYNTHETIC_DEMO,SYNTHETIC_DEMO,INV-0544,,,
INV-0545,PRT-004,WH-003,5,5,0,IN_STOCK,2026-10-01,SYNTHETIC_DEMO,SYNTHETIC_DEMO,INV-0545,,,
INV-0546,PRT-005,WH-003,0,0,0,OUT_OF_STOCK,2026-10-01,SYNTHETIC_DEMO,SYNTHETIC_DEMO,INV-0546,,,
INV-0547,PRT-006,WH-003,12,12,0,IN_STOCK,2026-10-01,SYNTHETIC_DEMO,SYNTHETIC_DEMO,INV-0547,,,
INV-0548,PRT-007,WH-003,0,0,0,OUT_OF_STOCK,2026-10-01,SYNTHETIC_DEMO,SYNTHETIC_DEMO,INV-0548,,,
INV-0549,PRT-008,WH-003,0,0,0,OUT_OF_STOCK,2026-10-01,SYNTHETIC_DEMO,SYNTHETIC_DEMO,INV-0549,,,
INV-0550,PRT-009,WH-003,16,16,0,IN_STOCK,2026-10-01,SYNTHETIC_DEMO,SYNTHETIC_DEMO,INV-0550,,,
INV-0551,PRT-010,WH-003,21,21,0,IN_STOCK,2026-10-01,SYNTHETIC_DEMO,SYNTHETIC_DEMO,INV-0551,,,
INV-0552,PRT-011,WH-003,14,14,0,IN_STOCK,2026-10-01,SYNTHETIC_DEMO,SYNTHETIC_DEMO,INV-0552,,,
INV-0553,PRT-012,WH-003,0,0,0,OUT_OF_STOCK,2026-10-01,SYNTHETIC_DEMO,SYNTHETIC_DEMO,INV-0553,,,
INV-0554,PRT-013,WH-003,10,10,0,IN_STOCK,2026-10-01,SYNTHETIC_DEMO,SYNTHETIC_DEMO,INV-0554,,,
INV-0555,PRT-014,WH-003,57,57,0,IN_STOCK,2026-10-01,SYNTHETIC_DEMO,SYNTHETIC_DEMO,INV-0555,,,
INV-0556,PRT-015,WH-003,0,0,0,OUT_OF_STOCK,2026-10-01,SYNTHETIC_DEMO,SYNTHETIC_DEMO,INV-0556,,,
INV-0557,PRT-016,WH-003,1,1,0,IN_STOCK,2026-10-01,SYNTHETIC_DEMO,SYNTHETIC_DEMO,INV-0557,,,
INV-0558,PRT-017,WH-003,24,24,0,IN_STOCK,2026-10-01,SYNTHETIC_DEMO,SYNTHETIC_DEMO,INV-0558,,,
INV-0559,PRT-018,WH-003,21,21,0,IN_STOCK,2026-10-01,SYNTHETIC_DEMO,SYNTHETIC_DEMO,INV-0559,,,
INV-0560,PRT-019,WH-003,14,14,0,IN_STOCK,2026-10-01,SYNTHETIC_DEMO,SYNTHETIC_DEMO,INV-0560,,,
INV-0561,PRT-020,WH-003,15,15,0,IN_STOCK,2026-10-01,SYNTHETIC_DEMO,SYNTHETIC_DEMO,INV-0561,,,
INV-0562,PRT-021,WH-003,13,13,0,IN_STOCK,2026-10-01,SYNTHETIC_DEMO,SYNTHETIC_DEMO,INV-0562,,,
INV-0563,PRT-022,WH-003,25,25,0,IN_STOCK,2026-10-01,SYNTHETIC_DEMO,SYNTHETIC_DEMO,INV-0563,,,
INV-0564,PRT-023,WH-003,0,0,0,OUT_OF_STOCK,2026-10-01,SYNTHETIC_DEMO,SYNTHETIC_DEMO,INV-0564,,,
INV-0565,PRT-024,WH-003,13,13,0,IN_STOCK,2026-10-01,SYNTHETIC_DEMO,SYNTHETIC_DEMO,INV-0565,,,
INV-0566,PRT-025,WH-003,21,21,0,IN_STOCK,2026-10-01,SYNTHETIC_DEMO,SYNTHETIC_DEMO,INV-0566,,,
INV-0567,PRT-026,WH-003,15,15,0,IN_STOCK,2026-10-01,SYNTHETIC_DEMO,SYNTHETIC_DEMO,INV-0567,,,
INV-0568,PRT-027,WH-003,9,9,0,IN_STOCK,2026-10-01,SYNTHETIC_DEMO,SYNTHETIC_DEMO,INV-0568,,,
INV-0569,PRT-028,WH-003,12,12,0,IN_STOCK,2026-10-01,SYNTHETIC_DEMO,SYNTHETIC_DEMO,INV-0569,,,
INV-0570,PRT-029,WH-003,0,0,0,OUT_OF_STOCK,2026-10-01,SYNTHETIC_DEMO,SYNTHETIC_DEMO,INV-0570,,,
INV-0571,PRT-030,WH-003,0,0,0,OUT_OF_STOCK,2026-10-01,SYNTHETIC_DEMO,SYNTHETIC_DEMO,INV-0571,,,
INV-0572,PRT-031,WH-003,6,6,0,IN_STOCK,2026-10-01,SYNTHETIC_DEMO,SYNTHETIC_DEMO,INV-0572,,,
INV-0573,PRT-032,WH-003,24,24,0,IN_STOCK,2026-10-01,SYNTHETIC_DEMO,SYNTHETIC_DEMO,INV-0573,,,
INV-0574,PRT-033,WH-003,10,10,0,IN_STOCK,2026-10-01,SYNTHETIC_DEMO,SYNTHETIC_DEMO,INV-0574,,,
INV-0575,PRT-034,WH-003,15,15,0,IN_STOCK,2026-10-01,SYNTHETIC_DEMO,SYNTHETIC_DEMO,INV-0575,,,
INV-0576,PRT-035,WH-003,5,5,0,IN_STOCK,2026-10-01,SYNTHETIC_DEMO,SYNTHETIC_DEMO,INV-0576,,,
INV-0577,PRT-036,WH-003,17,17,0,IN_STOCK,2026-10-01,SYNTHETIC_DEMO,SYNTHETIC_DEMO,INV-0577,,,
INV-0578,PRT-037,WH-003,53,53,0,IN_STOCK,2026-10-01,SYNTHETIC_DEMO,SYNTHETIC_DEMO,INV-0578,,,
INV-0579,PRT-038,WH-003,17,17,0,IN_STOCK,2026-10-01,SYNTHETIC_DEMO,SYNTHETIC_DEMO,INV-0579,,,
INV-0580,PRT-039,WH-003,0,0,0,OUT_OF_STOCK,2026-10-01,SYNTHETIC_DEMO,SYNTHETIC_DEMO,INV-0580,,,
INV-0581,PRT-040,WH-003,0,0,0,OUT_OF_STOCK,2026-10-01,SYNTHETIC_DEMO,SYNTHETIC_DEMO,INV-0581,,,
INV-0582,PRT-041,WH-003,0,0,0,OUT_OF_STOCK,2026-10-01,SYNTHETIC_DEMO,SYNTHETIC_DEMO,INV-0582,,,
INV-0583,PRT-042,WH-003,0,0,0,OUT_OF_STOCK,2026-10-01,SYNTHETIC_DEMO,SYNTHETIC_DEMO,INV-0583,,,
INV-0584,PRT-043,WH-003,37,37,0,IN_STOCK,2026-10-01,SYNTHETIC_DEMO,SYNTHETIC_DEMO,INV-0584,,,
INV-0585,PRT-044,WH-003,0,0,0,OUT_OF_STOCK,2026-10-01,SYNTHETIC_DEMO,SYNTHETIC_DEMO,INV-0585,,,
INV-0586,PRT-045,WH-003,0,0,0,OUT_OF_STOCK,2026-10-01,SYNTHETIC_DEMO,SYNTHETIC_DEMO,INV-0586,,,
INV-0587,PRT-046,WH-003,18,18,0,IN_STOCK,2026-10-01,SYNTHETIC_DEMO,SYNTHETIC_DEMO,INV-0587,,,
INV-0588,PRT-047,WH-003,1,1,0,IN_STOCK,2026-10-01,SYNTHETIC_DEMO,SYNTHETIC_DEMO,INV-0588,,,
INV-0589,PRT-048,WH-003,3,3,0,IN_STOCK,2026-10-01,SYNTHETIC_DEMO,SYNTHETIC_DEMO,INV-0589,,,
INV-0590,PRT-049,WH-003,10,10,0,IN_STOCK,2026-10-01,SYNTHETIC_DEMO,SYNTHETIC_DEMO,INV-0590,,,
INV-0591,PRT-050,WH-003,19,19,0,IN_STOCK,2026-10-01,SYNTHETIC_DEMO,SYNTHETIC_DEMO,INV-0591,,,
INV-0592,PRT-051,WH-003,37,37,0,IN_STOCK,2026-10-01,SYNTHETIC_DEMO,SYNTHETIC_DEMO,INV-0592,,,
INV-0593,PRT-052,WH-003,0,0,0,OUT_OF_STOCK,2026-10-01,SYNTHETIC_DEMO,SYNTHETIC_DEMO,INV-0593,,,
INV-0594,PRT-053,WH-003,0,0,0,OUT_OF_STOCK,2026-10-01,SYNTHETIC_DEMO,SYNTHETIC_DEMO,INV-0594,,,
INV-0595,PRT-054,WH-003,3,3,0,IN_STOCK,2026-10-01,SYNTHETIC_DEMO,SYNTHETIC_DEMO,INV-0595,,,
INV-0596,PRT-055,WH-003,18,18,0,IN_STOCK,2026-10-01,SYNTHETIC_DEMO,SYNTHETIC_DEMO,INV-0596,,,
INV-0597,PRT-056,WH-003,2,2,0,IN_STOCK,2026-10-01,SYNTHETIC_DEMO,SYNTHETIC_DEMO,INV-0597,,,
INV-0598,PRT-057,WH-003,9,9,0,IN_STOCK,2026-10-01,SYNTHETIC_DEMO,SYNTHETIC_DEMO,INV-0598,,,
INV-0599,PRT-058,WH-003,0,0,0,OUT_OF_STOCK,2026-10-01,SYNTHETIC_DEMO,SYNTHETIC_DEMO,INV-0599,,,
INV-0600,PRT-059,WH-003,5,5,0,IN_STOCK,2026-10-01,SYNTHETIC_DEMO,SYNTHETIC_DEMO,INV-0600,,,
INV-0601,PRT-060,WH-003,20,20,0,IN_STOCK,2026-10-01,SYNTHETIC_DEMO,SYNTHETIC_DEMO,INV-0601,,,
INV-0602,PRT-061,WH-003,16,16,0,IN_STOCK,2026-10-01,SYNTHETIC_DEMO,SYNTHETIC_DEMO,INV-0602,,,
INV-0603,PRT-062,WH-003,24,24,0,IN_STOCK,2026-10-01,SYNTHETIC_DEMO,SYNTHETIC_DEMO,INV-0603,,,
INV-0604,PRT-063,WH-003,23,23,0,IN_STOCK,2026-10-01,SYNTHETIC_DEMO,SYNTHETIC_DEMO,INV-0604,,,
INV-0605,PRT-064,WH-003,0,0,0,OUT_OF_STOCK,2026-10-01,SYNTHETIC_DEMO,SYNTHETIC_DEMO,INV-0605,,,
INV-0606,PRT-065,WH-003,4,4,0,IN_STOCK,2026-10-01,SYNTHETIC_DEMO,SYNTHETIC_DEMO,INV-0606,,,
INV-0607,PRT-066,WH-003,0,0,0,OUT_OF_STOCK,2026-10-01,SYNTHETIC_DEMO,SYNTHETIC_DEMO,INV-0607,,,
INV-0608,PRT-067,WH-003,5,5,0,IN_STOCK,2026-10-01,SYNTHETIC_DEMO,SYNTHETIC_DEMO,INV-0608,,,
INV-0609,PRT-068,WH-003,24,24,0,IN_STOCK,2026-10-01,SYNTHETIC_DEMO,SYNTHETIC_DEMO,INV-0609,,,
INV-0610,PRT-069,WH-003,2,2,0,IN_STOCK,2026-10-01,SYNTHETIC_DEMO,SYNTHETIC_DEMO,INV-0610,,,
INV-0611,PRT-070,WH-003,24,24,0,IN_STOCK,2026-10-01,SYNTHETIC_DEMO,SYNTHETIC_DEMO,INV-0611,,,
INV-0612,PRT-071,WH-003,14,14,0,IN_STOCK,2026-10-01,SYNTHETIC_DEMO,SYNTHETIC_DEMO,INV-0612,,,
INV-0613,PRT-072,WH-003,24,24,0,IN_STOCK,2026-10-01,SYNTHETIC_DEMO,SYNTHETIC_DEMO,INV-0613,,,
INV-0614,PRT-073,WH-003,21,21,0,IN_STOCK,2026-10-01,SYNTHETIC_DEMO,SYNTHETIC_DEMO,INV-0614,,,
INV-0615,PRT-074,WH-003,0,0,0,OUT_OF_STOCK,2026-10-01,SYNTHETIC_DEMO,SYNTHETIC_DEMO,INV-0615,,,
INV-0616,PRT-075,WH-003,20,20,0,IN_STOCK,2026-10-01,SYNTHETIC_DEMO,SYNTHETIC_DEMO,INV-0616,,,
INV-0617,PRT-076,WH-003,0,0,0,OUT_OF_STOCK,2026-10-01,SYNTHETIC_DEMO,SYNTHETIC_DEMO,INV-0617,,,
INV-0618,PRT-077,WH-003,20,20,0,IN_STOCK,2026-10-01,SYNTHETIC_DEMO,SYNTHETIC_DEMO,INV-0618,,,
INV-0619,PRT-078,WH-003,14,14,0,IN_STOCK,2026-10-01,SYNTHETIC_DEMO,SYNTHETIC_DEMO,INV-0619,,,
INV-0620,PRT-079,WH-003,14,14,0,IN_STOCK,2026-10-01,SYNTHETIC_DEMO,SYNTHETIC_DEMO,INV-0620,,,
INV-0621,PRT-080,WH-003,25,23,2,IN_STOCK,2026-10-01,SYNTHETIC_DEMO,SYNTHETIC_DEMO,INV-0621,,,
INV-0622,PRT-081,WH-003,1,1,0,IN_STOCK,2026-10-01,SYNTHETIC_DEMO,SYNTHETIC_DEMO,INV-0622,,,
INV-0623,PRT-082,WH-003,2,2,0,IN_STOCK,2026-10-01,SYNTHETIC_DEMO,SYNTHETIC_DEMO,INV-0623,,,
INV-0624,PRT-083,WH-003,14,14,0,IN_STOCK,2026-10-01,SYNTHETIC_DEMO,SYNTHETIC_DEMO,INV-0624,,,
INV-0625,PRT-084,WH-003,11,11,0,IN_STOCK,2026-10-01,SYNTHETIC_DEMO,SYNTHETIC_DEMO,INV-0625,,,
INV-0626,PRT-085,WH-003,0,0,0,OUT_OF_STOCK,2026-10-01,SYNTHETIC_DEMO,SYNTHETIC_DEMO,INV-0626,,,
INV-0627,PRT-086,WH-003,2,2,0,IN_STOCK,2026-10-01,SYNTHETIC_DEMO,SYNTHETIC_DEMO,INV-0627,,,
INV-0628,PRT-087,WH-003,16,16,0,IN_STOCK,2026-10-01,SYNTHETIC_DEMO,SYNTHETIC_DEMO,INV-0628,,,
INV-0629,PRT-088,WH-003,0,0,0,OUT_OF_STOCK,2026-10-01,SYNTHETIC_DEMO,SYNTHETIC_DEMO,INV-0629,,,
INV-0630,PRT-089,WH-003,25,25,0,IN_STOCK,2026-10-01,SYNTHETIC_DEMO,SYNTHETIC_DEMO,INV-0630,,,
INV-0631,PRT-090,WH-003,1,1,0,IN_STOCK,2026-10-01,SYNTHETIC_DEMO,SYNTHETIC_DEMO,INV-0631,,,
INV-0632,PRT-091,WH-003,25,25,0,IN_STOCK,2026-10-01,SYNTHETIC_DEMO,SYNTHETIC_DEMO,INV-0632,,,
INV-0633,PRT-092,WH-003,6,6,0,IN_STOCK,2026-10-01,SYNTHETIC_DEMO,SYNTHETIC_DEMO,INV-0633,,,
INV-0634,PRT-093,WH-003,15,15,0,IN_STOCK,2026-10-01,SYNTHETIC_DEMO,SYNTHETIC_DEMO,INV-0634,,,
INV-0635,PRT-094,WH-003,1,1,0,IN_STOCK,2026-10-01,SYNTHETIC_DEMO,SYNTHETIC_DEMO,INV-0635,,,
INV-0636,PRT-095,WH-003,25,25,0,IN_STOCK,2026-10-01,SYNTHETIC_DEMO,SYNTHETIC_DEMO,INV-0636,,,
INV-0637,PRT-096,WH-003,0,0,0,OUT_OF_STOCK,2026-10-01,SYNTHETIC_DEMO,SYNTHETIC_DEMO,INV-0637,,,
INV-0638,PRT-097,WH-003,22,22,0,IN_STOCK,2026-10-01,SYNTHETIC_DEMO,SYNTHETIC_DEMO,INV-0638,,,
INV-0639,PRT-098,WH-003,20,20,0,IN_STOCK,2026-10-01,SYNTHETIC_DEMO,SYNTHETIC_DEMO,INV-0639,,,
INV-0640,PRT-099,WH-003,7,7,0,IN_STOCK,2026-10-01,SYNTHETIC_DEMO,SYNTHETIC_DEMO,INV-0640,,,
INV-0641,PRT-100,WH-003,14,14,0,IN_STOCK,2026-10-01,SYNTHETIC_DEMO,SYNTHETIC_DEMO,INV-0641,,,
INV-0642,PRT-001,WH-004,19,19,0,IN_STOCK,2026-10-01,SYNTHETIC_DEMO,SYNTHETIC_DEMO,INV-0642,,,
INV-0643,PRT-002,WH-004,11,11,0,IN_STOCK,2026-10-01,SYNTHETIC_DEMO,SYNTHETIC_DEMO,INV-0643,,,
INV-0644,PRT-003,WH-004,0,0,0,OUT_OF_STOCK,2026-10-01,SYNTHETIC_DEMO,SYNTHETIC_DEMO,INV-0644,,,
INV-0645,PRT-004,WH-004,24,24,0,IN_STOCK,2026-10-01,SYNTHETIC_DEMO,SYNTHETIC_DEMO,INV-0645,,,
INV-0646,PRT-005,WH-004,19,19,0,IN_STOCK,2026-10-01,SYNTHETIC_DEMO,SYNTHETIC_DEMO,INV-0646,,,
INV-0647,PRT-006,WH-004,20,20,0,IN_STOCK,2026-10-01,SYNTHETIC_DEMO,SYNTHETIC_DEMO,INV-0647,,,
INV-0648,PRT-007,WH-004,0,0,0,OUT_OF_STOCK,2026-10-01,SYNTHETIC_DEMO,SYNTHETIC_DEMO,INV-0648,,,
INV-0649,PRT-008,WH-004,17,17,0,IN_STOCK,2026-10-01,SYNTHETIC_DEMO,SYNTHETIC_DEMO,INV-0649,,,
INV-0650,PRT-009,WH-004,9,9,0,IN_STOCK,2026-10-01,SYNTHETIC_DEMO,SYNTHETIC_DEMO,INV-0650,,,
INV-0651,PRT-010,WH-004,21,21,0,IN_STOCK,2026-10-01,SYNTHETIC_DEMO,SYNTHETIC_DEMO,INV-0651,,,
INV-0652,PRT-011,WH-004,0,0,0,OUT_OF_STOCK,2026-10-01,SYNTHETIC_DEMO,SYNTHETIC_DEMO,INV-0652,,,
INV-0653,PRT-012,WH-004,0,0,0,OUT_OF_STOCK,2026-10-01,SYNTHETIC_DEMO,SYNTHETIC_DEMO,INV-0653,,,
INV-0654,PRT-013,WH-004,18,18,0,IN_STOCK,2026-10-01,SYNTHETIC_DEMO,SYNTHETIC_DEMO,INV-0654,,,
INV-0655,PRT-014,WH-004,11,11,0,IN_STOCK,2026-10-01,SYNTHETIC_DEMO,SYNTHETIC_DEMO,INV-0655,,,
INV-0656,PRT-015,WH-004,20,20,0,IN_STOCK,2026-10-01,SYNTHETIC_DEMO,SYNTHETIC_DEMO,INV-0656,,,
INV-0657,PRT-016,WH-004,12,12,0,IN_STOCK,2026-10-01,SYNTHETIC_DEMO,SYNTHETIC_DEMO,INV-0657,,,
INV-0658,PRT-017,WH-004,22,22,0,IN_STOCK,2026-10-01,SYNTHETIC_DEMO,SYNTHETIC_DEMO,INV-0658,,,
INV-0659,PRT-018,WH-004,0,0,0,OUT_OF_STOCK,2026-10-01,SYNTHETIC_DEMO,SYNTHETIC_DEMO,INV-0659,,,
INV-0660,PRT-019,WH-004,12,12,0,IN_STOCK,2026-10-01,SYNTHETIC_DEMO,SYNTHETIC_DEMO,INV-0660,,,
INV-0661,PRT-020,WH-004,10,10,0,IN_STOCK,2026-10-01,SYNTHETIC_DEMO,SYNTHETIC_DEMO,INV-0661,,,
INV-0662,PRT-021,WH-004,0,0,0,OUT_OF_STOCK,2026-10-01,SYNTHETIC_DEMO,SYNTHETIC_DEMO,INV-0662,,,
INV-0663,PRT-022,WH-004,23,23,0,IN_STOCK,2026-10-01,SYNTHETIC_DEMO,SYNTHETIC_DEMO,INV-0663,,,
INV-0664,PRT-023,WH-004,0,0,0,OUT_OF_STOCK,2026-10-01,SYNTHETIC_DEMO,SYNTHETIC_DEMO,INV-0664,,,
INV-0665,PRT-024,WH-004,0,0,0,OUT_OF_STOCK,2026-10-01,SYNTHETIC_DEMO,SYNTHETIC_DEMO,INV-0665,,,
INV-0666,PRT-025,WH-004,21,21,0,IN_STOCK,2026-10-01,SYNTHETIC_DEMO,SYNTHETIC_DEMO,INV-0666,,,
INV-0667,PRT-026,WH-004,11,11,0,IN_STOCK,2026-10-01,SYNTHETIC_DEMO,SYNTHETIC_DEMO,INV-0667,,,
INV-0668,PRT-027,WH-004,9,9,0,IN_STOCK,2026-10-01,SYNTHETIC_DEMO,SYNTHETIC_DEMO,INV-0668,,,
INV-0669,PRT-028,WH-004,6,6,0,IN_STOCK,2026-10-01,SYNTHETIC_DEMO,SYNTHETIC_DEMO,INV-0669,,,
INV-0670,PRT-029,WH-004,24,24,0,IN_STOCK,2026-10-01,SYNTHETIC_DEMO,SYNTHETIC_DEMO,INV-0670,,,
INV-0671,PRT-030,WH-004,0,0,0,OUT_OF_STOCK,2026-10-01,SYNTHETIC_DEMO,SYNTHETIC_DEMO,INV-0671,,,
INV-0672,PRT-031,WH-004,0,0,0,OUT_OF_STOCK,2026-10-01,SYNTHETIC_DEMO,SYNTHETIC_DEMO,INV-0672,,,
INV-0673,PRT-032,WH-004,9,9,0,IN_STOCK,2026-10-01,SYNTHETIC_DEMO,SYNTHETIC_DEMO,INV-0673,,,
INV-0674,PRT-033,WH-004,0,0,0,OUT_OF_STOCK,2026-10-01,SYNTHETIC_DEMO,SYNTHETIC_DEMO,INV-0674,,,
INV-0675,PRT-034,WH-004,24,24,0,IN_STOCK,2026-10-01,SYNTHETIC_DEMO,SYNTHETIC_DEMO,INV-0675,,,
INV-0676,PRT-035,WH-004,23,23,0,IN_STOCK,2026-10-01,SYNTHETIC_DEMO,SYNTHETIC_DEMO,INV-0676,,,
INV-0677,PRT-036,WH-004,0,0,0,OUT_OF_STOCK,2026-10-01,SYNTHETIC_DEMO,SYNTHETIC_DEMO,INV-0677,,,
INV-0678,PRT-037,WH-004,10,10,0,IN_STOCK,2026-10-01,SYNTHETIC_DEMO,SYNTHETIC_DEMO,INV-0678,,,
INV-0679,PRT-038,WH-004,0,0,0,OUT_OF_STOCK,2026-10-01,SYNTHETIC_DEMO,SYNTHETIC_DEMO,INV-0679,,,
INV-0680,PRT-039,WH-004,19,19,0,IN_STOCK,2026-10-01,SYNTHETIC_DEMO,SYNTHETIC_DEMO,INV-0680,,,
INV-0681,PRT-040,WH-004,5,5,0,IN_STOCK,2026-10-01,SYNTHETIC_DEMO,SYNTHETIC_DEMO,INV-0681,,,
INV-0682,PRT-041,WH-004,0,0,0,OUT_OF_STOCK,2026-10-01,SYNTHETIC_DEMO,SYNTHETIC_DEMO,INV-0682,,,
INV-0683,PRT-042,WH-004,25,25,0,IN_STOCK,2026-10-01,SYNTHETIC_DEMO,SYNTHETIC_DEMO,INV-0683,,,
INV-0684,PRT-043,WH-004,0,0,0,OUT_OF_STOCK,2026-10-01,SYNTHETIC_DEMO,SYNTHETIC_DEMO,INV-0684,,,
INV-0685,PRT-044,WH-004,1,1,0,IN_STOCK,2026-10-01,SYNTHETIC_DEMO,SYNTHETIC_DEMO,INV-0685,,,
INV-0686,PRT-045,WH-004,21,21,0,IN_STOCK,2026-10-01,SYNTHETIC_DEMO,SYNTHETIC_DEMO,INV-0686,,,
INV-0687,PRT-046,WH-004,14,14,0,IN_STOCK,2026-10-01,SYNTHETIC_DEMO,SYNTHETIC_DEMO,INV-0687,,,
INV-0688,PRT-047,WH-004,0,0,0,OUT_OF_STOCK,2026-10-01,SYNTHETIC_DEMO,SYNTHETIC_DEMO,INV-0688,,,
INV-0689,PRT-048,WH-004,14,14,0,IN_STOCK,2026-10-01,SYNTHETIC_DEMO,SYNTHETIC_DEMO,INV-0689,,,
INV-0690,PRT-049,WH-004,7,7,0,IN_STOCK,2026-10-01,SYNTHETIC_DEMO,SYNTHETIC_DEMO,INV-0690,,,
INV-0691,PRT-050,WH-004,25,25,0,IN_STOCK,2026-10-01,SYNTHETIC_DEMO,SYNTHETIC_DEMO,INV-0691,,,
INV-0692,PRT-051,WH-004,6,6,0,IN_STOCK,2026-10-01,SYNTHETIC_DEMO,SYNTHETIC_DEMO,INV-0692,,,
INV-0693,PRT-052,WH-004,18,18,0,IN_STOCK,2026-10-01,SYNTHETIC_DEMO,SYNTHETIC_DEMO,INV-0693,,,
INV-0694,PRT-053,WH-004,0,0,0,OUT_OF_STOCK,2026-10-01,SYNTHETIC_DEMO,SYNTHETIC_DEMO,INV-0694,,,
INV-0695,PRT-054,WH-004,9,9,0,IN_STOCK,2026-10-01,SYNTHETIC_DEMO,SYNTHETIC_DEMO,INV-0695,,,
INV-0696,PRT-055,WH-004,16,16,0,IN_STOCK,2026-10-01,SYNTHETIC_DEMO,SYNTHETIC_DEMO,INV-0696,,,
INV-0697,PRT-056,WH-004,5,5,0,IN_STOCK,2026-10-01,SYNTHETIC_DEMO,SYNTHETIC_DEMO,INV-0697,,,
INV-0698,PRT-057,WH-004,0,0,0,OUT_OF_STOCK,2026-10-01,SYNTHETIC_DEMO,SYNTHETIC_DEMO,INV-0698,,,
INV-0699,PRT-058,WH-004,0,0,0,OUT_OF_STOCK,2026-10-01,SYNTHETIC_DEMO,SYNTHETIC_DEMO,INV-0699,,,
INV-0700,PRT-059,WH-004,8,8,0,IN_STOCK,2026-10-01,SYNTHETIC_DEMO,SYNTHETIC_DEMO,INV-0700,,,
INV-0701,PRT-060,WH-004,15,15,0,IN_STOCK,2026-10-01,SYNTHETIC_DEMO,SYNTHETIC_DEMO,INV-0701,,,
INV-0702,PRT-061,WH-004,0,0,0,OUT_OF_STOCK,2026-10-01,SYNTHETIC_DEMO,SYNTHETIC_DEMO,INV-0702,,,
INV-0703,PRT-062,WH-004,3,3,0,IN_STOCK,2026-10-01,SYNTHETIC_DEMO,SYNTHETIC_DEMO,INV-0703,,,
INV-0704,PRT-063,WH-004,16,16,0,IN_STOCK,2026-10-01,SYNTHETIC_DEMO,SYNTHETIC_DEMO,INV-0704,,,
INV-0705,PRT-064,WH-004,0,0,0,OUT_OF_STOCK,2026-10-01,SYNTHETIC_DEMO,SYNTHETIC_DEMO,INV-0705,,,
INV-0706,PRT-065,WH-004,24,24,0,IN_STOCK,2026-10-01,SYNTHETIC_DEMO,SYNTHETIC_DEMO,INV-0706,,,
INV-0707,PRT-066,WH-004,0,0,0,OUT_OF_STOCK,2026-10-01,SYNTHETIC_DEMO,SYNTHETIC_DEMO,INV-0707,,,
INV-0708,PRT-067,WH-004,0,0,0,OUT_OF_STOCK,2026-10-01,SYNTHETIC_DEMO,SYNTHETIC_DEMO,INV-0708,,,
INV-0709,PRT-068,WH-004,13,13,0,IN_STOCK,2026-10-01,SYNTHETIC_DEMO,SYNTHETIC_DEMO,INV-0709,,,
INV-0710,PRT-069,WH-004,7,7,0,IN_STOCK,2026-10-01,SYNTHETIC_DEMO,SYNTHETIC_DEMO,INV-0710,,,
INV-0711,PRT-070,WH-004,0,0,0,OUT_OF_STOCK,2026-10-01,SYNTHETIC_DEMO,SYNTHETIC_DEMO,INV-0711,,,
INV-0712,PRT-071,WH-004,0,0,0,OUT_OF_STOCK,2026-10-01,SYNTHETIC_DEMO,SYNTHETIC_DEMO,INV-0712,,,
INV-0713,PRT-072,WH-004,0,0,0,OUT_OF_STOCK,2026-10-01,SYNTHETIC_DEMO,SYNTHETIC_DEMO,INV-0713,,,
INV-0714,PRT-073,WH-004,12,12,0,IN_STOCK,2026-10-01,SYNTHETIC_DEMO,SYNTHETIC_DEMO,INV-0714,,,
INV-0715,PRT-074,WH-004,7,7,0,IN_STOCK,2026-10-01,SYNTHETIC_DEMO,SYNTHETIC_DEMO,INV-0715,,,
INV-0716,PRT-075,WH-004,2,2,0,IN_STOCK,2026-10-01,SYNTHETIC_DEMO,SYNTHETIC_DEMO,INV-0716,,,
INV-0717,PRT-076,WH-004,0,0,0,OUT_OF_STOCK,2026-10-01,SYNTHETIC_DEMO,SYNTHETIC_DEMO,INV-0717,,,
INV-0718,PRT-077,WH-004,3,3,0,IN_STOCK,2026-10-01,SYNTHETIC_DEMO,SYNTHETIC_DEMO,INV-0718,,,
INV-0719,PRT-078,WH-004,0,0,0,OUT_OF_STOCK,2026-10-01,SYNTHETIC_DEMO,SYNTHETIC_DEMO,INV-0719,,,
INV-0720,PRT-079,WH-004,25,25,0,IN_STOCK,2026-10-01,SYNTHETIC_DEMO,SYNTHETIC_DEMO,INV-0720,,,
INV-0721,PRT-080,WH-004,1,1,0,IN_STOCK,2026-10-01,SYNTHETIC_DEMO,SYNTHETIC_DEMO,INV-0721,,,
INV-0722,PRT-081,WH-004,15,15,0,IN_STOCK,2026-10-01,SYNTHETIC_DEMO,SYNTHETIC_DEMO,INV-0722,,,
INV-0723,PRT-082,WH-004,4,4,0,IN_STOCK,2026-10-01,SYNTHETIC_DEMO,SYNTHETIC_DEMO,INV-0723,,,
INV-0724,PRT-083,WH-004,15,15,0,IN_STOCK,2026-10-01,SYNTHETIC_DEMO,SYNTHETIC_DEMO,INV-0724,,,
INV-0725,PRT-084,WH-004,0,0,0,OUT_OF_STOCK,2026-10-01,SYNTHETIC_DEMO,SYNTHETIC_DEMO,INV-0725,,,
INV-0726,PRT-085,WH-004,0,0,0,OUT_OF_STOCK,2026-10-01,SYNTHETIC_DEMO,SYNTHETIC_DEMO,INV-0726,,,
INV-0727,PRT-086,WH-004,6,6,0,IN_STOCK,2026-10-01,SYNTHETIC_DEMO,SYNTHETIC_DEMO,INV-0727,,,
INV-0728,PRT-087,WH-004,0,0,0,OUT_OF_STOCK,2026-10-01,SYNTHETIC_DEMO,SYNTHETIC_DEMO,INV-0728,,,
INV-0729,PRT-088,WH-004,4,4,0,IN_STOCK,2026-10-01,SYNTHETIC_DEMO,SYNTHETIC_DEMO,INV-0729,,,
INV-0730,PRT-089,WH-004,13,13,0,IN_STOCK,2026-10-01,SYNTHETIC_DEMO,SYNTHETIC_DEMO,INV-0730,,,
INV-0731,PRT-090,WH-004,9,9,0,IN_STOCK,2026-10-01,SYNTHETIC_DEMO,SYNTHETIC_DEMO,INV-0731,,,
INV-0732,PRT-091,WH-004,3,3,0,IN_STOCK,2026-10-01,SYNTHETIC_DEMO,SYNTHETIC_DEMO,INV-0732,,,
INV-0733,PRT-092,WH-004,13,13,0,IN_STOCK,2026-10-01,SYNTHETIC_DEMO,SYNTHETIC_DEMO,INV-0733,,,
INV-0734,PRT-093,WH-004,19,19,0,IN_STOCK,2026-10-01,SYNTHETIC_DEMO,SYNTHETIC_DEMO,INV-0734,,,
INV-0735,PRT-094,WH-004,3,3,0,IN_STOCK,2026-10-01,SYNTHETIC_DEMO,SYNTHETIC_DEMO,INV-0735,,,
INV-0736,PRT-095,WH-004,0,0,0,OUT_OF_STOCK,2026-10-01,SYNTHETIC_DEMO,SYNTHETIC_DEMO,INV-0736,,,
INV-0737,PRT-096,WH-004,17,17,0,IN_STOCK,2026-10-01,SYNTHETIC_DEMO,SYNTHETIC_DEMO,INV-0737,,,
INV-0738,PRT-097,WH-004,16,16,0,IN_STOCK,2026-10-01,SYNTHETIC_DEMO,SYNTHETIC_DEMO,INV-0738,,,
INV-0739,PRT-098,WH-004,22,22,0,IN_STOCK,2026-10-01,SYNTHETIC_DEMO,SYNTHETIC_DEMO,INV-0739,,,
INV-0740,PRT-099,WH-004,13,13,0,IN_STOCK,2026-10-01,SYNTHETIC_DEMO,SYNTHETIC_DEMO,INV-0740,,,
INV-0741,PRT-100,WH-004,11,11,0,IN_STOCK,2026-10-01,SYNTHETIC_DEMO,SYNTHETIC_DEMO,INV-0741,,,
PRT-001>WH-005,PRT-001,WH-005,47,46,0,IN_STOCK,2026-10-04,SYNTHETIC_DEMO,SYNTHETIC_DEMO,AVAILABLE_AT:PRT-001>WH-005,,,
PRT-001>WH-006,PRT-001,WH-006,21,21,0,IN_STOCK,2026-10-04,SYNTHETIC_DEMO,SYNTHETIC_DEMO,AVAILABLE_AT:PRT-001>WH-006,,,
PRT-001>WH-007,PRT-001,WH-007,34,31,1,IN_STOCK,2026-10-04,SYNTHETIC_DEMO,SYNTHETIC_DEMO,AVAILABLE_AT:PRT-001>WH-007,,,
PRT-001>WH-008,PRT-001,WH-008,27,25,2,IN_STOCK,2026-10-04,SYNTHETIC_DEMO,SYNTHETIC_DEMO,AVAILABLE_AT:PRT-001>WH-008,,,
PRT-001>WH-010,PRT-001,WH-010,37,33,2,IN_STOCK,2026-10-04,SYNTHETIC_DEMO,SYNTHETIC_DEMO,AVAILABLE_AT:PRT-001>WH-010,,,
PRT-001>WH-011,PRT-001,WH-011,5,5,0,LOW_STOCK,2026-10-04,SYNTHETIC_DEMO,SYNTHETIC_DEMO,AVAILABLE_AT:PRT-001>WH-011,,,
PRT-002>WH-006,PRT-002,WH-006,67,57,6,IN_STOCK,2026-10-04,SYNTHETIC_DEMO,SYNTHETIC_DEMO,AVAILABLE_AT:PRT-002>WH-006,,,
PRT-002>WH-008,PRT-002,WH-008,0,0,0,OUT_OF_STOCK,2026-10-04,SYNTHETIC_DEMO,SYNTHETIC_DEMO,AVAILABLE_AT:PRT-002>WH-008,,,
PRT-002>WH-009,PRT-002,WH-009,41,41,0,IN_STOCK,2026-10-04,SYNTHETIC_DEMO,SYNTHETIC_DEMO,AVAILABLE_AT:PRT-002>WH-009,,,
PRT-002>WH-010,PRT-002,WH-010,61,54,5,IN_STOCK,2026-10-04,SYNTHETIC_DEMO,SYNTHETIC_DEMO,AVAILABLE_AT:PRT-002>WH-010,,,
PRT-002>WH-011,PRT-002,WH-011,0,0,0,ON_ORDER,2026-10-04,SYNTHETIC_DEMO,SYNTHETIC_DEMO,AVAILABLE_AT:PRT-002>WH-011,,,
PRT-003>WH-006,PRT-003,WH-006,46,40,4,IN_STOCK,2026-10-04,SYNTHETIC_DEMO,SYNTHETIC_DEMO,AVAILABLE_AT:PRT-003>WH-006,,,
PRT-003>WH-008,PRT-003,WH-008,8,8,0,IN_STOCK,2026-10-04,SYNTHETIC_DEMO,SYNTHETIC_DEMO,AVAILABLE_AT:PRT-003>WH-008,,,
PRT-003>WH-010,PRT-003,WH-010,38,36,1,IN_STOCK,2026-10-04,SYNTHETIC_DEMO,SYNTHETIC_DEMO,AVAILABLE_AT:PRT-003>WH-010,,,
PRT-003>WH-011,PRT-003,WH-011,44,41,2,IN_STOCK,2026-10-04,SYNTHETIC_DEMO,SYNTHETIC_DEMO,AVAILABLE_AT:PRT-003>WH-011,,,
PRT-003>WH-013,PRT-003,WH-013,14,14,0,IN_STOCK,2026-10-04,SYNTHETIC_DEMO,SYNTHETIC_DEMO,AVAILABLE_AT:PRT-003>WH-013,,,
PRT-004>WH-005,PRT-004,WH-005,0,0,0,OUT_OF_STOCK,2026-10-04,SYNTHETIC_DEMO,SYNTHETIC_DEMO,AVAILABLE_AT:PRT-004>WH-005,,,
PRT-004>WH-009,PRT-004,WH-009,0,0,0,ON_ORDER,2026-10-04,SYNTHETIC_DEMO,SYNTHETIC_DEMO,AVAILABLE_AT:PRT-004>WH-009,,,
PRT-004>WH-011,PRT-004,WH-011,62,61,0,IN_STOCK,2026-10-04,SYNTHETIC_DEMO,SYNTHETIC_DEMO,AVAILABLE_AT:PRT-004>WH-011,,,
PRT-005>WH-005,PRT-005,WH-005,27,26,1,IN_STOCK,2026-10-04,SYNTHETIC_DEMO,SYNTHETIC_DEMO,AVAILABLE_AT:PRT-005>WH-005,,,
PRT-005>WH-006,PRT-005,WH-006,39,37,1,IN_STOCK,2026-10-04,SYNTHETIC_DEMO,SYNTHETIC_DEMO,AVAILABLE_AT:PRT-005>WH-006,,,
PRT-005>WH-009,PRT-005,WH-009,57,50,6,IN_STOCK,2026-10-04,SYNTHETIC_DEMO,SYNTHETIC_DEMO,AVAILABLE_AT:PRT-005>WH-009,,,
PRT-005>WH-013,PRT-005,WH-013,55,52,3,IN_STOCK,2026-10-04,SYNTHETIC_DEMO,SYNTHETIC_DEMO,AVAILABLE_AT:PRT-005>WH-013,,,
PRT-006>WH-005,PRT-006,WH-005,19,17,2,IN_STOCK,2026-10-04,SYNTHETIC_DEMO,SYNTHETIC_DEMO,AVAILABLE_AT:PRT-006>WH-005,,,
PRT-006>WH-007,PRT-006,WH-007,30,28,0,IN_STOCK,2026-10-04,SYNTHETIC_DEMO,SYNTHETIC_DEMO,AVAILABLE_AT:PRT-006>WH-007,,,
PRT-006>WH-011,PRT-006,WH-011,54,47,4,IN_STOCK,2026-10-04,SYNTHETIC_DEMO,SYNTHETIC_DEMO,AVAILABLE_AT:PRT-006>WH-011,,,
PRT-006>WH-012,PRT-006,WH-012,66,65,0,IN_STOCK,2026-10-04,SYNTHETIC_DEMO,SYNTHETIC_DEMO,AVAILABLE_AT:PRT-006>WH-012,,,
PRT-006>WH-014,PRT-006,WH-014,0,0,0,ON_ORDER,2026-10-04,SYNTHETIC_DEMO,SYNTHETIC_DEMO,AVAILABLE_AT:PRT-006>WH-014,,,
PRT-007>WH-005,PRT-007,WH-005,0,0,0,ON_ORDER,2026-10-04,SYNTHETIC_DEMO,SYNTHETIC_DEMO,AVAILABLE_AT:PRT-007>WH-005,,,
PRT-007>WH-007,PRT-007,WH-007,0,0,0,OUT_OF_STOCK,2026-10-04,SYNTHETIC_DEMO,SYNTHETIC_DEMO,AVAILABLE_AT:PRT-007>WH-007,,,
PRT-007>WH-009,PRT-007,WH-009,0,0,0,OUT_OF_STOCK,2026-10-04,SYNTHETIC_DEMO,SYNTHETIC_DEMO,AVAILABLE_AT:PRT-007>WH-009,,,
PRT-007>WH-011,PRT-007,WH-011,0,0,0,OUT_OF_STOCK,2026-10-04,SYNTHETIC_DEMO,SYNTHETIC_DEMO,AVAILABLE_AT:PRT-007>WH-011,,,
PRT-007>WH-013,PRT-007,WH-013,0,0,0,ON_ORDER,2026-10-04,SYNTHETIC_DEMO,SYNTHETIC_DEMO,AVAILABLE_AT:PRT-007>WH-013,,,
PRT-008>WH-005,PRT-008,WH-005,56,52,2,IN_STOCK,2026-10-04,SYNTHETIC_DEMO,SYNTHETIC_DEMO,AVAILABLE_AT:PRT-008>WH-005,,,
PRT-008>WH-006,PRT-008,WH-006,48,44,3,IN_STOCK,2026-10-04,SYNTHETIC_DEMO,SYNTHETIC_DEMO,AVAILABLE_AT:PRT-008>WH-006,,,
PRT-008>WH-008,PRT-008,WH-008,40,36,4,IN_STOCK,2026-10-04,SYNTHETIC_DEMO,SYNTHETIC_DEMO,AVAILABLE_AT:PRT-008>WH-008,,,
PRT-008>WH-009,PRT-008,WH-009,28,27,1,IN_STOCK,2026-10-04,SYNTHETIC_DEMO,SYNTHETIC_DEMO,AVAILABLE_AT:PRT-008>WH-009,,,
PRT-008>WH-010,PRT-008,WH-010,39,39,0,IN_STOCK,2026-10-04,SYNTHETIC_DEMO,SYNTHETIC_DEMO,AVAILABLE_AT:PRT-008>WH-010,,,
PRT-008>WH-013,PRT-008,WH-013,0,0,0,ON_ORDER,2026-10-04,SYNTHETIC_DEMO,SYNTHETIC_DEMO,AVAILABLE_AT:PRT-008>WH-013,,,
PRT-009>WH-005,PRT-009,WH-005,61,56,3,IN_STOCK,2026-10-04,SYNTHETIC_DEMO,SYNTHETIC_DEMO,AVAILABLE_AT:PRT-009>WH-005,,,
PRT-009>WH-008,PRT-009,WH-008,25,23,1,IN_STOCK,2026-10-04,SYNTHETIC_DEMO,SYNTHETIC_DEMO,AVAILABLE_AT:PRT-009>WH-008,,,
PRT-009>WH-011,PRT-009,WH-011,26,24,2,IN_STOCK,2026-10-04,SYNTHETIC_DEMO,SYNTHETIC_DEMO,AVAILABLE_AT:PRT-009>WH-011,,,
PRT-010>WH-012,PRT-010,WH-012,26,24,2,IN_STOCK,2026-10-04,SYNTHETIC_DEMO,SYNTHETIC_DEMO,AVAILABLE_AT:PRT-010>WH-012,,,
PRT-010>WH-014,PRT-010,WH-014,17,15,1,IN_STOCK,2026-10-04,SYNTHETIC_DEMO,SYNTHETIC_DEMO,AVAILABLE_AT:PRT-010>WH-014,,,
PRT-011>WH-005,PRT-011,WH-005,8,8,0,IN_STOCK,2026-10-04,SYNTHETIC_DEMO,SYNTHETIC_DEMO,AVAILABLE_AT:PRT-011>WH-005,,,
PRT-011>WH-006,PRT-011,WH-006,35,34,1,IN_STOCK,2026-10-04,SYNTHETIC_DEMO,SYNTHETIC_DEMO,AVAILABLE_AT:PRT-011>WH-006,,,
PRT-011>WH-008,PRT-011,WH-008,12,12,0,IN_STOCK,2026-10-04,SYNTHETIC_DEMO,SYNTHETIC_DEMO,AVAILABLE_AT:PRT-011>WH-008,,,
PRT-011>WH-010,PRT-011,WH-010,32,28,3,IN_STOCK,2026-10-04,SYNTHETIC_DEMO,SYNTHETIC_DEMO,AVAILABLE_AT:PRT-011>WH-010,,,
PRT-011>WH-013,PRT-011,WH-013,28,26,1,IN_STOCK,2026-10-04,SYNTHETIC_DEMO,SYNTHETIC_DEMO,AVAILABLE_AT:PRT-011>WH-013,,,
PRT-012>WH-006,PRT-012,WH-006,0,0,0,ON_ORDER,2026-10-04,SYNTHETIC_DEMO,SYNTHETIC_DEMO,AVAILABLE_AT:PRT-012>WH-006,,,
PRT-012>WH-007,PRT-012,WH-007,0,0,0,OUT_OF_STOCK,2026-10-04,SYNTHETIC_DEMO,SYNTHETIC_DEMO,AVAILABLE_AT:PRT-012>WH-007,,,
PRT-012>WH-008,PRT-012,WH-008,0,0,0,OUT_OF_STOCK,2026-10-04,SYNTHETIC_DEMO,SYNTHETIC_DEMO,AVAILABLE_AT:PRT-012>WH-008,,,
PRT-012>WH-010,PRT-012,WH-010,0,0,0,OUT_OF_STOCK,2026-10-04,SYNTHETIC_DEMO,SYNTHETIC_DEMO,AVAILABLE_AT:PRT-012>WH-010,,,
PRT-012>WH-013,PRT-012,WH-013,0,0,0,ON_ORDER,2026-10-04,SYNTHETIC_DEMO,SYNTHETIC_DEMO,AVAILABLE_AT:PRT-012>WH-013,,,
PRT-012>WH-014,PRT-012,WH-014,0,0,0,ON_ORDER,2026-10-04,SYNTHETIC_DEMO,SYNTHETIC_DEMO,AVAILABLE_AT:PRT-012>WH-014,,,
PRT-013>WH-005,PRT-013,WH-005,35,30,3,IN_STOCK,2026-10-04,SYNTHETIC_DEMO,SYNTHETIC_DEMO,AVAILABLE_AT:PRT-013>WH-005,,,
PRT-013>WH-008,PRT-013,WH-008,23,21,1,IN_STOCK,2026-10-04,SYNTHETIC_DEMO,SYNTHETIC_DEMO,AVAILABLE_AT:PRT-013>WH-008,,,
PRT-013>WH-010,PRT-013,WH-010,7,7,0,IN_STOCK,2026-10-04,SYNTHETIC_DEMO,SYNTHETIC_DEMO,AVAILABLE_AT:PRT-013>WH-010,,,
PRT-014>WH-007,PRT-014,WH-007,52,52,0,IN_STOCK,2026-10-04,SYNTHETIC_DEMO,SYNTHETIC_DEMO,AVAILABLE_AT:PRT-014>WH-007,,,
PRT-015>WH-005,PRT-015,WH-005,28,28,0,IN_STOCK,2026-10-04,SYNTHETIC_DEMO,SYNTHETIC_DEMO,AVAILABLE_AT:PRT-015>WH-005,,,
PRT-015>WH-008,PRT-015,WH-008,37,35,1,IN_STOCK,2026-10-04,SYNTHETIC_DEMO,SYNTHETIC_DEMO,AVAILABLE_AT:PRT-015>WH-008,,,
PRT-015>WH-009,PRT-015,WH-009,21,21,0,IN_STOCK,2026-10-04,SYNTHETIC_DEMO,SYNTHETIC_DEMO,AVAILABLE_AT:PRT-015>WH-009,,,
PRT-015>WH-010,PRT-015,WH-010,20,18,1,IN_STOCK,2026-10-04,SYNTHETIC_DEMO,SYNTHETIC_DEMO,AVAILABLE_AT:PRT-015>WH-010,,,
PRT-015>WH-013,PRT-015,WH-013,25,24,0,IN_STOCK,2026-10-04,SYNTHETIC_DEMO,SYNTHETIC_DEMO,AVAILABLE_AT:PRT-015>WH-013,,,
PRT-016>WH-005,PRT-016,WH-005,27,25,2,IN_STOCK,2026-10-04,SYNTHETIC_DEMO,SYNTHETIC_DEMO,AVAILABLE_AT:PRT-016>WH-005,,,
PRT-016>WH-006,PRT-016,WH-006,57,53,3,IN_STOCK,2026-10-04,SYNTHETIC_DEMO,SYNTHETIC_DEMO,AVAILABLE_AT:PRT-016>WH-006,,,
PRT-016>WH-010,PRT-016,WH-010,15,14,1,IN_STOCK,2026-10-04,SYNTHETIC_DEMO,SYNTHETIC_DEMO,AVAILABLE_AT:PRT-016>WH-010,,,
PRT-016>WH-011,PRT-016,WH-011,,,,UNKNOWN,2026-10-04,SYNTHETIC_DEMO,SYNTHETIC_DEMO,AVAILABLE_AT:PRT-016>WH-011,,,
PRT-016>WH-013,PRT-016,WH-013,54,51,1,IN_STOCK,2026-10-04,SYNTHETIC_DEMO,SYNTHETIC_DEMO,AVAILABLE_AT:PRT-016>WH-013,,,
PRT-017>WH-005,PRT-017,WH-005,32,31,1,IN_STOCK,2026-10-04,SYNTHETIC_DEMO,SYNTHETIC_DEMO,AVAILABLE_AT:PRT-017>WH-005,,,
PRT-017>WH-006,PRT-017,WH-006,51,47,3,IN_STOCK,2026-10-04,SYNTHETIC_DEMO,SYNTHETIC_DEMO,AVAILABLE_AT:PRT-017>WH-006,,,
PRT-017>WH-009,PRT-017,WH-009,38,36,1,IN_STOCK,2026-10-04,SYNTHETIC_DEMO,SYNTHETIC_DEMO,AVAILABLE_AT:PRT-017>WH-009,,,
PRT-017>WH-010,PRT-017,WH-010,54,52,0,IN_STOCK,2026-10-04,SYNTHETIC_DEMO,SYNTHETIC_DEMO,AVAILABLE_AT:PRT-017>WH-010,,,
PRT-017>WH-011,PRT-017,WH-011,61,55,4,IN_STOCK,2026-10-04,SYNTHETIC_DEMO,SYNTHETIC_DEMO,AVAILABLE_AT:PRT-017>WH-011,,,
PRT-017>WH-013,PRT-017,WH-013,17,17,0,IN_STOCK,2026-10-04,SYNTHETIC_DEMO,SYNTHETIC_DEMO,AVAILABLE_AT:PRT-017>WH-013,,,
PRT-018>WH-005,PRT-018,WH-005,69,68,0,IN_STOCK,2026-10-04,SYNTHETIC_DEMO,SYNTHETIC_DEMO,AVAILABLE_AT:PRT-018>WH-005,,,
PRT-018>WH-006,PRT-018,WH-006,15,14,1,IN_STOCK,2026-10-04,SYNTHETIC_DEMO,SYNTHETIC_DEMO,AVAILABLE_AT:PRT-018>WH-006,,,
PRT-018>WH-008,PRT-018,WH-008,58,53,3,IN_STOCK,2026-10-04,SYNTHETIC_DEMO,SYNTHETIC_DEMO,AVAILABLE_AT:PRT-018>WH-008,,,
PRT-018>WH-010,PRT-018,WH-010,67,64,1,IN_STOCK,2026-10-04,SYNTHETIC_DEMO,SYNTHETIC_DEMO,AVAILABLE_AT:PRT-018>WH-010,,,
PRT-018>WH-011,PRT-018,WH-011,3,3,0,LOW_STOCK,2026-10-04,SYNTHETIC_DEMO,SYNTHETIC_DEMO,AVAILABLE_AT:PRT-018>WH-011,,,
PRT-019>WH-006,PRT-019,WH-006,63,59,3,IN_STOCK,2026-10-04,SYNTHETIC_DEMO,SYNTHETIC_DEMO,AVAILABLE_AT:PRT-019>WH-006,,,
PRT-019>WH-009,PRT-019,WH-009,49,45,2,IN_STOCK,2026-10-04,SYNTHETIC_DEMO,SYNTHETIC_DEMO,AVAILABLE_AT:PRT-019>WH-009,,,
PRT-019>WH-010,PRT-019,WH-010,18,17,1,IN_STOCK,2026-10-04,SYNTHETIC_DEMO,SYNTHETIC_DEMO,AVAILABLE_AT:PRT-019>WH-010,,,
PRT-019>WH-011,PRT-019,WH-011,67,63,2,IN_STOCK,2026-10-04,SYNTHETIC_DEMO,SYNTHETIC_DEMO,AVAILABLE_AT:PRT-019>WH-011,,,
PRT-019>WH-013,PRT-019,WH-013,38,35,3,IN_STOCK,2026-10-04,SYNTHETIC_DEMO,SYNTHETIC_DEMO,AVAILABLE_AT:PRT-019>WH-013,,,
PRT-020>WH-009,PRT-020,WH-009,0,0,0,ON_ORDER,2026-10-04,SYNTHETIC_DEMO,SYNTHETIC_DEMO,AVAILABLE_AT:PRT-020>WH-009,,,
PRT-020>WH-010,PRT-020,WH-010,35,33,1,IN_STOCK,2026-10-04,SYNTHETIC_DEMO,SYNTHETIC_DEMO,AVAILABLE_AT:PRT-020>WH-010,,,
PRT-020>WH-011,PRT-020,WH-011,4,4,0,LOW_STOCK,2026-10-04,SYNTHETIC_DEMO,SYNTHETIC_DEMO,AVAILABLE_AT:PRT-020>WH-011,,,
PRT-020>WH-013,PRT-020,WH-013,43,40,3,IN_STOCK,2026-10-04,SYNTHETIC_DEMO,SYNTHETIC_DEMO,AVAILABLE_AT:PRT-020>WH-013,,,
PRT-021>WH-005,PRT-021,WH-005,,,,UNKNOWN,2026-10-04,SYNTHETIC_DEMO,SYNTHETIC_DEMO,AVAILABLE_AT:PRT-021>WH-005,,,
PRT-021>WH-006,PRT-021,WH-006,55,50,3,IN_STOCK,2026-10-04,SYNTHETIC_DEMO,SYNTHETIC_DEMO,AVAILABLE_AT:PRT-021>WH-006,,,
PRT-021>WH-010,PRT-021,WH-010,63,60,1,IN_STOCK,2026-10-04,SYNTHETIC_DEMO,SYNTHETIC_DEMO,AVAILABLE_AT:PRT-021>WH-010,,,
PRT-021>WH-013,PRT-021,WH-013,15,15,0,IN_STOCK,2026-10-04,SYNTHETIC_DEMO,SYNTHETIC_DEMO,AVAILABLE_AT:PRT-021>WH-013,,,
PRT-022>WH-005,PRT-022,WH-005,59,54,1,IN_STOCK,2026-10-04,SYNTHETIC_DEMO,SYNTHETIC_DEMO,AVAILABLE_AT:PRT-022>WH-005,,,
PRT-022>WH-012,PRT-022,WH-012,6,6,0,IN_STOCK,2026-10-04,SYNTHETIC_DEMO,SYNTHETIC_DEMO,AVAILABLE_AT:PRT-022>WH-012,,,
PRT-023>WH-006,PRT-023,WH-006,0,0,0,ON_ORDER,2026-10-04,SYNTHETIC_DEMO,SYNTHETIC_DEMO,AVAILABLE_AT:PRT-023>WH-006,,,
PRT-023>WH-009,PRT-023,WH-009,0,0,0,OUT_OF_STOCK,2026-10-04,SYNTHETIC_DEMO,SYNTHETIC_DEMO,AVAILABLE_AT:PRT-023>WH-009,,,
PRT-023>WH-011,PRT-023,WH-011,0,0,0,OUT_OF_STOCK,2026-10-04,SYNTHETIC_DEMO,SYNTHETIC_DEMO,AVAILABLE_AT:PRT-023>WH-011,,,
PRT-023>WH-014,PRT-023,WH-014,0,0,0,ON_ORDER,2026-10-04,SYNTHETIC_DEMO,SYNTHETIC_DEMO,AVAILABLE_AT:PRT-023>WH-014,,,
PRT-024>WH-006,PRT-024,WH-006,4,4,0,LOW_STOCK,2026-10-04,SYNTHETIC_DEMO,SYNTHETIC_DEMO,AVAILABLE_AT:PRT-024>WH-006,,,
PRT-024>WH-009,PRT-024,WH-009,37,33,2,IN_STOCK,2026-10-04,SYNTHETIC_DEMO,SYNTHETIC_DEMO,AVAILABLE_AT:PRT-024>WH-009,,,
PRT-024>WH-010,PRT-024,WH-010,52,47,2,IN_STOCK,2026-10-04,SYNTHETIC_DEMO,SYNTHETIC_DEMO,AVAILABLE_AT:PRT-024>WH-010,,,
PRT-024>WH-011,PRT-024,WH-011,3,3,0,LOW_STOCK,2026-10-04,SYNTHETIC_DEMO,SYNTHETIC_DEMO,AVAILABLE_AT:PRT-024>WH-011,,,
PRT-024>WH-013,PRT-024,WH-013,39,36,3,IN_STOCK,2026-10-04,SYNTHETIC_DEMO,SYNTHETIC_DEMO,AVAILABLE_AT:PRT-024>WH-013,,,
PRT-025>WH-006,PRT-025,WH-006,41,39,2,IN_STOCK,2026-10-04,SYNTHETIC_DEMO,SYNTHETIC_DEMO,AVAILABLE_AT:PRT-025>WH-006,,,
PRT-025>WH-007,PRT-025,WH-007,71,69,1,IN_STOCK,2026-10-04,SYNTHETIC_DEMO,SYNTHETIC_DEMO,AVAILABLE_AT:PRT-025>WH-007,,,
PRT-025>WH-009,PRT-025,WH-009,18,18,0,IN_STOCK,2026-10-04,SYNTHETIC_DEMO,SYNTHETIC_DEMO,AVAILABLE_AT:PRT-025>WH-009,,,
PRT-025>WH-010,PRT-025,WH-010,34,33,0,IN_STOCK,2026-10-04,SYNTHETIC_DEMO,SYNTHETIC_DEMO,AVAILABLE_AT:PRT-025>WH-010,,,
PRT-025>WH-011,PRT-025,WH-011,43,43,0,IN_STOCK,2026-10-04,SYNTHETIC_DEMO,SYNTHETIC_DEMO,AVAILABLE_AT:PRT-025>WH-011,,,
PRT-025>WH-012,PRT-025,WH-012,13,13,0,IN_STOCK,2026-10-04,SYNTHETIC_DEMO,SYNTHETIC_DEMO,AVAILABLE_AT:PRT-025>WH-012,,,
PRT-025>WH-014,PRT-025,WH-014,0,0,0,OUT_OF_STOCK,2026-10-04,SYNTHETIC_DEMO,SYNTHETIC_DEMO,AVAILABLE_AT:PRT-025>WH-014,,,
PRT-026>WH-005,PRT-026,WH-005,14,14,0,IN_STOCK,2026-10-04,SYNTHETIC_DEMO,SYNTHETIC_DEMO,AVAILABLE_AT:PRT-026>WH-005,,,
PRT-026>WH-006,PRT-026,WH-006,59,52,6,IN_STOCK,2026-10-04,SYNTHETIC_DEMO,SYNTHETIC_DEMO,AVAILABLE_AT:PRT-026>WH-006,,,
PRT-026>WH-008,PRT-026,WH-008,12,12,0,IN_STOCK,2026-10-04,SYNTHETIC_DEMO,SYNTHETIC_DEMO,AVAILABLE_AT:PRT-026>WH-008,,,
PRT-026>WH-009,PRT-026,WH-009,3,3,0,LOW_STOCK,2026-10-04,SYNTHETIC_DEMO,SYNTHETIC_DEMO,AVAILABLE_AT:PRT-026>WH-009,,,
PRT-026>WH-011,PRT-026,WH-011,45,44,1,IN_STOCK,2026-10-04,SYNTHETIC_DEMO,SYNTHETIC_DEMO,AVAILABLE_AT:PRT-026>WH-011,,,
PRT-026>WH-013,PRT-026,WH-013,68,60,4,IN_STOCK,2026-10-04,SYNTHETIC_DEMO,SYNTHETIC_DEMO,AVAILABLE_AT:PRT-026>WH-013,,,
PRT-027>WH-005,PRT-027,WH-005,68,58,7,IN_STOCK,2026-10-04,SYNTHETIC_DEMO,SYNTHETIC_DEMO,AVAILABLE_AT:PRT-027>WH-005,,,
PRT-027>WH-007,PRT-027,WH-007,66,57,5,IN_STOCK,2026-10-04,SYNTHETIC_DEMO,SYNTHETIC_DEMO,AVAILABLE_AT:PRT-027>WH-007,,,
PRT-027>WH-008,PRT-027,WH-008,60,58,0,IN_STOCK,2026-10-04,SYNTHETIC_DEMO,SYNTHETIC_DEMO,AVAILABLE_AT:PRT-027>WH-008,,,
PRT-027>WH-009,PRT-027,WH-009,28,26,2,IN_STOCK,2026-10-04,SYNTHETIC_DEMO,SYNTHETIC_DEMO,AVAILABLE_AT:PRT-027>WH-009,,,
PRT-027>WH-011,PRT-027,WH-011,49,49,0,IN_STOCK,2026-10-04,SYNTHETIC_DEMO,SYNTHETIC_DEMO,AVAILABLE_AT:PRT-027>WH-011,,,
PRT-028>WH-006,PRT-028,WH-006,42,38,4,IN_STOCK,2026-10-04,SYNTHETIC_DEMO,SYNTHETIC_DEMO,AVAILABLE_AT:PRT-028>WH-006,,,
PRT-028>WH-013,PRT-028,WH-013,44,44,0,IN_STOCK,2026-10-04,SYNTHETIC_DEMO,SYNTHETIC_DEMO,AVAILABLE_AT:PRT-028>WH-013,,,
PRT-029>WH-006,PRT-029,WH-006,12,11,1,IN_STOCK,2026-10-04,SYNTHETIC_DEMO,SYNTHETIC_DEMO,AVAILABLE_AT:PRT-029>WH-006,,,
PRT-029>WH-009,PRT-029,WH-009,51,45,3,IN_STOCK,2026-10-04,SYNTHETIC_DEMO,SYNTHETIC_DEMO,AVAILABLE_AT:PRT-029>WH-009,,,
PRT-029>WH-011,PRT-029,WH-011,47,45,1,IN_STOCK,2026-10-04,SYNTHETIC_DEMO,SYNTHETIC_DEMO,AVAILABLE_AT:PRT-029>WH-011,,,
PRT-029>WH-013,PRT-029,WH-013,21,20,0,IN_STOCK,2026-10-04,SYNTHETIC_DEMO,SYNTHETIC_DEMO,AVAILABLE_AT:PRT-029>WH-013,,,
PRT-030>WH-006,PRT-030,WH-006,0,0,0,ON_ORDER,2026-10-04,SYNTHETIC_DEMO,SYNTHETIC_DEMO,AVAILABLE_AT:PRT-030>WH-006,,,
PRT-030>WH-010,PRT-030,WH-010,0,0,0,ON_ORDER,2026-10-04,SYNTHETIC_DEMO,SYNTHETIC_DEMO,AVAILABLE_AT:PRT-030>WH-010,,,
PRT-030>WH-011,PRT-030,WH-011,0,0,0,ON_ORDER,2026-10-04,SYNTHETIC_DEMO,SYNTHETIC_DEMO,AVAILABLE_AT:PRT-030>WH-011,,,
PRT-030>WH-013,PRT-030,WH-013,0,0,0,OUT_OF_STOCK,2026-10-04,SYNTHETIC_DEMO,SYNTHETIC_DEMO,AVAILABLE_AT:PRT-030>WH-013,,,
PRT-031>WH-009,PRT-031,WH-009,,,,UNKNOWN,2026-10-04,SYNTHETIC_DEMO,SYNTHETIC_DEMO,AVAILABLE_AT:PRT-031>WH-009,,,
PRT-031>WH-011,PRT-031,WH-011,37,35,0,IN_STOCK,2026-10-04,SYNTHETIC_DEMO,SYNTHETIC_DEMO,AVAILABLE_AT:PRT-031>WH-011,,,
PRT-032>WH-005,PRT-032,WH-005,37,35,1,IN_STOCK,2026-10-04,SYNTHETIC_DEMO,SYNTHETIC_DEMO,AVAILABLE_AT:PRT-032>WH-005,,,
PRT-032>WH-006,PRT-032,WH-006,30,28,0,IN_STOCK,2026-10-04,SYNTHETIC_DEMO,SYNTHETIC_DEMO,AVAILABLE_AT:PRT-032>WH-006,,,
PRT-032>WH-008,PRT-032,WH-008,39,38,0,IN_STOCK,2026-10-04,SYNTHETIC_DEMO,SYNTHETIC_DEMO,AVAILABLE_AT:PRT-032>WH-008,,,
PRT-032>WH-009,PRT-032,WH-009,46,42,4,IN_STOCK,2026-10-04,SYNTHETIC_DEMO,SYNTHETIC_DEMO,AVAILABLE_AT:PRT-032>WH-009,,,
PRT-032>WH-010,PRT-032,WH-010,64,58,3,IN_STOCK,2026-10-04,SYNTHETIC_DEMO,SYNTHETIC_DEMO,AVAILABLE_AT:PRT-032>WH-010,,,
PRT-032>WH-011,PRT-032,WH-011,71,65,6,IN_STOCK,2026-10-04,SYNTHETIC_DEMO,SYNTHETIC_DEMO,AVAILABLE_AT:PRT-032>WH-011,,,
PRT-032>WH-013,PRT-032,WH-013,7,7,0,IN_STOCK,2026-10-04,SYNTHETIC_DEMO,SYNTHETIC_DEMO,AVAILABLE_AT:PRT-032>WH-013,,,
PRT-033>WH-005,PRT-033,WH-005,31,30,1,IN_STOCK,2026-10-04,SYNTHETIC_DEMO,SYNTHETIC_DEMO,AVAILABLE_AT:PRT-033>WH-005,,,
PRT-033>WH-006,PRT-033,WH-006,38,36,0,IN_STOCK,2026-10-04,SYNTHETIC_DEMO,SYNTHETIC_DEMO,AVAILABLE_AT:PRT-033>WH-006,,,
PRT-033>WH-008,PRT-033,WH-008,66,61,2,IN_STOCK,2026-10-04,SYNTHETIC_DEMO,SYNTHETIC_DEMO,AVAILABLE_AT:PRT-033>WH-008,,,
PRT-033>WH-011,PRT-033,WH-011,8,8,0,IN_STOCK,2026-10-04,SYNTHETIC_DEMO,SYNTHETIC_DEMO,AVAILABLE_AT:PRT-033>WH-011,,,
PRT-033>WH-012,PRT-033,WH-012,12,11,1,IN_STOCK,2026-10-04,SYNTHETIC_DEMO,SYNTHETIC_DEMO,AVAILABLE_AT:PRT-033>WH-012,,,
PRT-033>WH-013,PRT-033,WH-013,36,31,3,IN_STOCK,2026-10-04,SYNTHETIC_DEMO,SYNTHETIC_DEMO,AVAILABLE_AT:PRT-033>WH-013,,,
PRT-034>WH-007,PRT-034,WH-007,18,17,0,IN_STOCK,2026-10-04,SYNTHETIC_DEMO,SYNTHETIC_DEMO,AVAILABLE_AT:PRT-034>WH-007,,,
PRT-034>WH-008,PRT-034,WH-008,64,60,3,IN_STOCK,2026-10-04,SYNTHETIC_DEMO,SYNTHETIC_DEMO,AVAILABLE_AT:PRT-034>WH-008,,,
PRT-034>WH-009,PRT-034,WH-009,49,47,2,IN_STOCK,2026-10-04,SYNTHETIC_DEMO,SYNTHETIC_DEMO,AVAILABLE_AT:PRT-034>WH-009,,,
PRT-034>WH-011,PRT-034,WH-011,0,0,0,ON_ORDER,2026-10-04,SYNTHETIC_DEMO,SYNTHETIC_DEMO,AVAILABLE_AT:PRT-034>WH-011,,,
PRT-034>WH-013,PRT-034,WH-013,4,4,0,LOW_STOCK,2026-10-04,SYNTHETIC_DEMO,SYNTHETIC_DEMO,AVAILABLE_AT:PRT-034>WH-013,,,
PRT-034>WH-014,PRT-034,WH-014,22,20,1,IN_STOCK,2026-10-04,SYNTHETIC_DEMO,SYNTHETIC_DEMO,AVAILABLE_AT:PRT-034>WH-014,,,
PRT-035>WH-005,PRT-035,WH-005,48,42,4,IN_STOCK,2026-10-04,SYNTHETIC_DEMO,SYNTHETIC_DEMO,AVAILABLE_AT:PRT-035>WH-005,,,
PRT-035>WH-008,PRT-035,WH-008,14,13,1,IN_STOCK,2026-10-04,SYNTHETIC_DEMO,SYNTHETIC_DEMO,AVAILABLE_AT:PRT-035>WH-008,,,
PRT-035>WH-009,PRT-035,WH-009,5,5,0,LOW_STOCK,2026-10-04,SYNTHETIC_DEMO,SYNTHETIC_DEMO,AVAILABLE_AT:PRT-035>WH-009,,,
PRT-035>WH-010,PRT-035,WH-010,18,16,1,IN_STOCK,2026-10-04,SYNTHETIC_DEMO,SYNTHETIC_DEMO,AVAILABLE_AT:PRT-035>WH-010,,,
PRT-035>WH-011,PRT-035,WH-011,25,22,2,IN_STOCK,2026-10-04,SYNTHETIC_DEMO,SYNTHETIC_DEMO,AVAILABLE_AT:PRT-035>WH-011,,,
PRT-035>WH-013,PRT-035,WH-013,66,65,1,IN_STOCK,2026-10-04,SYNTHETIC_DEMO,SYNTHETIC_DEMO,AVAILABLE_AT:PRT-035>WH-013,,,
PRT-036>WH-005,PRT-036,WH-005,39,34,3,IN_STOCK,2026-10-04,SYNTHETIC_DEMO,SYNTHETIC_DEMO,AVAILABLE_AT:PRT-036>WH-005,,,
PRT-036>WH-006,PRT-036,WH-006,37,34,2,IN_STOCK,2026-10-04,SYNTHETIC_DEMO,SYNTHETIC_DEMO,AVAILABLE_AT:PRT-036>WH-006,,,
PRT-036>WH-010,PRT-036,WH-010,51,49,2,IN_STOCK,2026-10-04,SYNTHETIC_DEMO,SYNTHETIC_DEMO,AVAILABLE_AT:PRT-036>WH-010,,,
PRT-036>WH-013,PRT-036,WH-013,40,36,3,IN_STOCK,2026-10-04,SYNTHETIC_DEMO,SYNTHETIC_DEMO,AVAILABLE_AT:PRT-036>WH-013,,,
PRT-037>WH-007,PRT-037,WH-007,35,32,1,IN_STOCK,2026-10-04,SYNTHETIC_DEMO,SYNTHETIC_DEMO,AVAILABLE_AT:PRT-037>WH-007,,,
PRT-037>WH-012,PRT-037,WH-012,58,56,0,IN_STOCK,2026-10-04,SYNTHETIC_DEMO,SYNTHETIC_DEMO,AVAILABLE_AT:PRT-037>WH-012,,,
PRT-037>WH-014,PRT-037,WH-014,50,42,5,IN_STOCK,2026-10-04,SYNTHETIC_DEMO,SYNTHETIC_DEMO,AVAILABLE_AT:PRT-037>WH-014,,,
PRT-038>WH-008,PRT-038,WH-008,0,0,0,ON_ORDER,2026-10-04,SYNTHETIC_DEMO,SYNTHETIC_DEMO,AVAILABLE_AT:PRT-038>WH-008,,,
PRT-038>WH-009,PRT-038,WH-009,47,41,5,IN_STOCK,2026-10-04,SYNTHETIC_DEMO,SYNTHETIC_DEMO,AVAILABLE_AT:PRT-038>WH-009,,,
PRT-038>WH-010,PRT-038,WH-010,15,15,0,IN_STOCK,2026-10-04,SYNTHETIC_DEMO,SYNTHETIC_DEMO,AVAILABLE_AT:PRT-038>WH-010,,,
PRT-038>WH-013,PRT-038,WH-013,65,59,3,IN_STOCK,2026-10-04,SYNTHETIC_DEMO,SYNTHETIC_DEMO,AVAILABLE_AT:PRT-038>WH-013,,,
PRT-039>WH-005,PRT-039,WH-005,16,15,1,IN_STOCK,2026-10-04,SYNTHETIC_DEMO,SYNTHETIC_DEMO,AVAILABLE_AT:PRT-039>WH-005,,,
PRT-039>WH-008,PRT-039,WH-008,15,13,1,IN_STOCK,2026-10-04,SYNTHETIC_DEMO,SYNTHETIC_DEMO,AVAILABLE_AT:PRT-039>WH-008,,,
PRT-039>WH-009,PRT-039,WH-009,9,9,0,IN_STOCK,2026-10-04,SYNTHETIC_DEMO,SYNTHETIC_DEMO,AVAILABLE_AT:PRT-039>WH-009,,,
PRT-039>WH-010,PRT-039,WH-010,48,44,4,IN_STOCK,2026-10-04,SYNTHETIC_DEMO,SYNTHETIC_DEMO,AVAILABLE_AT:PRT-039>WH-010,,,
PRT-039>WH-011,PRT-039,WH-011,35,34,1,IN_STOCK,2026-10-04,SYNTHETIC_DEMO,SYNTHETIC_DEMO,AVAILABLE_AT:PRT-039>WH-011,,,
PRT-039>WH-013,PRT-039,WH-013,21,19,1,IN_STOCK,2026-10-04,SYNTHETIC_DEMO,SYNTHETIC_DEMO,AVAILABLE_AT:PRT-039>WH-013,,,
PRT-040>WH-006,PRT-040,WH-006,24,23,0,IN_STOCK,2026-10-04,SYNTHETIC_DEMO,SYNTHETIC_DEMO,AVAILABLE_AT:PRT-040>WH-006,,,
PRT-040>WH-008,PRT-040,WH-008,0,0,0,ON_ORDER,2026-10-04,SYNTHETIC_DEMO,SYNTHETIC_DEMO,AVAILABLE_AT:PRT-040>WH-008,,,
PRT-040>WH-009,PRT-040,WH-009,62,55,5,IN_STOCK,2026-10-04,SYNTHETIC_DEMO,SYNTHETIC_DEMO,AVAILABLE_AT:PRT-040>WH-009,,,
PRT-040>WH-010,PRT-040,WH-010,24,22,2,IN_STOCK,2026-10-04,SYNTHETIC_DEMO,SYNTHETIC_DEMO,AVAILABLE_AT:PRT-040>WH-010,,,
PRT-040>WH-011,PRT-040,WH-011,0,0,0,ON_ORDER,2026-10-04,SYNTHETIC_DEMO,SYNTHETIC_DEMO,AVAILABLE_AT:PRT-040>WH-011,,,
PRT-040>WH-013,PRT-040,WH-013,45,44,1,IN_STOCK,2026-10-04,SYNTHETIC_DEMO,SYNTHETIC_DEMO,AVAILABLE_AT:PRT-040>WH-013,,,
PRT-041>WH-005,PRT-041,WH-005,0,0,0,OUT_OF_STOCK,2026-10-04,SYNTHETIC_DEMO,SYNTHETIC_DEMO,AVAILABLE_AT:PRT-041>WH-005,,,
PRT-041>WH-006,PRT-041,WH-006,0,0,0,ON_ORDER,2026-10-04,SYNTHETIC_DEMO,SYNTHETIC_DEMO,AVAILABLE_AT:PRT-041>WH-006,,,
PRT-041>WH-009,PRT-041,WH-009,0,0,0,OUT_OF_STOCK,2026-10-04,SYNTHETIC_DEMO,SYNTHETIC_DEMO,AVAILABLE_AT:PRT-041>WH-009,,,
PRT-041>WH-012,PRT-041,WH-012,0,0,0,ON_ORDER,2026-10-04,SYNTHETIC_DEMO,SYNTHETIC_DEMO,AVAILABLE_AT:PRT-041>WH-012,,,
PRT-041>WH-013,PRT-041,WH-013,0,0,0,ON_ORDER,2026-10-04,SYNTHETIC_DEMO,SYNTHETIC_DEMO,AVAILABLE_AT:PRT-041>WH-013,,,
PRT-042>WH-005,PRT-042,WH-005,22,22,0,IN_STOCK,2026-10-04,SYNTHETIC_DEMO,SYNTHETIC_DEMO,AVAILABLE_AT:PRT-042>WH-005,,,
PRT-042>WH-006,PRT-042,WH-006,17,16,0,IN_STOCK,2026-10-04,SYNTHETIC_DEMO,SYNTHETIC_DEMO,AVAILABLE_AT:PRT-042>WH-006,,,
PRT-042>WH-009,PRT-042,WH-009,10,10,0,IN_STOCK,2026-10-04,SYNTHETIC_DEMO,SYNTHETIC_DEMO,AVAILABLE_AT:PRT-042>WH-009,,,
PRT-042>WH-011,PRT-042,WH-011,40,38,2,IN_STOCK,2026-10-04,SYNTHETIC_DEMO,SYNTHETIC_DEMO,AVAILABLE_AT:PRT-042>WH-011,,,
PRT-042>WH-013,PRT-042,WH-013,69,59,6,IN_STOCK,2026-10-04,SYNTHETIC_DEMO,SYNTHETIC_DEMO,AVAILABLE_AT:PRT-042>WH-013,,,
PRT-043>WH-007,PRT-043,WH-007,17,17,0,IN_STOCK,2026-10-04,SYNTHETIC_DEMO,SYNTHETIC_DEMO,AVAILABLE_AT:PRT-043>WH-007,,,
PRT-043>WH-011,PRT-043,WH-011,72,64,3,IN_STOCK,2026-10-04,SYNTHETIC_DEMO,SYNTHETIC_DEMO,AVAILABLE_AT:PRT-043>WH-011,,,
PRT-043>WH-012,PRT-043,WH-012,18,18,0,IN_STOCK,2026-10-04,SYNTHETIC_DEMO,SYNTHETIC_DEMO,AVAILABLE_AT:PRT-043>WH-012,,,
PRT-044>WH-008,PRT-044,WH-008,18,17,1,IN_STOCK,2026-10-04,SYNTHETIC_DEMO,SYNTHETIC_DEMO,AVAILABLE_AT:PRT-044>WH-008,,,
PRT-044>WH-009,PRT-044,WH-009,10,9,1,IN_STOCK,2026-10-04,SYNTHETIC_DEMO,SYNTHETIC_DEMO,AVAILABLE_AT:PRT-044>WH-009,,,
PRT-044>WH-010,PRT-044,WH-010,32,30,2,IN_STOCK,2026-10-04,SYNTHETIC_DEMO,SYNTHETIC_DEMO,AVAILABLE_AT:PRT-044>WH-010,,,
PRT-044>WH-011,PRT-044,WH-011,12,12,0,IN_STOCK,2026-10-04,SYNTHETIC_DEMO,SYNTHETIC_DEMO,AVAILABLE_AT:PRT-044>WH-011,,,
PRT-044>WH-012,PRT-044,WH-012,56,52,1,IN_STOCK,2026-10-04,SYNTHETIC_DEMO,SYNTHETIC_DEMO,AVAILABLE_AT:PRT-044>WH-012,,,
PRT-044>WH-013,PRT-044,WH-013,52,49,2,IN_STOCK,2026-10-04,SYNTHETIC_DEMO,SYNTHETIC_DEMO,AVAILABLE_AT:PRT-044>WH-013,,,
PRT-045>WH-005,PRT-045,WH-005,40,36,4,IN_STOCK,2026-10-04,SYNTHETIC_DEMO,SYNTHETIC_DEMO,AVAILABLE_AT:PRT-045>WH-005,,,
PRT-045>WH-006,PRT-045,WH-006,,,,UNKNOWN,2026-10-04,SYNTHETIC_DEMO,SYNTHETIC_DEMO,AVAILABLE_AT:PRT-045>WH-006,,,
PRT-045>WH-007,PRT-045,WH-007,4,4,0,LOW_STOCK,2026-10-04,SYNTHETIC_DEMO,SYNTHETIC_DEMO,AVAILABLE_AT:PRT-045>WH-007,,,
PRT-045>WH-009,PRT-045,WH-009,63,60,0,IN_STOCK,2026-10-04,SYNTHETIC_DEMO,SYNTHETIC_DEMO,AVAILABLE_AT:PRT-045>WH-009,,,
PRT-045>WH-011,PRT-045,WH-011,68,64,0,IN_STOCK,2026-10-04,SYNTHETIC_DEMO,SYNTHETIC_DEMO,AVAILABLE_AT:PRT-045>WH-011,,,
PRT-045>WH-012,PRT-045,WH-012,14,13,1,IN_STOCK,2026-10-04,SYNTHETIC_DEMO,SYNTHETIC_DEMO,AVAILABLE_AT:PRT-045>WH-012,,,
PRT-045>WH-013,PRT-045,WH-013,14,14,0,IN_STOCK,2026-10-04,SYNTHETIC_DEMO,SYNTHETIC_DEMO,AVAILABLE_AT:PRT-045>WH-013,,,
PRT-045>WH-014,PRT-045,WH-014,36,34,1,IN_STOCK,2026-10-04,SYNTHETIC_DEMO,SYNTHETIC_DEMO,AVAILABLE_AT:PRT-045>WH-014,,,
PRT-046>WH-006,PRT-046,WH-006,26,26,0,IN_STOCK,2026-10-04,SYNTHETIC_DEMO,SYNTHETIC_DEMO,AVAILABLE_AT:PRT-046>WH-006,,,
PRT-046>WH-008,PRT-046,WH-008,15,14,1,IN_STOCK,2026-10-04,SYNTHETIC_DEMO,SYNTHETIC_DEMO,AVAILABLE_AT:PRT-046>WH-008,,,
PRT-046>WH-009,PRT-046,WH-009,46,40,4,IN_STOCK,2026-10-04,SYNTHETIC_DEMO,SYNTHETIC_DEMO,AVAILABLE_AT:PRT-046>WH-009,,,
PRT-046>WH-010,PRT-046,WH-010,24,23,1,IN_STOCK,2026-10-04,SYNTHETIC_DEMO,SYNTHETIC_DEMO,AVAILABLE_AT:PRT-046>WH-010,,,
PRT-046>WH-011,PRT-046,WH-011,0,0,0,ON_ORDER,2026-10-04,SYNTHETIC_DEMO,SYNTHETIC_DEMO,AVAILABLE_AT:PRT-046>WH-011,,,
PRT-047>WH-005,PRT-047,WH-005,0,0,0,ON_ORDER,2026-10-04,SYNTHETIC_DEMO,SYNTHETIC_DEMO,AVAILABLE_AT:PRT-047>WH-005,,,
PRT-047>WH-008,PRT-047,WH-008,0,0,0,OUT_OF_STOCK,2026-10-04,SYNTHETIC_DEMO,SYNTHETIC_DEMO,AVAILABLE_AT:PRT-047>WH-008,,,
PRT-047>WH-009,PRT-047,WH-009,0,0,0,ON_ORDER,2026-10-04,SYNTHETIC_DEMO,SYNTHETIC_DEMO,AVAILABLE_AT:PRT-047>WH-009,,,
PRT-047>WH-010,PRT-047,WH-010,0,0,0,ON_ORDER,2026-10-04,SYNTHETIC_DEMO,SYNTHETIC_DEMO,AVAILABLE_AT:PRT-047>WH-010,,,
PRT-047>WH-013,PRT-047,WH-013,0,0,0,OUT_OF_STOCK,2026-10-04,SYNTHETIC_DEMO,SYNTHETIC_DEMO,AVAILABLE_AT:PRT-047>WH-013,,,
PRT-048>WH-005,PRT-048,WH-005,13,12,1,IN_STOCK,2026-10-04,SYNTHETIC_DEMO,SYNTHETIC_DEMO,AVAILABLE_AT:PRT-048>WH-005,,,
PRT-048>WH-008,PRT-048,WH-008,34,32,1,IN_STOCK,2026-10-04,SYNTHETIC_DEMO,SYNTHETIC_DEMO,AVAILABLE_AT:PRT-048>WH-008,,,
PRT-048>WH-010,PRT-048,WH-010,26,23,2,IN_STOCK,2026-10-04,SYNTHETIC_DEMO,SYNTHETIC_DEMO,AVAILABLE_AT:PRT-048>WH-010,,,
PRT-048>WH-011,PRT-048,WH-011,23,23,0,IN_STOCK,2026-10-04,SYNTHETIC_DEMO,SYNTHETIC_DEMO,AVAILABLE_AT:PRT-048>WH-011,,,
PRT-048>WH-013,PRT-048,WH-013,15,15,0,IN_STOCK,2026-10-04,SYNTHETIC_DEMO,SYNTHETIC_DEMO,AVAILABLE_AT:PRT-048>WH-013,,,
PRT-049>WH-005,PRT-049,WH-005,57,55,1,IN_STOCK,2026-10-04,SYNTHETIC_DEMO,SYNTHETIC_DEMO,AVAILABLE_AT:PRT-049>WH-005,,,
PRT-049>WH-009,PRT-049,WH-009,37,36,1,IN_STOCK,2026-10-04,SYNTHETIC_DEMO,SYNTHETIC_DEMO,AVAILABLE_AT:PRT-049>WH-009,,,
PRT-049>WH-011,PRT-049,WH-011,50,42,5,IN_STOCK,2026-10-04,SYNTHETIC_DEMO,SYNTHETIC_DEMO,AVAILABLE_AT:PRT-049>WH-011,,,
PRT-049>WH-013,PRT-049,WH-013,12,12,0,IN_STOCK,2026-10-04,SYNTHETIC_DEMO,SYNTHETIC_DEMO,AVAILABLE_AT:PRT-049>WH-013,,,
PRT-050>WH-005,PRT-050,WH-005,72,61,6,IN_STOCK,2026-10-04,SYNTHETIC_DEMO,SYNTHETIC_DEMO,AVAILABLE_AT:PRT-050>WH-005,,,
PRT-050>WH-006,PRT-050,WH-006,41,39,1,IN_STOCK,2026-10-04,SYNTHETIC_DEMO,SYNTHETIC_DEMO,AVAILABLE_AT:PRT-050>WH-006,,,
PRT-050>WH-008,PRT-050,WH-008,4,4,0,LOW_STOCK,2026-10-04,SYNTHETIC_DEMO,SYNTHETIC_DEMO,AVAILABLE_AT:PRT-050>WH-008,,,
PRT-050>WH-009,PRT-050,WH-009,23,21,1,IN_STOCK,2026-10-04,SYNTHETIC_DEMO,SYNTHETIC_DEMO,AVAILABLE_AT:PRT-050>WH-009,,,
PRT-050>WH-010,PRT-050,WH-010,44,43,0,IN_STOCK,2026-10-04,SYNTHETIC_DEMO,SYNTHETIC_DEMO,AVAILABLE_AT:PRT-050>WH-010,,,
PRT-050>WH-013,PRT-050,WH-013,59,54,4,IN_STOCK,2026-10-04,SYNTHETIC_DEMO,SYNTHETIC_DEMO,AVAILABLE_AT:PRT-050>WH-013,,,
PRT-051>WH-005,PRT-051,WH-005,48,48,0,IN_STOCK,2026-10-04,SYNTHETIC_DEMO,SYNTHETIC_DEMO,AVAILABLE_AT:PRT-051>WH-005,,,
PRT-051>WH-006,PRT-051,WH-006,59,59,0,IN_STOCK,2026-10-04,SYNTHETIC_DEMO,SYNTHETIC_DEMO,AVAILABLE_AT:PRT-051>WH-006,,,
PRT-051>WH-011,PRT-051,WH-011,8,8,0,IN_STOCK,2026-10-04,SYNTHETIC_DEMO,SYNTHETIC_DEMO,AVAILABLE_AT:PRT-051>WH-011,,,
PRT-051>WH-012,PRT-051,WH-012,20,20,0,IN_STOCK,2026-10-04,SYNTHETIC_DEMO,SYNTHETIC_DEMO,AVAILABLE_AT:PRT-051>WH-012,,,
PRT-051>WH-014,PRT-051,WH-014,52,48,2,IN_STOCK,2026-10-04,SYNTHETIC_DEMO,SYNTHETIC_DEMO,AVAILABLE_AT:PRT-051>WH-014,,,
PRT-052>WH-005,PRT-052,WH-005,9,9,0,IN_STOCK,2026-10-04,SYNTHETIC_DEMO,SYNTHETIC_DEMO,AVAILABLE_AT:PRT-052>WH-005,,,
PRT-052>WH-006,PRT-052,WH-006,72,69,2,IN_STOCK,2026-10-04,SYNTHETIC_DEMO,SYNTHETIC_DEMO,AVAILABLE_AT:PRT-052>WH-006,,,
PRT-052>WH-011,PRT-052,WH-011,65,58,3,IN_STOCK,2026-10-04,SYNTHETIC_DEMO,SYNTHETIC_DEMO,AVAILABLE_AT:PRT-052>WH-011,,,
PRT-052>WH-014,PRT-052,WH-014,0,0,0,OUT_OF_STOCK,2026-10-04,SYNTHETIC_DEMO,SYNTHETIC_DEMO,AVAILABLE_AT:PRT-052>WH-014,,,
PRT-053>WH-005,PRT-053,WH-005,70,63,5,IN_STOCK,2026-10-04,SYNTHETIC_DEMO,SYNTHETIC_DEMO,AVAILABLE_AT:PRT-053>WH-005,,,
PRT-053>WH-008,PRT-053,WH-008,69,63,2,IN_STOCK,2026-10-04,SYNTHETIC_DEMO,SYNTHETIC_DEMO,AVAILABLE_AT:PRT-053>WH-008,,,
PRT-053>WH-009,PRT-053,WH-009,26,23,2,IN_STOCK,2026-10-04,SYNTHETIC_DEMO,SYNTHETIC_DEMO,AVAILABLE_AT:PRT-053>WH-009,,,
PRT-053>WH-010,PRT-053,WH-010,36,34,0,IN_STOCK,2026-10-04,SYNTHETIC_DEMO,SYNTHETIC_DEMO,AVAILABLE_AT:PRT-053>WH-010,,,
PRT-053>WH-011,PRT-053,WH-011,4,4,0,LOW_STOCK,2026-10-04,SYNTHETIC_DEMO,SYNTHETIC_DEMO,AVAILABLE_AT:PRT-053>WH-011,,,
PRT-054>WH-006,PRT-054,WH-006,32,30,1,IN_STOCK,2026-10-04,SYNTHETIC_DEMO,SYNTHETIC_DEMO,AVAILABLE_AT:PRT-054>WH-006,,,
PRT-054>WH-008,PRT-054,WH-008,47,43,1,IN_STOCK,2026-10-04,SYNTHETIC_DEMO,SYNTHETIC_DEMO,AVAILABLE_AT:PRT-054>WH-008,,,
PRT-054>WH-009,PRT-054,WH-009,0,0,0,OUT_OF_STOCK,2026-10-04,SYNTHETIC_DEMO,SYNTHETIC_DEMO,AVAILABLE_AT:PRT-054>WH-009,,,
PRT-054>WH-010,PRT-054,WH-010,12,12,0,IN_STOCK,2026-10-04,SYNTHETIC_DEMO,SYNTHETIC_DEMO,AVAILABLE_AT:PRT-054>WH-010,,,
PRT-054>WH-011,PRT-054,WH-011,64,58,6,IN_STOCK,2026-10-04,SYNTHETIC_DEMO,SYNTHETIC_DEMO,AVAILABLE_AT:PRT-054>WH-011,,,
PRT-055>WH-005,PRT-055,WH-005,41,36,4,IN_STOCK,2026-10-04,SYNTHETIC_DEMO,SYNTHETIC_DEMO,AVAILABLE_AT:PRT-055>WH-005,,,
PRT-055>WH-008,PRT-055,WH-008,31,31,0,IN_STOCK,2026-10-04,SYNTHETIC_DEMO,SYNTHETIC_DEMO,AVAILABLE_AT:PRT-055>WH-008,,,
PRT-055>WH-010,PRT-055,WH-010,39,38,0,IN_STOCK,2026-10-04,SYNTHETIC_DEMO,SYNTHETIC_DEMO,AVAILABLE_AT:PRT-055>WH-010,,,
PRT-055>WH-013,PRT-055,WH-013,25,24,0,IN_STOCK,2026-10-04,SYNTHETIC_DEMO,SYNTHETIC_DEMO,AVAILABLE_AT:PRT-055>WH-013,,,
PRT-056>WH-005,PRT-056,WH-005,46,42,3,IN_STOCK,2026-10-04,SYNTHETIC_DEMO,SYNTHETIC_DEMO,AVAILABLE_AT:PRT-056>WH-005,,,
PRT-056>WH-006,PRT-056,WH-006,58,53,5,IN_STOCK,2026-10-04,SYNTHETIC_DEMO,SYNTHETIC_DEMO,AVAILABLE_AT:PRT-056>WH-006,,,
PRT-056>WH-008,PRT-056,WH-008,5,5,0,LOW_STOCK,2026-10-04,SYNTHETIC_DEMO,SYNTHETIC_DEMO,AVAILABLE_AT:PRT-056>WH-008,,,
PRT-056>WH-010,PRT-056,WH-010,51,44,5,IN_STOCK,2026-10-04,SYNTHETIC_DEMO,SYNTHETIC_DEMO,AVAILABLE_AT:PRT-056>WH-010,,,
PRT-056>WH-011,PRT-056,WH-011,68,58,6,IN_STOCK,2026-10-04,SYNTHETIC_DEMO,SYNTHETIC_DEMO,AVAILABLE_AT:PRT-056>WH-011,,,
PRT-057>WH-005,PRT-057,WH-005,64,58,5,IN_STOCK,2026-10-04,SYNTHETIC_DEMO,SYNTHETIC_DEMO,AVAILABLE_AT:PRT-057>WH-005,,,
PRT-057>WH-006,PRT-057,WH-006,26,25,1,IN_STOCK,2026-10-04,SYNTHETIC_DEMO,SYNTHETIC_DEMO,AVAILABLE_AT:PRT-057>WH-006,,,
PRT-057>WH-008,PRT-057,WH-008,25,23,1,IN_STOCK,2026-10-04,SYNTHETIC_DEMO,SYNTHETIC_DEMO,AVAILABLE_AT:PRT-057>WH-008,,,
PRT-057>WH-010,PRT-057,WH-010,57,55,0,IN_STOCK,2026-10-04,SYNTHETIC_DEMO,SYNTHETIC_DEMO,AVAILABLE_AT:PRT-057>WH-010,,,
PRT-057>WH-011,PRT-057,WH-011,50,44,5,IN_STOCK,2026-10-04,SYNTHETIC_DEMO,SYNTHETIC_DEMO,AVAILABLE_AT:PRT-057>WH-011,,,
PRT-057>WH-013,PRT-057,WH-013,40,38,2,IN_STOCK,2026-10-04,SYNTHETIC_DEMO,SYNTHETIC_DEMO,AVAILABLE_AT:PRT-057>WH-013,,,
PRT-058>WH-008,PRT-058,WH-008,0,0,0,OUT_OF_STOCK,2026-10-04,SYNTHETIC_DEMO,SYNTHETIC_DEMO,AVAILABLE_AT:PRT-058>WH-008,,,
PRT-058>WH-009,PRT-058,WH-009,0,0,0,ON_ORDER,2026-10-04,SYNTHETIC_DEMO,SYNTHETIC_DEMO,AVAILABLE_AT:PRT-058>WH-009,,,
PRT-058>WH-011,PRT-058,WH-011,0,0,0,OUT_OF_STOCK,2026-10-04,SYNTHETIC_DEMO,SYNTHETIC_DEMO,AVAILABLE_AT:PRT-058>WH-011,,,
PRT-058>WH-013,PRT-058,WH-013,0,0,0,OUT_OF_STOCK,2026-10-04,SYNTHETIC_DEMO,SYNTHETIC_DEMO,AVAILABLE_AT:PRT-058>WH-013,,,
PRT-059>WH-006,PRT-059,WH-006,22,22,0,IN_STOCK,2026-10-04,SYNTHETIC_DEMO,SYNTHETIC_DEMO,AVAILABLE_AT:PRT-059>WH-006,,,
PRT-059>WH-008,PRT-059,WH-008,25,24,1,IN_STOCK,2026-10-04,SYNTHETIC_DEMO,SYNTHETIC_DEMO,AVAILABLE_AT:PRT-059>WH-008,,,
PRT-059>WH-009,PRT-059,WH-009,8,8,0,IN_STOCK,2026-10-04,SYNTHETIC_DEMO,SYNTHETIC_DEMO,AVAILABLE_AT:PRT-059>WH-009,,,
PRT-059>WH-013,PRT-059,WH-013,40,37,2,IN_STOCK,2026-10-04,SYNTHETIC_DEMO,SYNTHETIC_DEMO,AVAILABLE_AT:PRT-059>WH-013,,,
PRT-060>WH-006,PRT-060,WH-006,68,64,4,IN_STOCK,2026-10-04,SYNTHETIC_DEMO,SYNTHETIC_DEMO,AVAILABLE_AT:PRT-060>WH-006,,,
PRT-060>WH-009,PRT-060,WH-009,24,23,0,IN_STOCK,2026-10-04,SYNTHETIC_DEMO,SYNTHETIC_DEMO,AVAILABLE_AT:PRT-060>WH-009,,,
PRT-060>WH-010,PRT-060,WH-010,26,25,0,IN_STOCK,2026-10-04,SYNTHETIC_DEMO,SYNTHETIC_DEMO,AVAILABLE_AT:PRT-060>WH-010,,,
PRT-060>WH-011,PRT-060,WH-011,24,21,2,IN_STOCK,2026-10-04,SYNTHETIC_DEMO,SYNTHETIC_DEMO,AVAILABLE_AT:PRT-060>WH-011,,,
PRT-060>WH-013,PRT-060,WH-013,21,21,0,IN_STOCK,2026-10-04,SYNTHETIC_DEMO,SYNTHETIC_DEMO,AVAILABLE_AT:PRT-060>WH-013,,,
PRT-061>WH-005,PRT-061,WH-005,30,27,3,IN_STOCK,2026-10-04,SYNTHETIC_DEMO,SYNTHETIC_DEMO,AVAILABLE_AT:PRT-061>WH-005,,,
PRT-061>WH-009,PRT-061,WH-009,55,51,3,IN_STOCK,2026-10-04,SYNTHETIC_DEMO,SYNTHETIC_DEMO,AVAILABLE_AT:PRT-061>WH-009,,,
PRT-061>WH-013,PRT-061,WH-013,44,42,1,IN_STOCK,2026-10-04,SYNTHETIC_DEMO,SYNTHETIC_DEMO,AVAILABLE_AT:PRT-061>WH-013,,,
PRT-062>WH-006,PRT-062,WH-006,3,3,0,LOW_STOCK,2026-10-04,SYNTHETIC_DEMO,SYNTHETIC_DEMO,AVAILABLE_AT:PRT-062>WH-006,,,
PRT-062>WH-013,PRT-062,WH-013,70,59,7,IN_STOCK,2026-10-04,SYNTHETIC_DEMO,SYNTHETIC_DEMO,AVAILABLE_AT:PRT-062>WH-013,,,
PRT-063>WH-005,PRT-063,WH-005,50,46,3,IN_STOCK,2026-10-04,SYNTHETIC_DEMO,SYNTHETIC_DEMO,AVAILABLE_AT:PRT-063>WH-005,,,
PRT-063>WH-007,PRT-063,WH-007,60,58,1,IN_STOCK,2026-10-04,SYNTHETIC_DEMO,SYNTHETIC_DEMO,AVAILABLE_AT:PRT-063>WH-007,,,
PRT-063>WH-008,PRT-063,WH-008,51,48,1,IN_STOCK,2026-10-04,SYNTHETIC_DEMO,SYNTHETIC_DEMO,AVAILABLE_AT:PRT-063>WH-008,,,
PRT-063>WH-009,PRT-063,WH-009,14,14,0,IN_STOCK,2026-10-04,SYNTHETIC_DEMO,SYNTHETIC_DEMO,AVAILABLE_AT:PRT-063>WH-009,,,
PRT-063>WH-010,PRT-063,WH-010,40,36,3,IN_STOCK,2026-10-04,SYNTHETIC_DEMO,SYNTHETIC_DEMO,AVAILABLE_AT:PRT-063>WH-010,,,
PRT-063>WH-012,PRT-063,WH-012,32,27,3,IN_STOCK,2026-10-04,SYNTHETIC_DEMO,SYNTHETIC_DEMO,AVAILABLE_AT:PRT-063>WH-012,,,
PRT-063>WH-013,PRT-063,WH-013,9,9,0,IN_STOCK,2026-10-04,SYNTHETIC_DEMO,SYNTHETIC_DEMO,AVAILABLE_AT:PRT-063>WH-013,,,
PRT-064>WH-005,PRT-064,WH-005,36,35,0,IN_STOCK,2026-10-04,SYNTHETIC_DEMO,SYNTHETIC_DEMO,AVAILABLE_AT:PRT-064>WH-005,,,
PRT-064>WH-006,PRT-064,WH-006,0,0,0,ON_ORDER,2026-10-04,SYNTHETIC_DEMO,SYNTHETIC_DEMO,AVAILABLE_AT:PRT-064>WH-006,,,
PRT-064>WH-009,PRT-064,WH-009,52,49,0,IN_STOCK,2026-10-04,SYNTHETIC_DEMO,SYNTHETIC_DEMO,AVAILABLE_AT:PRT-064>WH-009,,,
PRT-064>WH-011,PRT-064,WH-011,57,51,5,IN_STOCK,2026-10-04,SYNTHETIC_DEMO,SYNTHETIC_DEMO,AVAILABLE_AT:PRT-064>WH-011,,,
PRT-064>WH-013,PRT-064,WH-013,13,12,1,IN_STOCK,2026-10-04,SYNTHETIC_DEMO,SYNTHETIC_DEMO,AVAILABLE_AT:PRT-064>WH-013,,,
PRT-065>WH-005,PRT-065,WH-005,54,49,3,IN_STOCK,2026-10-04,SYNTHETIC_DEMO,SYNTHETIC_DEMO,AVAILABLE_AT:PRT-065>WH-005,,,
PRT-065>WH-007,PRT-065,WH-007,4,4,0,LOW_STOCK,2026-10-04,SYNTHETIC_DEMO,SYNTHETIC_DEMO,AVAILABLE_AT:PRT-065>WH-007,,,
PRT-065>WH-010,PRT-065,WH-010,12,12,0,IN_STOCK,2026-10-04,SYNTHETIC_DEMO,SYNTHETIC_DEMO,AVAILABLE_AT:PRT-065>WH-010,,,
PRT-065>WH-011,PRT-065,WH-011,14,14,0,IN_STOCK,2026-10-04,SYNTHETIC_DEMO,SYNTHETIC_DEMO,AVAILABLE_AT:PRT-065>WH-011,,,
PRT-066>WH-005,PRT-066,WH-005,0,0,0,ON_ORDER,2026-10-04,SYNTHETIC_DEMO,SYNTHETIC_DEMO,AVAILABLE_AT:PRT-066>WH-005,,,
PRT-066>WH-009,PRT-066,WH-009,0,0,0,OUT_OF_STOCK,2026-10-04,SYNTHETIC_DEMO,SYNTHETIC_DEMO,AVAILABLE_AT:PRT-066>WH-009,,,
PRT-066>WH-011,PRT-066,WH-011,0,0,0,ON_ORDER,2026-10-04,SYNTHETIC_DEMO,SYNTHETIC_DEMO,AVAILABLE_AT:PRT-066>WH-011,,,
PRT-066>WH-013,PRT-066,WH-013,0,0,0,OUT_OF_STOCK,2026-10-04,SYNTHETIC_DEMO,SYNTHETIC_DEMO,AVAILABLE_AT:PRT-066>WH-013,,,
PRT-067>WH-006,PRT-067,WH-006,21,21,0,IN_STOCK,2026-10-04,SYNTHETIC_DEMO,SYNTHETIC_DEMO,AVAILABLE_AT:PRT-067>WH-006,,,
PRT-067>WH-010,PRT-067,WH-010,38,35,3,IN_STOCK,2026-10-04,SYNTHETIC_DEMO,SYNTHETIC_DEMO,AVAILABLE_AT:PRT-067>WH-010,,,
PRT-067>WH-011,PRT-067,WH-011,33,31,1,IN_STOCK,2026-10-04,SYNTHETIC_DEMO,SYNTHETIC_DEMO,AVAILABLE_AT:PRT-067>WH-011,,,
PRT-067>WH-013,PRT-067,WH-013,13,13,0,IN_STOCK,2026-10-04,SYNTHETIC_DEMO,SYNTHETIC_DEMO,AVAILABLE_AT:PRT-067>WH-013,,,
PRT-068>WH-009,PRT-068,WH-009,69,66,1,IN_STOCK,2026-10-04,SYNTHETIC_DEMO,SYNTHETIC_DEMO,AVAILABLE_AT:PRT-068>WH-009,,,
PRT-068>WH-013,PRT-068,WH-013,57,55,1,IN_STOCK,2026-10-04,SYNTHETIC_DEMO,SYNTHETIC_DEMO,AVAILABLE_AT:PRT-068>WH-013,,,
PRT-069>WH-005,PRT-069,WH-005,24,23,0,IN_STOCK,2026-10-04,SYNTHETIC_DEMO,SYNTHETIC_DEMO,AVAILABLE_AT:PRT-069>WH-005,,,
PRT-069>WH-006,PRT-069,WH-006,60,58,2,IN_STOCK,2026-10-04,SYNTHETIC_DEMO,SYNTHETIC_DEMO,AVAILABLE_AT:PRT-069>WH-006,,,
PRT-069>WH-008,PRT-069,WH-008,72,66,6,IN_STOCK,2026-10-04,SYNTHETIC_DEMO,SYNTHETIC_DEMO,AVAILABLE_AT:PRT-069>WH-008,,,
PRT-069>WH-010,PRT-069,WH-010,67,67,0,IN_STOCK,2026-10-04,SYNTHETIC_DEMO,SYNTHETIC_DEMO,AVAILABLE_AT:PRT-069>WH-010,,,
PRT-069>WH-013,PRT-069,WH-013,48,44,2,IN_STOCK,2026-10-04,SYNTHETIC_DEMO,SYNTHETIC_DEMO,AVAILABLE_AT:PRT-069>WH-013,,,
PRT-070>WH-006,PRT-070,WH-006,51,49,0,IN_STOCK,2026-10-04,SYNTHETIC_DEMO,SYNTHETIC_DEMO,AVAILABLE_AT:PRT-070>WH-006,,,
PRT-070>WH-008,PRT-070,WH-008,59,53,2,IN_STOCK,2026-10-04,SYNTHETIC_DEMO,SYNTHETIC_DEMO,AVAILABLE_AT:PRT-070>WH-008,,,
PRT-070>WH-009,PRT-070,WH-009,54,51,3,IN_STOCK,2026-10-04,SYNTHETIC_DEMO,SYNTHETIC_DEMO,AVAILABLE_AT:PRT-070>WH-009,,,
PRT-070>WH-011,PRT-070,WH-011,35,32,2,IN_STOCK,2026-10-04,SYNTHETIC_DEMO,SYNTHETIC_DEMO,AVAILABLE_AT:PRT-070>WH-011,,,
PRT-071>WH-005,PRT-071,WH-005,55,51,1,IN_STOCK,2026-10-04,SYNTHETIC_DEMO,SYNTHETIC_DEMO,AVAILABLE_AT:PRT-071>WH-005,,,
PRT-071>WH-006,PRT-071,WH-006,65,61,4,IN_STOCK,2026-10-04,SYNTHETIC_DEMO,SYNTHETIC_DEMO,AVAILABLE_AT:PRT-071>WH-006,,,
PRT-071>WH-007,PRT-071,WH-007,13,13,0,IN_STOCK,2026-10-04,SYNTHETIC_DEMO,SYNTHETIC_DEMO,AVAILABLE_AT:PRT-071>WH-007,,,
PRT-071>WH-008,PRT-071,WH-008,40,36,4,IN_STOCK,2026-10-04,SYNTHETIC_DEMO,SYNTHETIC_DEMO,AVAILABLE_AT:PRT-071>WH-008,,,
PRT-071>WH-013,PRT-071,WH-013,71,68,1,IN_STOCK,2026-10-04,SYNTHETIC_DEMO,SYNTHETIC_DEMO,AVAILABLE_AT:PRT-071>WH-013,,,
PRT-071>WH-014,PRT-071,WH-014,21,19,1,IN_STOCK,2026-10-04,SYNTHETIC_DEMO,SYNTHETIC_DEMO,AVAILABLE_AT:PRT-071>WH-014,,,
PRT-072>WH-005,PRT-072,WH-005,57,55,0,IN_STOCK,2026-10-04,SYNTHETIC_DEMO,SYNTHETIC_DEMO,AVAILABLE_AT:PRT-072>WH-005,,,
PRT-072>WH-008,PRT-072,WH-008,34,32,2,IN_STOCK,2026-10-04,SYNTHETIC_DEMO,SYNTHETIC_DEMO,AVAILABLE_AT:PRT-072>WH-008,,,
PRT-072>WH-010,PRT-072,WH-010,0,0,0,ON_ORDER,2026-10-04,SYNTHETIC_DEMO,SYNTHETIC_DEMO,AVAILABLE_AT:PRT-072>WH-010,,,
PRT-072>WH-011,PRT-072,WH-011,37,34,2,IN_STOCK,2026-10-04,SYNTHETIC_DEMO,SYNTHETIC_DEMO,AVAILABLE_AT:PRT-072>WH-011,,,
PRT-073>WH-008,PRT-073,WH-008,50,47,2,IN_STOCK,2026-10-04,SYNTHETIC_DEMO,SYNTHETIC_DEMO,AVAILABLE_AT:PRT-073>WH-008,,,
PRT-073>WH-009,PRT-073,WH-009,50,44,4,IN_STOCK,2026-10-04,SYNTHETIC_DEMO,SYNTHETIC_DEMO,AVAILABLE_AT:PRT-073>WH-009,,,
PRT-073>WH-010,PRT-073,WH-010,24,21,2,IN_STOCK,2026-10-04,SYNTHETIC_DEMO,SYNTHETIC_DEMO,AVAILABLE_AT:PRT-073>WH-010,,,
PRT-073>WH-011,PRT-073,WH-011,55,50,2,IN_STOCK,2026-10-04,SYNTHETIC_DEMO,SYNTHETIC_DEMO,AVAILABLE_AT:PRT-073>WH-011,,,
PRT-073>WH-013,PRT-073,WH-013,3,3,0,LOW_STOCK,2026-10-04,SYNTHETIC_DEMO,SYNTHETIC_DEMO,AVAILABLE_AT:PRT-073>WH-013,,,
PRT-074>WH-005,PRT-074,WH-005,41,38,1,IN_STOCK,2026-10-04,SYNTHETIC_DEMO,SYNTHETIC_DEMO,AVAILABLE_AT:PRT-074>WH-005,,,
PRT-074>WH-006,PRT-074,WH-006,62,57,4,IN_STOCK,2026-10-04,SYNTHETIC_DEMO,SYNTHETIC_DEMO,AVAILABLE_AT:PRT-074>WH-006,,,
PRT-074>WH-009,PRT-074,WH-009,34,32,2,IN_STOCK,2026-10-04,SYNTHETIC_DEMO,SYNTHETIC_DEMO,AVAILABLE_AT:PRT-074>WH-009,,,
PRT-074>WH-010,PRT-074,WH-010,3,3,0,LOW_STOCK,2026-10-04,SYNTHETIC_DEMO,SYNTHETIC_DEMO,AVAILABLE_AT:PRT-074>WH-010,,,
PRT-074>WH-011,PRT-074,WH-011,66,62,0,IN_STOCK,2026-10-04,SYNTHETIC_DEMO,SYNTHETIC_DEMO,AVAILABLE_AT:PRT-074>WH-011,,,
PRT-074>WH-013,PRT-074,WH-013,41,37,4,IN_STOCK,2026-10-04,SYNTHETIC_DEMO,SYNTHETIC_DEMO,AVAILABLE_AT:PRT-074>WH-013,,,
PRT-075>WH-006,PRT-075,WH-006,66,65,0,IN_STOCK,2026-10-04,SYNTHETIC_DEMO,SYNTHETIC_DEMO,AVAILABLE_AT:PRT-075>WH-006,,,
PRT-075>WH-008,PRT-075,WH-008,13,13,0,IN_STOCK,2026-10-04,SYNTHETIC_DEMO,SYNTHETIC_DEMO,AVAILABLE_AT:PRT-075>WH-008,,,
PRT-075>WH-009,PRT-075,WH-009,26,26,0,IN_STOCK,2026-10-04,SYNTHETIC_DEMO,SYNTHETIC_DEMO,AVAILABLE_AT:PRT-075>WH-009,,,
PRT-075>WH-010,PRT-075,WH-010,49,47,1,IN_STOCK,2026-10-04,SYNTHETIC_DEMO,SYNTHETIC_DEMO,AVAILABLE_AT:PRT-075>WH-010,,,
PRT-075>WH-013,PRT-075,WH-013,61,55,3,IN_STOCK,2026-10-04,SYNTHETIC_DEMO,SYNTHETIC_DEMO,AVAILABLE_AT:PRT-075>WH-013,,,
PRT-076>WH-006,PRT-076,WH-006,42,40,1,IN_STOCK,2026-10-04,SYNTHETIC_DEMO,SYNTHETIC_DEMO,AVAILABLE_AT:PRT-076>WH-006,,,
PRT-076>WH-008,PRT-076,WH-008,42,38,2,IN_STOCK,2026-10-04,SYNTHETIC_DEMO,SYNTHETIC_DEMO,AVAILABLE_AT:PRT-076>WH-008,,,
PRT-076>WH-009,PRT-076,WH-009,21,20,0,IN_STOCK,2026-10-04,SYNTHETIC_DEMO,SYNTHETIC_DEMO,AVAILABLE_AT:PRT-076>WH-009,,,
PRT-076>WH-010,PRT-076,WH-010,36,34,1,IN_STOCK,2026-10-04,SYNTHETIC_DEMO,SYNTHETIC_DEMO,AVAILABLE_AT:PRT-076>WH-010,,,
PRT-076>WH-011,PRT-076,WH-011,14,14,0,IN_STOCK,2026-10-04,SYNTHETIC_DEMO,SYNTHETIC_DEMO,AVAILABLE_AT:PRT-076>WH-011,,,
PRT-077>WH-006,PRT-077,WH-006,16,16,0,IN_STOCK,2026-10-04,SYNTHETIC_DEMO,SYNTHETIC_DEMO,AVAILABLE_AT:PRT-077>WH-006,,,
PRT-077>WH-007,PRT-077,WH-007,66,57,7,IN_STOCK,2026-10-04,SYNTHETIC_DEMO,SYNTHETIC_DEMO,AVAILABLE_AT:PRT-077>WH-007,,,
PRT-077>WH-009,PRT-077,WH-009,71,67,2,IN_STOCK,2026-10-04,SYNTHETIC_DEMO,SYNTHETIC_DEMO,AVAILABLE_AT:PRT-077>WH-009,,,
PRT-077>WH-014,PRT-077,WH-014,25,24,0,IN_STOCK,2026-10-04,SYNTHETIC_DEMO,SYNTHETIC_DEMO,AVAILABLE_AT:PRT-077>WH-014,,,
PRT-078>WH-006,PRT-078,WH-006,5,5,0,LOW_STOCK,2026-10-04,SYNTHETIC_DEMO,SYNTHETIC_DEMO,AVAILABLE_AT:PRT-078>WH-006,,,
PRT-078>WH-009,PRT-078,WH-009,47,42,2,IN_STOCK,2026-10-04,SYNTHETIC_DEMO,SYNTHETIC_DEMO,AVAILABLE_AT:PRT-078>WH-009,,,
PRT-078>WH-010,PRT-078,WH-010,13,13,0,IN_STOCK,2026-10-04,SYNTHETIC_DEMO,SYNTHETIC_DEMO,AVAILABLE_AT:PRT-078>WH-010,,,
PRT-078>WH-011,PRT-078,WH-011,3,3,0,LOW_STOCK,2026-10-04,SYNTHETIC_DEMO,SYNTHETIC_DEMO,AVAILABLE_AT:PRT-078>WH-011,,,
PRT-078>WH-013,PRT-078,WH-013,44,44,0,IN_STOCK,2026-10-04,SYNTHETIC_DEMO,SYNTHETIC_DEMO,AVAILABLE_AT:PRT-078>WH-013,,,
PRT-079>WH-006,PRT-079,WH-006,3,3,0,LOW_STOCK,2026-10-04,SYNTHETIC_DEMO,SYNTHETIC_DEMO,AVAILABLE_AT:PRT-079>WH-006,,,
PRT-079>WH-008,PRT-079,WH-008,,,,UNKNOWN,2026-10-04,SYNTHETIC_DEMO,SYNTHETIC_DEMO,AVAILABLE_AT:PRT-079>WH-008,,,
PRT-079>WH-009,PRT-079,WH-009,44,44,0,IN_STOCK,2026-10-04,SYNTHETIC_DEMO,SYNTHETIC_DEMO,AVAILABLE_AT:PRT-079>WH-009,,,
PRT-079>WH-010,PRT-079,WH-010,47,47,0,IN_STOCK,2026-10-04,SYNTHETIC_DEMO,SYNTHETIC_DEMO,AVAILABLE_AT:PRT-079>WH-010,,,
PRT-080>WH-005,PRT-080,WH-005,50,46,4,IN_STOCK,2026-10-04,SYNTHETIC_DEMO,SYNTHETIC_DEMO,AVAILABLE_AT:PRT-080>WH-005,,,
PRT-080>WH-009,PRT-080,WH-009,12,12,0,IN_STOCK,2026-10-04,SYNTHETIC_DEMO,SYNTHETIC_DEMO,AVAILABLE_AT:PRT-080>WH-009,,,
PRT-080>WH-010,PRT-080,WH-010,10,10,0,IN_STOCK,2026-10-04,SYNTHETIC_DEMO,SYNTHETIC_DEMO,AVAILABLE_AT:PRT-080>WH-010,,,
PRT-080>WH-011,PRT-080,WH-011,14,14,0,IN_STOCK,2026-10-04,SYNTHETIC_DEMO,SYNTHETIC_DEMO,AVAILABLE_AT:PRT-080>WH-011,,,
PRT-081>WH-005,PRT-081,WH-005,0,0,0,OUT_OF_STOCK,2026-10-04,SYNTHETIC_DEMO,SYNTHETIC_DEMO,AVAILABLE_AT:PRT-081>WH-005,,,
PRT-081>WH-006,PRT-081,WH-006,25,24,1,IN_STOCK,2026-10-04,SYNTHETIC_DEMO,SYNTHETIC_DEMO,AVAILABLE_AT:PRT-081>WH-006,,,
PRT-081>WH-009,PRT-081,WH-009,0,0,0,ON_ORDER,2026-10-04,SYNTHETIC_DEMO,SYNTHETIC_DEMO,AVAILABLE_AT:PRT-081>WH-009,,,
PRT-081>WH-011,PRT-081,WH-011,14,14,0,IN_STOCK,2026-10-04,SYNTHETIC_DEMO,SYNTHETIC_DEMO,AVAILABLE_AT:PRT-081>WH-011,,,
PRT-082>WH-005,PRT-082,WH-005,44,43,0,IN_STOCK,2026-10-04,SYNTHETIC_DEMO,SYNTHETIC_DEMO,AVAILABLE_AT:PRT-082>WH-005,,,
PRT-082>WH-006,PRT-082,WH-006,0,0,0,ON_ORDER,2026-10-04,SYNTHETIC_DEMO,SYNTHETIC_DEMO,AVAILABLE_AT:PRT-082>WH-006,,,
PRT-082>WH-009,PRT-082,WH-009,28,26,1,IN_STOCK,2026-10-04,SYNTHETIC_DEMO,SYNTHETIC_DEMO,AVAILABLE_AT:PRT-082>WH-009,,,
PRT-082>WH-011,PRT-082,WH-011,56,53,2,IN_STOCK,2026-10-04,SYNTHETIC_DEMO,SYNTHETIC_DEMO,AVAILABLE_AT:PRT-082>WH-011,,,
PRT-082>WH-013,PRT-082,WH-013,48,46,2,IN_STOCK,2026-10-04,SYNTHETIC_DEMO,SYNTHETIC_DEMO,AVAILABLE_AT:PRT-082>WH-013,,,
PRT-083>WH-005,PRT-083,WH-005,23,23,0,IN_STOCK,2026-10-04,SYNTHETIC_DEMO,SYNTHETIC_DEMO,AVAILABLE_AT:PRT-083>WH-005,,,
PRT-083>WH-008,PRT-083,WH-008,0,0,0,ON_ORDER,2026-10-04,SYNTHETIC_DEMO,SYNTHETIC_DEMO,AVAILABLE_AT:PRT-083>WH-008,,,
PRT-083>WH-010,PRT-083,WH-010,36,36,0,IN_STOCK,2026-10-04,SYNTHETIC_DEMO,SYNTHETIC_DEMO,AVAILABLE_AT:PRT-083>WH-010,,,
PRT-083>WH-011,PRT-083,WH-011,72,64,7,IN_STOCK,2026-10-04,SYNTHETIC_DEMO,SYNTHETIC_DEMO,AVAILABLE_AT:PRT-083>WH-011,,,
PRT-083>WH-013,PRT-083,WH-013,57,53,2,IN_STOCK,2026-10-04,SYNTHETIC_DEMO,SYNTHETIC_DEMO,AVAILABLE_AT:PRT-083>WH-013,,,
PRT-084>WH-005,PRT-084,WH-005,64,58,3,IN_STOCK,2026-10-04,SYNTHETIC_DEMO,SYNTHETIC_DEMO,AVAILABLE_AT:PRT-084>WH-005,,,
PRT-084>WH-006,PRT-084,WH-006,54,51,0,IN_STOCK,2026-10-04,SYNTHETIC_DEMO,SYNTHETIC_DEMO,AVAILABLE_AT:PRT-084>WH-006,,,
PRT-084>WH-008,PRT-084,WH-008,29,27,2,IN_STOCK,2026-10-04,SYNTHETIC_DEMO,SYNTHETIC_DEMO,AVAILABLE_AT:PRT-084>WH-008,,,
PRT-084>WH-010,PRT-084,WH-010,72,71,0,IN_STOCK,2026-10-04,SYNTHETIC_DEMO,SYNTHETIC_DEMO,AVAILABLE_AT:PRT-084>WH-010,,,
PRT-084>WH-014,PRT-084,WH-014,30,26,3,IN_STOCK,2026-10-04,SYNTHETIC_DEMO,SYNTHETIC_DEMO,AVAILABLE_AT:PRT-084>WH-014,,,
PRT-085>WH-006,PRT-085,WH-006,24,22,2,IN_STOCK,2026-10-04,SYNTHETIC_DEMO,SYNTHETIC_DEMO,AVAILABLE_AT:PRT-085>WH-006,,,
PRT-085>WH-009,PRT-085,WH-009,6,6,0,IN_STOCK,2026-10-04,SYNTHETIC_DEMO,SYNTHETIC_DEMO,AVAILABLE_AT:PRT-085>WH-009,,,
PRT-085>WH-013,PRT-085,WH-013,19,18,0,IN_STOCK,2026-10-04,SYNTHETIC_DEMO,SYNTHETIC_DEMO,AVAILABLE_AT:PRT-085>WH-013,,,
PRT-086>WH-005,PRT-086,WH-005,,,,UNKNOWN,2026-10-04,SYNTHETIC_DEMO,SYNTHETIC_DEMO,AVAILABLE_AT:PRT-086>WH-005,,,
PRT-086>WH-008,PRT-086,WH-008,65,64,1,IN_STOCK,2026-10-04,SYNTHETIC_DEMO,SYNTHETIC_DEMO,AVAILABLE_AT:PRT-086>WH-008,,,
PRT-086>WH-009,PRT-086,WH-009,6,6,0,IN_STOCK,2026-10-04,SYNTHETIC_DEMO,SYNTHETIC_DEMO,AVAILABLE_AT:PRT-086>WH-009,,,
PRT-086>WH-010,PRT-086,WH-010,33,30,1,IN_STOCK,2026-10-04,SYNTHETIC_DEMO,SYNTHETIC_DEMO,AVAILABLE_AT:PRT-086>WH-010,,,
PRT-086>WH-011,PRT-086,WH-011,22,21,1,IN_STOCK,2026-10-04,SYNTHETIC_DEMO,SYNTHETIC_DEMO,AVAILABLE_AT:PRT-086>WH-011,,,
PRT-086>WH-013,PRT-086,WH-013,36,32,3,IN_STOCK,2026-10-04,SYNTHETIC_DEMO,SYNTHETIC_DEMO,AVAILABLE_AT:PRT-086>WH-013,,,
PRT-087>WH-005,PRT-087,WH-005,18,18,0,IN_STOCK,2026-10-04,SYNTHETIC_DEMO,SYNTHETIC_DEMO,AVAILABLE_AT:PRT-087>WH-005,,,
PRT-087>WH-006,PRT-087,WH-006,43,38,3,IN_STOCK,2026-10-04,SYNTHETIC_DEMO,SYNTHETIC_DEMO,AVAILABLE_AT:PRT-087>WH-006,,,
PRT-087>WH-008,PRT-087,WH-008,22,20,1,IN_STOCK,2026-10-04,SYNTHETIC_DEMO,SYNTHETIC_DEMO,AVAILABLE_AT:PRT-087>WH-008,,,
PRT-087>WH-009,PRT-087,WH-009,0,0,0,ON_ORDER,2026-10-04,SYNTHETIC_DEMO,SYNTHETIC_DEMO,AVAILABLE_AT:PRT-087>WH-009,,,
PRT-087>WH-011,PRT-087,WH-011,24,24,0,IN_STOCK,2026-10-04,SYNTHETIC_DEMO,SYNTHETIC_DEMO,AVAILABLE_AT:PRT-087>WH-011,,,
PRT-087>WH-013,PRT-087,WH-013,64,57,5,IN_STOCK,2026-10-04,SYNTHETIC_DEMO,SYNTHETIC_DEMO,AVAILABLE_AT:PRT-087>WH-013,,,
PRT-088>WH-005,PRT-088,WH-005,0,0,0,ON_ORDER,2026-10-04,SYNTHETIC_DEMO,SYNTHETIC_DEMO,AVAILABLE_AT:PRT-088>WH-005,,,
PRT-088>WH-006,PRT-088,WH-006,0,0,0,OUT_OF_STOCK,2026-10-04,SYNTHETIC_DEMO,SYNTHETIC_DEMO,AVAILABLE_AT:PRT-088>WH-006,,,
PRT-088>WH-008,PRT-088,WH-008,0,0,0,ON_ORDER,2026-10-04,SYNTHETIC_DEMO,SYNTHETIC_DEMO,AVAILABLE_AT:PRT-088>WH-008,,,
PRT-088>WH-009,PRT-088,WH-009,0,0,0,ON_ORDER,2026-10-04,SYNTHETIC_DEMO,SYNTHETIC_DEMO,AVAILABLE_AT:PRT-088>WH-009,,,
PRT-088>WH-010,PRT-088,WH-010,0,0,0,OUT_OF_STOCK,2026-10-04,SYNTHETIC_DEMO,SYNTHETIC_DEMO,AVAILABLE_AT:PRT-088>WH-010,,,
PRT-088>WH-011,PRT-088,WH-011,0,0,0,OUT_OF_STOCK,2026-10-04,SYNTHETIC_DEMO,SYNTHETIC_DEMO,AVAILABLE_AT:PRT-088>WH-011,,,
PRT-088>WH-013,PRT-088,WH-013,0,0,0,ON_ORDER,2026-10-04,SYNTHETIC_DEMO,SYNTHETIC_DEMO,AVAILABLE_AT:PRT-088>WH-013,,,
PRT-089>WH-006,PRT-089,WH-006,58,54,1,IN_STOCK,2026-10-04,SYNTHETIC_DEMO,SYNTHETIC_DEMO,AVAILABLE_AT:PRT-089>WH-006,,,
PRT-089>WH-008,PRT-089,WH-008,39,37,0,IN_STOCK,2026-10-04,SYNTHETIC_DEMO,SYNTHETIC_DEMO,AVAILABLE_AT:PRT-089>WH-008,,,
PRT-089>WH-009,PRT-089,WH-009,53,49,3,IN_STOCK,2026-10-04,SYNTHETIC_DEMO,SYNTHETIC_DEMO,AVAILABLE_AT:PRT-089>WH-009,,,
PRT-089>WH-010,PRT-089,WH-010,47,46,0,IN_STOCK,2026-10-04,SYNTHETIC_DEMO,SYNTHETIC_DEMO,AVAILABLE_AT:PRT-089>WH-010,,,
PRT-089>WH-013,PRT-089,WH-013,49,49,0,IN_STOCK,2026-10-04,SYNTHETIC_DEMO,SYNTHETIC_DEMO,AVAILABLE_AT:PRT-089>WH-013,,,
PRT-090>WH-006,PRT-090,WH-006,0,0,0,ON_ORDER,2026-10-04,SYNTHETIC_DEMO,SYNTHETIC_DEMO,AVAILABLE_AT:PRT-090>WH-006,,,
PRT-090>WH-008,PRT-090,WH-008,56,54,1,IN_STOCK,2026-10-04,SYNTHETIC_DEMO,SYNTHETIC_DEMO,AVAILABLE_AT:PRT-090>WH-008,,,
PRT-090>WH-009,PRT-090,WH-009,18,17,1,IN_STOCK,2026-10-04,SYNTHETIC_DEMO,SYNTHETIC_DEMO,AVAILABLE_AT:PRT-090>WH-009,,,
PRT-090>WH-013,PRT-090,WH-013,26,24,1,IN_STOCK,2026-10-04,SYNTHETIC_DEMO,SYNTHETIC_DEMO,AVAILABLE_AT:PRT-090>WH-013,,,
PRT-090>WH-014,PRT-090,WH-014,72,67,1,IN_STOCK,2026-10-04,SYNTHETIC_DEMO,SYNTHETIC_DEMO,AVAILABLE_AT:PRT-090>WH-014,,,
PRT-091>WH-005,PRT-091,WH-005,30,30,0,IN_STOCK,2026-10-04,SYNTHETIC_DEMO,SYNTHETIC_DEMO,AVAILABLE_AT:PRT-091>WH-005,,,
PRT-091>WH-006,PRT-091,WH-006,58,55,1,IN_STOCK,2026-10-04,SYNTHETIC_DEMO,SYNTHETIC_DEMO,AVAILABLE_AT:PRT-091>WH-006,,,
PRT-091>WH-009,PRT-091,WH-009,39,37,1,IN_STOCK,2026-10-04,SYNTHETIC_DEMO,SYNTHETIC_DEMO,AVAILABLE_AT:PRT-091>WH-009,,,
PRT-091>WH-011,PRT-091,WH-011,11,11,0,IN_STOCK,2026-10-04,SYNTHETIC_DEMO,SYNTHETIC_DEMO,AVAILABLE_AT:PRT-091>WH-011,,,
PRT-091>WH-013,PRT-091,WH-013,13,13,0,IN_STOCK,2026-10-04,SYNTHETIC_DEMO,SYNTHETIC_DEMO,AVAILABLE_AT:PRT-091>WH-013,,,
PRT-092>WH-005,PRT-092,WH-005,7,7,0,IN_STOCK,2026-10-04,SYNTHETIC_DEMO,SYNTHETIC_DEMO,AVAILABLE_AT:PRT-092>WH-005,,,
PRT-092>WH-009,PRT-092,WH-009,6,6,0,IN_STOCK,2026-10-04,SYNTHETIC_DEMO,SYNTHETIC_DEMO,AVAILABLE_AT:PRT-092>WH-009,,,
PRT-092>WH-011,PRT-092,WH-011,0,0,0,ON_ORDER,2026-10-04,SYNTHETIC_DEMO,SYNTHETIC_DEMO,AVAILABLE_AT:PRT-092>WH-011,,,
PRT-092>WH-013,PRT-092,WH-013,33,33,0,IN_STOCK,2026-10-04,SYNTHETIC_DEMO,SYNTHETIC_DEMO,AVAILABLE_AT:PRT-092>WH-013,,,
PRT-093>WH-005,PRT-093,WH-005,58,54,1,IN_STOCK,2026-10-04,SYNTHETIC_DEMO,SYNTHETIC_DEMO,AVAILABLE_AT:PRT-093>WH-005,,,
PRT-093>WH-006,PRT-093,WH-006,30,26,3,IN_STOCK,2026-10-04,SYNTHETIC_DEMO,SYNTHETIC_DEMO,AVAILABLE_AT:PRT-093>WH-006,,,
PRT-093>WH-008,PRT-093,WH-008,9,9,0,IN_STOCK,2026-10-04,SYNTHETIC_DEMO,SYNTHETIC_DEMO,AVAILABLE_AT:PRT-093>WH-008,,,
PRT-093>WH-009,PRT-093,WH-009,28,26,1,IN_STOCK,2026-10-04,SYNTHETIC_DEMO,SYNTHETIC_DEMO,AVAILABLE_AT:PRT-093>WH-009,,,
PRT-093>WH-013,PRT-093,WH-013,14,14,0,IN_STOCK,2026-10-04,SYNTHETIC_DEMO,SYNTHETIC_DEMO,AVAILABLE_AT:PRT-093>WH-013,,,
PRT-094>WH-008,PRT-094,WH-008,66,66,0,IN_STOCK,2026-10-04,SYNTHETIC_DEMO,SYNTHETIC_DEMO,AVAILABLE_AT:PRT-094>WH-008,,,
PRT-094>WH-010,PRT-094,WH-010,5,5,0,LOW_STOCK,2026-10-04,SYNTHETIC_DEMO,SYNTHETIC_DEMO,AVAILABLE_AT:PRT-094>WH-010,,,
PRT-094>WH-011,PRT-094,WH-011,6,6,0,IN_STOCK,2026-10-04,SYNTHETIC_DEMO,SYNTHETIC_DEMO,AVAILABLE_AT:PRT-094>WH-011,,,
PRT-094>WH-013,PRT-094,WH-013,44,39,3,IN_STOCK,2026-10-04,SYNTHETIC_DEMO,SYNTHETIC_DEMO,AVAILABLE_AT:PRT-094>WH-013,,,
PRT-095>WH-006,PRT-095,WH-006,46,46,0,IN_STOCK,2026-10-04,SYNTHETIC_DEMO,SYNTHETIC_DEMO,AVAILABLE_AT:PRT-095>WH-006,,,
PRT-095>WH-008,PRT-095,WH-008,43,41,1,IN_STOCK,2026-10-04,SYNTHETIC_DEMO,SYNTHETIC_DEMO,AVAILABLE_AT:PRT-095>WH-008,,,
PRT-095>WH-009,PRT-095,WH-009,54,50,1,IN_STOCK,2026-10-04,SYNTHETIC_DEMO,SYNTHETIC_DEMO,AVAILABLE_AT:PRT-095>WH-009,,,
PRT-095>WH-010,PRT-095,WH-010,,,,UNKNOWN,2026-10-04,SYNTHETIC_DEMO,SYNTHETIC_DEMO,AVAILABLE_AT:PRT-095>WH-010,,,
PRT-095>WH-013,PRT-095,WH-013,48,47,1,IN_STOCK,2026-10-04,SYNTHETIC_DEMO,SYNTHETIC_DEMO,AVAILABLE_AT:PRT-095>WH-013,,,
PRT-096>WH-005,PRT-096,WH-005,72,72,0,IN_STOCK,2026-10-04,SYNTHETIC_DEMO,SYNTHETIC_DEMO,AVAILABLE_AT:PRT-096>WH-005,,,
PRT-096>WH-006,PRT-096,WH-006,10,10,0,IN_STOCK,2026-10-04,SYNTHETIC_DEMO,SYNTHETIC_DEMO,AVAILABLE_AT:PRT-096>WH-006,,,
PRT-096>WH-008,PRT-096,WH-008,10,10,0,IN_STOCK,2026-10-04,SYNTHETIC_DEMO,SYNTHETIC_DEMO,AVAILABLE_AT:PRT-096>WH-008,,,
PRT-096>WH-010,PRT-096,WH-010,68,63,1,IN_STOCK,2026-10-04,SYNTHETIC_DEMO,SYNTHETIC_DEMO,AVAILABLE_AT:PRT-096>WH-010,,,
PRT-096>WH-011,PRT-096,WH-011,60,56,4,IN_STOCK,2026-10-04,SYNTHETIC_DEMO,SYNTHETIC_DEMO,AVAILABLE_AT:PRT-096>WH-011,,,
PRT-096>WH-013,PRT-096,WH-013,51,44,5,IN_STOCK,2026-10-04,SYNTHETIC_DEMO,SYNTHETIC_DEMO,AVAILABLE_AT:PRT-096>WH-013,,,
PRT-097>WH-005,PRT-097,WH-005,13,13,0,IN_STOCK,2026-10-04,SYNTHETIC_DEMO,SYNTHETIC_DEMO,AVAILABLE_AT:PRT-097>WH-005,,,
PRT-097>WH-006,PRT-097,WH-006,0,0,0,ON_ORDER,2026-10-04,SYNTHETIC_DEMO,SYNTHETIC_DEMO,AVAILABLE_AT:PRT-097>WH-006,,,
PRT-097>WH-007,PRT-097,WH-007,61,58,3,IN_STOCK,2026-10-04,SYNTHETIC_DEMO,SYNTHETIC_DEMO,AVAILABLE_AT:PRT-097>WH-007,,,
PRT-097>WH-008,PRT-097,WH-008,20,20,0,IN_STOCK,2026-10-04,SYNTHETIC_DEMO,SYNTHETIC_DEMO,AVAILABLE_AT:PRT-097>WH-008,,,
PRT-097>WH-009,PRT-097,WH-009,50,47,0,IN_STOCK,2026-10-04,SYNTHETIC_DEMO,SYNTHETIC_DEMO,AVAILABLE_AT:PRT-097>WH-009,,,
PRT-097>WH-010,PRT-097,WH-010,23,23,0,IN_STOCK,2026-10-04,SYNTHETIC_DEMO,SYNTHETIC_DEMO,AVAILABLE_AT:PRT-097>WH-010,,,
PRT-097>WH-011,PRT-097,WH-011,17,16,0,IN_STOCK,2026-10-04,SYNTHETIC_DEMO,SYNTHETIC_DEMO,AVAILABLE_AT:PRT-097>WH-011,,,
PRT-097>WH-013,PRT-097,WH-013,52,44,5,IN_STOCK,2026-10-04,SYNTHETIC_DEMO,SYNTHETIC_DEMO,AVAILABLE_AT:PRT-097>WH-013,,,
PRT-098>WH-008,PRT-098,WH-008,26,25,1,IN_STOCK,2026-10-04,SYNTHETIC_DEMO,SYNTHETIC_DEMO,AVAILABLE_AT:PRT-098>WH-008,,,
PRT-098>WH-009,PRT-098,WH-009,9,9,0,IN_STOCK,2026-10-04,SYNTHETIC_DEMO,SYNTHETIC_DEMO,AVAILABLE_AT:PRT-098>WH-009,,,
PRT-098>WH-010,PRT-098,WH-010,66,60,6,IN_STOCK,2026-10-04,SYNTHETIC_DEMO,SYNTHETIC_DEMO,AVAILABLE_AT:PRT-098>WH-010,,,
PRT-098>WH-011,PRT-098,WH-011,12,12,0,IN_STOCK,2026-10-04,SYNTHETIC_DEMO,SYNTHETIC_DEMO,AVAILABLE_AT:PRT-098>WH-011,,,
PRT-098>WH-013,PRT-098,WH-013,0,0,0,ON_ORDER,2026-10-04,SYNTHETIC_DEMO,SYNTHETIC_DEMO,AVAILABLE_AT:PRT-098>WH-013,,,
PRT-099>WH-005,PRT-099,WH-005,31,26,3,IN_STOCK,2026-10-04,SYNTHETIC_DEMO,SYNTHETIC_DEMO,AVAILABLE_AT:PRT-099>WH-005,,,
PRT-099>WH-006,PRT-099,WH-006,19,19,0,IN_STOCK,2026-10-04,SYNTHETIC_DEMO,SYNTHETIC_DEMO,AVAILABLE_AT:PRT-099>WH-006,,,
PRT-099>WH-008,PRT-099,WH-008,47,43,2,IN_STOCK,2026-10-04,SYNTHETIC_DEMO,SYNTHETIC_DEMO,AVAILABLE_AT:PRT-099>WH-008,,,
PRT-099>WH-009,PRT-099,WH-009,8,8,0,IN_STOCK,2026-10-04,SYNTHETIC_DEMO,SYNTHETIC_DEMO,AVAILABLE_AT:PRT-099>WH-009,,,
PRT-099>WH-010,PRT-099,WH-010,64,57,6,IN_STOCK,2026-10-04,SYNTHETIC_DEMO,SYNTHETIC_DEMO,AVAILABLE_AT:PRT-099>WH-010,,,
PRT-099>WH-013,PRT-099,WH-013,,,,UNKNOWN,2026-10-04,SYNTHETIC_DEMO,SYNTHETIC_DEMO,AVAILABLE_AT:PRT-099>WH-013,,,
PRT-100>WH-005,PRT-100,WH-005,41,38,2,IN_STOCK,2026-10-04,SYNTHETIC_DEMO,SYNTHETIC_DEMO,AVAILABLE_AT:PRT-100>WH-005,,,
PRT-100>WH-006,PRT-100,WH-006,45,43,1,IN_STOCK,2026-10-04,SYNTHETIC_DEMO,SYNTHETIC_DEMO,AVAILABLE_AT:PRT-100>WH-006,,,
PRT-100>WH-007,PRT-100,WH-007,0,0,0,ON_ORDER,2026-10-04,SYNTHETIC_DEMO,SYNTHETIC_DEMO,AVAILABLE_AT:PRT-100>WH-007,,,
PRT-100>WH-008,PRT-100,WH-008,38,37,0,IN_STOCK,2026-10-04,SYNTHETIC_DEMO,SYNTHETIC_DEMO,AVAILABLE_AT:PRT-100>WH-008,,,
PRT-100>WH-010,PRT-100,WH-010,68,65,2,IN_STOCK,2026-10-04,SYNTHETIC_DEMO,SYNTHETIC_DEMO,AVAILABLE_AT:PRT-100>WH-010,,,
PRT-100>WH-012,PRT-100,WH-012,7,7,0,IN_STOCK,2026-10-04,SYNTHETIC_DEMO,SYNTHETIC_DEMO,AVAILABLE_AT:PRT-100>WH-012,,,
PRT-100>WH-013,PRT-100,WH-013,48,42,4,IN_STOCK,2026-10-04,SYNTHETIC_DEMO,SYNTHETIC_DEMO,AVAILABLE_AT:PRT-100>WH-013,,,
PRT-100>WH-014,PRT-100,WH-014,50,45,2,IN_STOCK,2026-10-04,SYNTHETIC_DEMO,SYNTHETIC_DEMO,AVAILABLE_AT:PRT-100>WH-014,,,
