order_id,customer_id,dealer_id,order_date,status,priority,currency,total_value,channel,data_status,source_type,source_record_id,ingestion_timestamp,effective_from,effective_to
ORD-0001,CUS-006,,2026-09-03,SHIPPED,,EUR,3910.59,DEMO_WEB_STORE,SYNTHETIC_DEMO,SYNTHETIC_DEMO,ORD-0001,,,
ORD-0002,CUS-004,,2026-09-15,DELIVERED,,EUR,3145.12,DEMO_WEB_STORE,SYNTHETIC_DEMO,SYNTHETIC_DEMO,ORD-0002,,,
ORD-0003,CUS-001,,2026-09-27,ALLOCATED,,EUR,1890.55,DEMO_WEB_STORE,SYNTHETIC_DEMO,SYNTHETIC_DEMO,ORD-0003,,,
ORD-0004,CUS-007,,2026-09-06,PROCESSING,,EUR,3931.9,DEMO_WEB_STORE,SYNTHETIC_DEMO,SYNTHETIC_DEMO,ORD-0004,,,
ORD-0005,CUS-006,,2026-09-09,CONFIRMED,,EUR,1588.78,DEMO_WEB_STORE,SYNTHETIC_DEMO,SYNTHETIC_DEMO,ORD-0005,,,
ORD-0006,CUS-008,,2026-09-21,NEW,,EUR,859.63,DEMO_WEB_STORE,SYNTHETIC_DEMO,SYNTHETIC_DEMO,ORD-0006,,,
ORD-0007,CUS-005,,2026-09-09,DELIVERED,,EUR,1361.17,DEMO_WEB_STORE,SYNTHETIC_DEMO,SYNTHETIC_DEMO,ORD-0007,,,
ORD-0008,CUS-007,,2026-09-21,SHIPPED,,EUR,149.52,DEMO_WEB_STORE,SYNTHETIC_DEMO,SYNTHETIC_DEMO,ORD-0008,,,
ORD-0009,CUS-003,,2026-09-12,NEW,,EUR,590.69,DEMO_WEB_STORE,SYNTHETIC_DEMO,SYNTHETIC_DEMO,ORD-0009,,,
ORD-0010,CUS-010,,2026-09-15,CONFIRMED,,EUR,3038.6,DEMO_WEB_STORE,SYNTHETIC_DEMO,SYNTHETIC_DEMO,ORD-0010,,,
ORD-0011,CUS-007,,2026-09-18,PROCESSING,,EUR,3568.35,DEMO_WEB_STORE,SYNTHETIC_DEMO,SYNTHETIC_DEMO,ORD-0011,,,
ORD-0012,CUS-004,,2026-09-21,ALLOCATED,,EUR,148.89,DEMO_WEB_STORE,SYNTHETIC_DEMO,SYNTHETIC_DEMO,ORD-0012,,,
ORD-0013,CUS-001,,2026-09-24,SHIPPED,,EUR,2980.71,DEMO_WEB_STORE,SYNTHETIC_DEMO,SYNTHETIC_DEMO,ORD-0013,,,
ORD-0014,CUS-008,,2026-09-27,DELIVERED,,EUR,9352.69,DEMO_WEB_STORE,SYNTHETIC_DEMO,SYNTHETIC_DEMO,ORD-0014,,,
