order_line_id,order_id,part_id,quantity,unit_price,requested_date,data_status,source_type,source_record_id,ingestion_timestamp,effective_from,effective_to
OI-0001,ORD-0001,PRT-087,1,363.6,,SYNTHETIC_DEMO,SYNTHETIC_DEMO,OI-0001,,,
OI-0002,ORD-0001,PRT-081,2,1352.02,,SYNTHETIC_DEMO,SYNTHETIC_DEMO,OI-0002,,,
OI-0003,ORD-0001,PRT-011,1,145.25,,SYNTHETIC_DEMO,SYNTHETIC_DEMO,OI-0003,,,
OI-0004,ORD-0002,PRT-063,1,135.7,,SYNTHETIC_DEMO,SYNTHETIC_DEMO,OI-0004,,,
OI-0005,ORD-0002,PRT-014,2,630.38,,SYNTHETIC_DEMO,SYNTHETIC_DEMO,OI-0005,,,
OI-0006,ORD-0002,PRT-018,1,1190.81,,SYNTHETIC_DEMO,SYNTHETIC_DEMO,OI-0006,,,
OI-0007,ORD-0003,PRT-080,2,775.22,,SYNTHETIC_DEMO,SYNTHETIC_DEMO,OI-0007,,,
OI-0008,ORD-0004,PRT-004,2,435.64,,SYNTHETIC_DEMO,SYNTHETIC_DEMO,OI-0008,,,
OI-0009,ORD-0004,PRT-094,2,1205.62,,SYNTHETIC_DEMO,SYNTHETIC_DEMO,OI-0009,,,
OI-0010,ORD-0005,PRT-027,2,650.52,,SYNTHETIC_DEMO,SYNTHETIC_DEMO,OI-0010,,,
OI-0011,ORD-0006,PRT-005,1,691.44,,SYNTHETIC_DEMO,SYNTHETIC_DEMO,OI-0011,,,
OI-0012,ORD-0007,PRT-059,2,59.09,,SYNTHETIC_DEMO,SYNTHETIC_DEMO,OI-0012,,,
OI-0013,ORD-0007,PRT-009,1,1006.66,,SYNTHETIC_DEMO,SYNTHETIC_DEMO,OI-0013,,,
OI-0014,ORD-0008,PRT-060,1,104.05,,SYNTHETIC_DEMO,SYNTHETIC_DEMO,OI-0014,,,
OI-0015,ORD-0009,PRT-084,1,469.17,,SYNTHETIC_DEMO,SYNTHETIC_DEMO,OI-0015,,,
OI-0016,ORD-0010,PRT-002,3,742.28,,SYNTHETIC_DEMO,SYNTHETIC_DEMO,OI-0016,,,
OI-0017,ORD-0010,PRT-034,1,265.4,,SYNTHETIC_DEMO,SYNTHETIC_DEMO,OI-0017,,,
OI-0018,ORD-0011,PRT-076,2,867.62,,SYNTHETIC_DEMO,SYNTHETIC_DEMO,OI-0018,,,
OI-0019,ORD-0011,PRT-074,3,398.27,,SYNTHETIC_DEMO,SYNTHETIC_DEMO,OI-0019,,,
OI-0020,ORD-0012,PRT-060,1,104.05,,SYNTHETIC_DEMO,SYNTHETIC_DEMO,OI-0020,,,
OI-0021,ORD-0013,PRT-002,1,742.28,,SYNTHETIC_DEMO,SYNTHETIC_DEMO,OI-0021,,,
OI-0022,ORD-0013,PRT-026,2,851.06,,SYNTHETIC_DEMO,SYNTHETIC_DEMO,OI-0022,,,
OI-0023,ORD-0014,PRT-096,2,18.79,,SYNTHETIC_DEMO,SYNTHETIC_DEMO,OI-0023,,,
OI-0024,ORD-0014,PRT-094,3,1205.62,,SYNTHETIC_DEMO,SYNTHETIC_DEMO,OI-0024,,,
OI-0025,ORD-0014,PRT-081,3,1352.02,,SYNTHETIC_DEMO,SYNTHETIC_DEMO,OI-0025,,,
