price_id,part_id,dealer_id,region,currency,unit_price,valid_from,valid_to,status,data_status,source_type,source_record_id,ingestion_timestamp,effective_from,effective_to
PRC-0001,PRT-001,,,EUR,369.61,2026-01-01,2026-12-31,DEMO_PRICE,SYNTHETIC_DEMO,SYNTHETIC_DEMO,PRC-0001,,,
PRC-0002,PRT-002,,,EUR,742.28,2026-01-01,2026-12-31,DEMO_PRICE,SYNTHETIC_DEMO,SYNTHETIC_DEMO,PRC-0002,,,
PRC-0003,PRT-003,,,EUR,771.15,2026-01-01,2026-12-31,DEMO_PRICE,SYNTHETIC_DEMO,SYNTHETIC_DEMO,PRC-0003,,,
PRC-0004,PRT-004,,,EUR,435.64,2026-01-01,2026-12-31,DEMO_PRICE,SYNTHETIC_DEMO,SYNTHETIC_DEMO,PRC-0004,,,
PRC-0005,PRT-005,,,EUR,691.44,2026-01-01,2026-12-31,DEMO_PRICE,SYNTHETIC_DEMO,SYNTHETIC_DEMO,PRC-0005,,,
PRC-0006,PRT-006,,,EUR,471.2,2026-01-01,2026-12-31,DEMO_PRICE,SYNTHETIC_DEMO,SYNTHETIC_DEMO,PRC-0006,,,
PRC-0007,PRT-007,,,EUR,550.33,2026-01-01,2026-12-31,DEMO_PRICE,SYNTHETIC_DEMO,SYNTHETIC_DEMO,PRC-0007,,,
PRC-0008,PRT-008,,,EUR,101.79,2026-01-01,2026-12-31,DEMO_PRICE,SYNTHETIC_DEMO,SYNTHETIC_DEMO,PRC-0008,,,
PRC-0009,PRT-009,,,EUR,1006.66,2026-01-01,2026-12-31,DEMO_PRICE,SYNTHETIC_DEMO,SYNTHETIC_DEMO,PRC-0009,,,
PRC-0010,PRT-010,,,EUR,323.64,2026-01-01,2026-12-31,DEMO_PRICE,SYNTHETIC_DEMO,SYNTHETIC_DEMO,PRC-0010,,,
PRC-0011,PRT-011,,,EUR,145.25,2026-01-01,2026-12-31,DEMO_PRICE,SYNTHETIC_DEMO,SYNTHETIC_DEMO,PRC-0011,,,
PRC-0012,PRT-012,,,EUR,213.92,2026-01-01,2026-12-31,DEMO_PRICE,SYNTHETIC_DEMO,SYNTHETIC_DEMO,PRC-0012,,,
PRC-0013,PRT-013,,,EUR,153.77,2026-01-01,2026-12-31,DEMO_PRICE,SYNTHETIC_DEMO,SYNTHETIC_DEMO,PRC-0013,,,
PRC-0014,PRT-014,,,EUR,630.38,2026-01-01,2026-12-31,DEMO_PRICE,SYNTHETIC_DEMO,SYNTHETIC_DEMO,PRC-0014,,,
PRC-0015,PRT-015,,,EUR,915.62,2026-01-01,2026-12-31,DEMO_PRICE,SYNTHETIC_DEMO,SYNTHETIC_DEMO,PRC-0015,,,
PRC-0016,PRT-016,,,EUR,1778.32,2026-01-01,2026-12-31,DEMO_PRICE,SYNTHETIC_DEMO,SYNTHETIC_DEMO,PRC-0016,,,
PRC-0017,PRT-017,,,EUR,135.95,2026-01-01,2026-12-31,DEMO_PRICE,SYNTHETIC_DEMO,SYNTHETIC_DEMO,PRC-0017,,,
PRC-0018,PRT-018,,,EUR,1190.81,2026-01-01,2026-12-31,DEMO_PRICE,SYNTHETIC_DEMO,SYNTHETIC_DEMO,PRC-0018,,,
PRC-0019,PRT-019,,,EUR,1505.78,2026-01-01,2026-12-31,DEMO_PRICE,SYNTHETIC_DEMO,SYNTHETIC_DEMO,PRC-0019,,,
PRC-0020,PRT-020,,,EUR,2739.73,2026-01-01,2026-12-31,DEMO_PRICE,SYNTHETIC_DEMO,SYNTHETIC_DEMO,PRC-0020,,,
PRC-0021,PRT-021,,,EUR,732.8,2026-01-01,2026-12-31,DEMO_PRICE,SYNTHETIC_DEMO,SYNTHETIC_DEMO,PRC-0021,,,
PRC-0022,PRT-022,,,EUR,2772.36,2026-01-01,2026-12-31,DEMO_PRICE,SYNTHETIC_DEMO,SYNTHETIC_DEMO,PRC-0022,,,
PRC-0023,PRT-023,,,EUR,2280.45,2026-01-01,2026-12-31,DEMO_PRICE,SYNTHETIC_DEMO,SYNTHETIC_DEMO,PRC-0023,,,
PRC-0024,PRT-024,,,EUR,893.17,2026-01-01,2026-12-31,DEMO_PRICE,SYNTHETIC_DEMO,SYNTHETIC_DEMO,PRC-0024,,,
PRC-0025,PRT-025,,,EUR,2586.99,2026-01-01,2026-12-31,DEMO_PRICE,SYNTHETIC_DEMO,SYNTHETIC_DEMO,PRC-0025,,,
PRC-0026,PRT-026,,,EUR,851.06,2026-01-01,2026-12-31,DEMO_PRICE,SYNTHETIC_DEMO,SYNTHETIC_DEMO,PRC-0026,,,
PRC-0027,PRT-027,,,EUR,650.52,2026-01-01,2026-12-31,DEMO_PRICE,SYNTHETIC_DEMO,SYNTHETIC_DEMO,PRC-0027,,,
PRC-0028,PRT-028,,,EUR,2394.35,2026-01-01,2026-12-31,DEMO_PRICE,SYNTHETIC_DEMO,SYNTHETIC_DEMO,PRC-0028,,,
PRC-0029,PRT-029,,,EUR,781.69,2026-01-01,2026-12-31,DEMO_PRICE,SYNTHETIC_DEMO,SYNTHETIC_DEMO,PRC-0029,,,
PRC-0030,PRT-030,,,EUR,5020.08,2026-01-01,2026-12-31,DEMO_PRICE,SYNTHETIC_DEMO,SYNTHETIC_DEMO,PRC-0030,,,
PRC-0031,PRT-031,,,EUR,80.53,2026-01-01,2026-12-31,DEMO_PRICE,SYNTHETIC_DEMO,SYNTHETIC_DEMO,PRC-0031,,,
PRC-0032,PRT-032,,,EUR,663.49,2026-01-01,2026-12-31,DEMO_PRICE,SYNTHETIC_DEMO,SYNTHETIC_DEMO,PRC-0032,,,
PRC-0033,PRT-033,,,EUR,152.18,2026-01-01,2026-12-31,DEMO_PRICE,SYNTHETIC_DEMO,SYNTHETIC_DEMO,PRC-0033,,,
PRC-0034,PRT-034,,,EUR,265.4,2026-01-01,2026-12-31,DEMO_PRICE,SYNTHETIC_DEMO,SYNTHETIC_DEMO,PRC-0034,,,
PRC-0035,PRT-035,,,EUR,496.58,2026-01-01,2026-12-31,DEMO_PRICE,SYNTHETIC_DEMO,SYNTHETIC_DEMO,PRC-0035,,,
PRC-0036,PRT-036,,,EUR,757.64,2026-01-01,2026-12-31,DEMO_PRICE,SYNTHETIC_DEMO,SYNTHETIC_DEMO,PRC-0036,,,
PRC-0037,PRT-037,,,EUR,441.32,2026-01-01,2026-12-31,DEMO_PRICE,SYNTHETIC_DEMO,SYNTHETIC_DEMO,PRC-0037,,,
PRC-0038,PRT-038,,,EUR,522.93,2026-01-01,2026-12-31,DEMO_PRICE,SYNTHETIC_DEMO,SYNTHETIC_DEMO,PRC-0038,,,
PRC-0039,PRT-039,,,EUR,509.39,2026-01-01,2026-12-31,DEMO_PRICE,SYNTHETIC_DEMO,SYNTHETIC_DEMO,PRC-0039,,,
PRC-0040,PRT-040,,,EUR,78.14,2026-01-01,2026-12-31,DEMO_PRICE,SYNTHETIC_DEMO,SYNTHETIC_DEMO,PRC-0040,,,
PRC-0041,PRT-041,,,EUR,191.28,2026-01-01,2026-12-31,DEMO_PRICE,SYNTHETIC_DEMO,SYNTHETIC_DEMO,PRC-0041,,,
PRC-0042,PRT-042,,,EUR,587.01,2026-01-01,2026-12-31,DEMO_PRICE,SYNTHETIC_DEMO,SYNTHETIC_DEMO,PRC-0042,,,
PRC-0043,PRT-043,,,EUR,1259.31,2026-01-01,2026-12-31,DEMO_PRICE,SYNTHETIC_DEMO,SYNTHETIC_DEMO,PRC-0043,,,
PRC-0044,PRT-044,,,EUR,2408.55,2026-01-01,2026-12-31,DEMO_PRICE,SYNTHETIC_DEMO,SYNTHETIC_DEMO,PRC-0044,,,
PRC-0045,PRT-045,,,EUR,2438.7,2026-01-01,2026-12-31,DEMO_PRICE,SYNTHETIC_DEMO,SYNTHETIC_DEMO,PRC-0045,,,
PRC-0046,PRT-046,,,EUR,1037.94,2026-01-01,2026-12-31,DEMO_PRICE,SYNTHETIC_DEMO,SYNTHETIC_DEMO,PRC-0046,,,
PRC-0047,PRT-047,,,EUR,1142.65,2026-01-01,2026-12-31,DEMO_PRICE,SYNTHETIC_DEMO,SYNTHETIC_DEMO,PRC-0047,,,
PRC-0048,PRT-048,,,EUR,1437.33,2026-01-01,2026-12-31,DEMO_PRICE,SYNTHETIC_DEMO,SYNTHETIC_DEMO,PRC-0048,,,
PRC-0049,PRT-049,,,EUR,2007.53,2026-01-01,2026-12-31,DEMO_PRICE,SYNTHETIC_DEMO,SYNTHETIC_DEMO,PRC-0049,,,
PRC-0050,PRT-050,,,EUR,1709.02,2026-01-01,2026-12-31,DEMO_PRICE,SYNTHETIC_DEMO,SYNTHETIC_DEMO,PRC-0050,,,
PRC-0051,PRT-051,,,EUR,648.3,2026-01-01,2026-12-31,DEMO_PRICE,SYNTHETIC_DEMO,SYNTHETIC_DEMO,PRC-0051,,,
PRC-0052,PRT-052,,,EUR,2389.67,2026-01-01,2026-12-31,DEMO_PRICE,SYNTHETIC_DEMO,SYNTHETIC_DEMO,PRC-0052,,,
PRC-0053,PRT-053,,,EUR,1689.57,2026-01-01,2026-12-31,DEMO_PRICE,SYNTHETIC_DEMO,SYNTHETIC_DEMO,PRC-0053,,,
PRC-0054,PRT-054,,,EUR,978.82,2026-01-01,2026-12-31,DEMO_PRICE,SYNTHETIC_DEMO,SYNTHETIC_DEMO,PRC-0054,,,
PRC-0055,PRT-055,,,EUR,999.49,2026-01-01,2026-12-31,DEMO_PRICE,SYNTHETIC_DEMO,SYNTHETIC_DEMO,PRC-0055,,,
PRC-0056,PRT-056,,,EUR,1704.3,2026-01-01,2026-12-31,DEMO_PRICE,SYNTHETIC_DEMO,SYNTHETIC_DEMO,PRC-0056,,,
PRC-0057,PRT-057,,,EUR,776.17,2026-01-01,2026-12-31,DEMO_PRICE,SYNTHETIC_DEMO,SYNTHETIC_DEMO,PRC-0057,,,
PRC-0058,PRT-058,,,EUR,157.64,2026-01-01,2026-12-31,DEMO_PRICE,SYNTHETIC_DEMO,SYNTHETIC_DEMO,PRC-0058,,,
PRC-0059,PRT-059,,,EUR,59.09,2026-01-01,2026-12-31,DEMO_PRICE,SYNTHETIC_DEMO,SYNTHETIC_DEMO,PRC-0059,,,
PRC-0060,PRT-060,,,EUR,104.05,2026-01-01,2026-12-31,DEMO_PRICE,SYNTHETIC_DEMO,SYNTHETIC_DEMO,PRC-0060,,,
PRC-0061,PRT-061,,,EUR,172.61,2026-01-01,2026-12-31,DEMO_PRICE,SYNTHETIC_DEMO,SYNTHETIC_DEMO,PRC-0061,,,
PRC-0062,PRT-062,,,EUR,153.51,2026-01-01,2026-12-31,DEMO_PRICE,SYNTHETIC_DEMO,SYNTHETIC_DEMO,PRC-0062,,,
PRC-0063,PRT-063,,,EUR,135.7,2026-01-01,2026-12-31,DEMO_PRICE,SYNTHETIC_DEMO,SYNTHETIC_DEMO,PRC-0063,,,
PRC-0064,PRT-064,,,EUR,95.31,2026-01-01,2026-12-31,DEMO_PRICE,SYNTHETIC_DEMO,SYNTHETIC_DEMO,PRC-0064,,,
PRC-0065,PRT-065,,,EUR,88.22,2026-01-01,2026-12-31,DEMO_PRICE,SYNTHETIC_DEMO,SYNTHETIC_DEMO,PRC-0065,,,
PRC-0066,PRT-066,,,EUR,1019.07,2026-01-01,2026-12-31,DEMO_PRICE,SYNTHETIC_DEMO,SYNTHETIC_DEMO,PRC-0066,,,
PRC-0067,PRT-067,,,EUR,521.86,2026-01-01,2026-12-31,DEMO_PRICE,SYNTHETIC_DEMO,SYNTHETIC_DEMO,PRC-0067,,,
PRC-0068,PRT-068,,,EUR,297.39,2026-01-01,2026-12-31,DEMO_PRICE,SYNTHETIC_DEMO,SYNTHETIC_DEMO,PRC-0068,,,
PRC-0069,PRT-069,,,EUR,641.65,2026-01-01,2026-12-31,DEMO_PRICE,SYNTHETIC_DEMO,SYNTHETIC_DEMO,PRC-0069,,,
PRC-0070,PRT-070,,,EUR,133.8,2026-01-01,2026-12-31,DEMO_PRICE,SYNTHETIC_DEMO,SYNTHETIC_DEMO,PRC-0070,,,
PRC-0071,PRT-071,,,EUR,915.69,2026-01-01,2026-12-31,DEMO_PRICE,SYNTHETIC_DEMO,SYNTHETIC_DEMO,PRC-0071,,,
PRC-0072,PRT-072,,,EUR,1123.15,2026-01-01,2026-12-31,DEMO_PRICE,SYNTHETIC_DEMO,SYNTHETIC_DEMO,PRC-0072,,,
PRC-0073,PRT-073,,,EUR,1294.94,2026-01-01,2026-12-31,DEMO_PRICE,SYNTHETIC_DEMO,SYNTHETIC_DEMO,PRC-0073,,,
PRC-0074,PRT-074,,,EUR,398.27,2026-01-01,2026-12-31,DEMO_PRICE,SYNTHETIC_DEMO,SYNTHETIC_DEMO,PRC-0074,,,
PRC-0075,PRT-075,,,EUR,645.38,2026-01-01,2026-12-31,DEMO_PRICE,SYNTHETIC_DEMO,SYNTHETIC_DEMO,PRC-0075,,,
PRC-0076,PRT-076,,,EUR,867.62,2026-01-01,2026-12-31,DEMO_PRICE,SYNTHETIC_DEMO,SYNTHETIC_DEMO,PRC-0076,,,
PRC-0077,PRT-077,,,EUR,619.91,2026-01-01,2026-12-31,DEMO_PRICE,SYNTHETIC_DEMO,SYNTHETIC_DEMO,PRC-0077,,,
PRC-0078,PRT-078,,,EUR,160.49,2026-01-01,2026-12-31,DEMO_PRICE,SYNTHETIC_DEMO,SYNTHETIC_DEMO,PRC-0078,,,
PRC-0079,PRT-079,,,EUR,171.13,2026-01-01,2026-12-31,DEMO_PRICE,SYNTHETIC_DEMO,SYNTHETIC_DEMO,PRC-0079,,,
PRC-0080,PRT-080,,,EUR,775.22,2026-01-01,2026-12-31,DEMO_PRICE,SYNTHETIC_DEMO,SYNTHETIC_DEMO,PRC-0080,,,
PRC-0081,PRT-081,,,EUR,1352.02,2026-01-01,2026-12-31,DEMO_PRICE,SYNTHETIC_DEMO,SYNTHETIC_DEMO,PRC-0081,,,
PRC-0082,PRT-082,,,EUR,797.43,2026-01-01,2026-12-31,DEMO_PRICE,SYNTHETIC_DEMO,SYNTHETIC_DEMO,PRC-0082,,,
PRC-0083,PRT-083,,,EUR,1249.55,2026-01-01,2026-12-31,DEMO_PRICE,SYNTHETIC_DEMO,SYNTHETIC_DEMO,PRC-0083,,,
PRC-0084,PRT-084,,,EUR,469.17,2026-01-01,2026-12-31,DEMO_PRICE,SYNTHETIC_DEMO,SYNTHETIC_DEMO,PRC-0084,,,
PRC-0085,PRT-085,,,EUR,717.38,2026-01-01,2026-12-31,DEMO_PRICE,SYNTHETIC_DEMO,SYNTHETIC_DEMO,PRC-0085,,,
PRC-0086,PRT-086,,,EUR,415.02,2026-01-01,2026-12-31,DEMO_PRICE,SYNTHETIC_DEMO,SYNTHETIC_DEMO,PRC-0086,,,
PRC-0087,PRT-087,,,EUR,363.6,2026-01-01,2026-12-31,DEMO_PRICE,SYNTHETIC_DEMO,SYNTHETIC_DEMO,PRC-0087,,,
PRC-0088,PRT-088,,,EUR,996.0,2026-01-01,2026-12-31,DEMO_PRICE,SYNTHETIC_DEMO,SYNTHETIC_DEMO,PRC-0088,,,
PRC-0089,PRT-089,,,EUR,2196.37,2026-01-01,2026-12-31,DEMO_PRICE,SYNTHETIC_DEMO,SYNTHETIC_DEMO,PRC-0089,,,
PRC-0090,PRT-090,,,EUR,308.19,2026-01-01,2026-12-31,DEMO_PRICE,SYNTHETIC_DEMO,SYNTHETIC_DEMO,PRC-0090,,,
PRC-0091,PRT-091,,,EUR,1569.16,2026-01-01,2026-12-31,DEMO_PRICE,SYNTHETIC_DEMO,SYNTHETIC_DEMO,PRC-0091,,,
PRC-0092,PRT-092,,,EUR,1382.31,2026-01-01,2026-12-31,DEMO_PRICE,SYNTHETIC_DEMO,SYNTHETIC_DEMO,PRC-0092,,,
PRC-0093,PRT-093,,,EUR,1733.79,2026-01-01,2026-12-31,DEMO_PRICE,SYNTHETIC_DEMO,SYNTHETIC_DEMO,PRC-0093,,,
PRC-0094,PRT-094,,,EUR,1205.62,2026-01-01,2026-12-31,DEMO_PRICE,SYNTHETIC_DEMO,SYNTHETIC_DEMO,PRC-0094,,,
PRC-0095,PRT-095,,,EUR,1588.59,2026-01-01,2026-12-31,DEMO_PRICE,SYNTHETIC_DEMO,SYNTHETIC_DEMO,PRC-0095,,,
PRC-0096,PRT-096,,,EUR,18.79,2026-01-01,2026-12-31,DEMO_PRICE,SYNTHETIC_DEMO,SYNTHETIC_DEMO,PRC-0096,,,
PRC-0097,PRT-097,,,EUR,82.7,2026-01-01,2026-12-31,DEMO_PRICE,SYNTHETIC_DEMO,SYNTHETIC_DEMO,PRC-0097,,,
PRC-0098,PRT-098,,,EUR,176.32,2026-01-01,2026-12-31,DEMO_PRICE,SYNTHETIC_DEMO,SYNTHETIC_DEMO,PRC-0098,,,
PRC-0099,PRT-099,,,EUR,223.85,2026-01-01,2026-12-31,DEMO_PRICE,SYNTHETIC_DEMO,SYNTHETIC_DEMO,PRC-0099,,,
PRC-0100,PRT-100,,,EUR,159.46,2026-01-01,2026-12-31,DEMO_PRICE,SYNTHETIC_DEMO,SYNTHETIC_DEMO,PRC-0100,,,
