label,canonical_id,unique,meaning,provenance,synthetic_marker,required_properties,optional_properties,provenance_properties,nodes
Address,address_id,YES (constraint),Synthetic demonstration entity.,SYNTHETIC_DEMO,data_status = SYNTHETIC_DEMO,address_id|owner_type|street|house_number|postal_code|city|state_region|country_code|address_note,,provenance_type|data_status|source_id|source_file|source_sheet|source_record_id|source_name|source_ref|confidence|authoritative_flag|last_updated,44
Assembly,assembly_id,YES (constraint),Synthetic demonstration entity.,SYNTHETIC_DEMO,data_status = SYNTHETIC_DEMO,assembly_id|name|bom_status,,provenance_type|data_status|source_id|source_file|source_sheet|source_record_id|source_name|source_ref|confidence|authoritative_flag|last_updated,15
BusinessUnit,business_unit_id,YES (constraint),Noordveld and its legacy businesses.,SOURCE_DERIVED,n/a (not synthetic),business_unit_id|name|relationship_to_noordveld,acquired_year,provenance_type|data_status|source_id|source_file|source_sheet|source_record_id|source_name|source_ref|confidence|authoritative_flag|last_updated,3
Carrier,carrier_id,YES (constraint),Synthetic demonstration entity.,SYNTHETIC_DEMO,data_status = SYNTHETIC_DEMO,carrier_id|name|key_basis,,provenance_type|data_status|source_id|source_file|source_sheet|source_record_id|source_name|source_ref|confidence|authoritative_flag|last_updated,1
Cart,cart_id,YES (constraint),Synthetic demonstration entity.,SYNTHETIC_DEMO,data_status = SYNTHETIC_DEMO,cart_id|cart_status,,provenance_type|data_status|source_id|source_file|source_sheet|source_record_id|source_name|source_ref|confidence|authoritative_flag|last_updated,3
CartLine,cart_line_id,YES (constraint),Synthetic demonstration entity.,SYNTHETIC_DEMO,data_status = SYNTHETIC_DEMO,cart_line_id|source_id_value|quantity|unit_price_eur,,provenance_type|data_status|source_id|source_file|source_sheet|source_record_id|source_name|source_ref|confidence|authoritative_flag|last_updated,6
Category,category_id,YES (constraint),Level 1: catalogue category (source). Level 2: name-head sub-category (derived).,SOURCE_DERIVED / DERIVED,n/a (not synthetic),category_id|name|level|basis,review_flags,provenance_type|data_status|source_id|source_file|source_sheet|source_record_id|source_name|source_ref|confidence|authoritative_flag|last_updated,101
ComplianceRequirement,compliance_id,YES (constraint),Synthetic demonstration entity.,SYNTHETIC_DEMO,data_status = SYNTHETIC_DEMO,compliance_id|requirement|standard|certification|certificate_status|valid_until|categories_covered,,provenance_type|data_status|source_id|source_file|source_sheet|source_record_id|source_name|source_ref|confidence|authoritative_flag|last_updated,8
Customer,customer_id,YES (constraint),Synthetic demonstration entity.,SYNTHETIC_DEMO,data_status = SYNTHETIC_DEMO,customer_id|name|customer_type|city|country_code|customer_status,,provenance_type|data_status|source_id|source_file|source_sheet|source_record_id|source_name|source_ref|confidence|authoritative_flag|last_updated,10
DataSource,source_id,YES (constraint),A provenance source the workbook declares (plus the project brief it cites).,SYNTHETIC_DEMO / USER_PROVIDED,data_status = SYNTHETIC_DEMO,name|layer|verification|limitations,,provenance_type|data_status|source_id|source_file|source_sheet|source_record_id|source_name|source_ref|confidence|authoritative_flag|last_updated,4
Dealer,dealer_id,YES (constraint),Synthetic demonstration entity.,SYNTHETIC_DEMO,data_status = SYNTHETIC_DEMO,dealer_id|name|dealer_type|city|country_code|pickup_allowed|dealer_status,,provenance_type|data_status|source_id|source_file|source_sheet|source_record_id|source_name|source_ref|confidence|authoritative_flag|last_updated,15
DeliveryEstimate,delivery_estimate_id,YES (constraint),Synthetic demonstration entity.,SYNTHETIC_DEMO,data_status = SYNTHETIC_DEMO,delivery_estimate_id|source_id_value|est_road_km|standard_price_ex_vat|standard_days|express_price_ex_vat|express_days|note,,provenance_type|data_status|source_id|source_file|source_sheet|source_record_id|source_name|source_ref|confidence|authoritative_flag|last_updated,100
IdentificationRequirement,requirement_id,YES (constraint),Synthetic demonstration entity.,SYNTHETIC_DEMO,data_status = SYNTHETIC_DEMO,requirement_id|identification_needed|reason|fits_variant_ids,,provenance_type|data_status|source_id|source_file|source_sheet|source_record_id|source_name|source_ref|confidence|authoritative_flag|last_updated,6
LegacyReference,legacy_reference_id,YES (constraint),"A previous part number of the same part, or an unresolved free-text note.",SOURCE_DERIVED,n/a (not synthetic),legacy_reference_id|source_id_value|legacy_source_note|legacy_business|legacy_plant|mapping_type|mapping_confidence|business_basis,legacy_part_number|legacy_code_prefix|review_flags,provenance_type|data_status|source_id|source_file|source_sheet|source_record_id|source_name|source_ref|confidence|authoritative_flag|last_updated,100
Location,location_id,YES (constraint),Catalogue country / city locations.,SOURCE_DERIVED,n/a (not synthetic),location_id|name|location_type|country_code,,provenance_type|data_status|source_id|source_file|source_sheet|source_record_id|source_name|source_ref|confidence|authoritative_flag|last_updated,5
Machine,machine_id,YES (constraint),A machine MODEL from the catalogue (one row per model). Not a serial-numbered unit; units do not exist in the data.,SOURCE_DERIVED,n/a (not synthetic),machine_id|model_code|name|machine_type|origin_plant|country,,provenance_type|data_status|source_id|source_file|source_sheet|source_record_id|source_name|source_ref|confidence|authoritative_flag|last_updated,15
MachineFamily,family_id,YES (constraint),Family derived from the model-code prefix. Needs business confirmation.,DERIVED,n/a (not synthetic),family_id|name|model_prefix|derivation_rule|review_flags,,provenance_type|data_status|source_id|source_file|source_sheet|source_record_id|source_name|source_ref|confidence|authoritative_flag|last_updated,3
MachineSpecification,machine_spec_id,YES (constraint),Synthetic demonstration entity.,SYNTHETIC_DEMO,data_status = SYNTHETIC_DEMO,machine_spec_id|name|value,unit,provenance_type|data_status|source_id|source_file|source_sheet|source_record_id|source_name|source_ref|confidence|authoritative_flag|last_updated,83
MachineType,machine_type_id,YES (constraint),Catalogue machine type.,SOURCE_DERIVED,n/a (not synthetic),machine_type_id|name,,provenance_type|data_status|source_id|source_file|source_sheet|source_record_id|source_name|source_ref|confidence|authoritative_flag|last_updated,15
MachineVariant,variant_id,YES (constraint),Synthetic demonstration entity.,SYNTHETIC_DEMO,data_status = SYNTHETIC_DEMO,variant_id|variant_name|serial_from|serial_to|variant_status,,provenance_type|data_status|source_id|source_file|source_sheet|source_record_id|source_name|source_ref|confidence|authoritative_flag|last_updated,30
Order,order_id,YES (constraint),Synthetic demonstration entity.,SYNTHETIC_DEMO,data_status = SYNTHETIC_DEMO,order_id|order_status|order_date|currency|subtotal_ex_vat|shipping_ex_vat|shipping_method|vat_rate|vat_amount|order_total_incl_vat|channel,,provenance_type|data_status|source_id|source_file|source_sheet|source_record_id|source_name|source_ref|confidence|authoritative_flag|last_updated,8
OrderLine,order_line_id,YES (constraint),Synthetic demonstration entity.,SYNTHETIC_DEMO,data_status = SYNTHETIC_DEMO,order_line_id|source_id_value|line_no|quantity|unit_price_eur|line_total_eur|allocation_status,,provenance_type|data_status|source_id|source_file|source_sheet|source_record_id|source_name|source_ref|confidence|authoritative_flag|last_updated,14
OrderStatus,order_status_code,YES (constraint),Workflow status vocabulary from the brief.,USER_PROVIDED,n/a (not synthetic),order_status_code|label|sequence,,provenance_type|data_status|source_id|source_file|source_sheet|source_record_id|source_name|source_ref|confidence|authoritative_flag|last_updated,6
OrderStatusEvent,status_event_id,YES (constraint),Synthetic demonstration entity.,SYNTHETIC_DEMO,data_status = SYNTHETIC_DEMO,status_event_id|source_id_value|sequence|order_status,,provenance_type|data_status|source_id|source_file|source_sheet|source_record_id|source_name|source_ref|confidence|authoritative_flag|last_updated,32
Part,part_id,YES (constraint),A catalogue part (unified part number).,SOURCE_DERIVED,n/a (not synthetic),part_id|part_number|name|category|subcategory|brand|origin_plant|compatible_models_source|spec_note_source,review_flags|part_nature,provenance_type|data_status|source_id|source_file|source_sheet|source_record_id|source_name|source_ref|confidence|authoritative_flag|last_updated,100
PartCatalogProfile,profile_id,YES (constraint),Synthetic demonstration entity.,SYNTHETIC_DEMO,data_status = SYNTHETIC_DEMO,profile_id|source_id_value|part_status|orderable|weight_kg|warranty_months|return_window_days|availability_state|status_reason|image_path,,provenance_type|data_status|source_id|source_file|source_sheet|source_record_id|source_name|source_ref|confidence|authoritative_flag|last_updated,100
PartSpecification,specification_id,YES (constraint),Verbatim spec note or a value parsed from it.,SOURCE_DERIVED / DERIVED,n/a (not synthetic),specification_id|group|name|value|derived_from|source_text,source_label|unit|normalized_value|normalized_unit,provenance_type|data_status|source_id|source_file|source_sheet|source_record_id|source_name|source_ref|confidence|authoritative_flag|last_updated,279
Plant,plant_id,YES (constraint),A plant declared fictional by the project brief.,USER_PROVIDED,n/a (not synthetic),plant_id|name|city|country_code|is_fictional_demo,,provenance_type|data_status|source_id|source_file|source_sheet|source_record_id|source_name|source_ref|confidence|authoritative_flag|last_updated,3
Price,price_id,YES (constraint),Synthetic demonstration entity.,SYNTHETIC_DEMO,data_status = SYNTHETIC_DEMO,price_id|currency|list_price_ex_vat|price_basis|valid_from|valid_to|price_status,,provenance_type|data_status|source_id|source_file|source_sheet|source_record_id|source_name|source_ref|confidence|authoritative_flag|last_updated,100
Region,region_id,YES (constraint),Synthetic demonstration entity.,SYNTHETIC_DEMO,data_status = SYNTHETIC_DEMO,region_id|country_code|country|name|currency|vat_rate_demo,,provenance_type|data_status|source_id|source_file|source_sheet|source_record_id|source_name|source_ref|confidence|authoritative_flag|last_updated,14
SearchAlias,alias_id,YES (constraint),Synthetic demonstration entity.,SYNTHETIC_DEMO,data_status = SYNTHETIC_DEMO,alias_id|alias|alias_type|entity_type,,provenance_type|data_status|source_id|source_file|source_sheet|source_record_id|source_name|source_ref|confidence|authoritative_flag|last_updated,493
ServicePlan,service_plan_id,YES (constraint),Synthetic demonstration entity.,SYNTHETIC_DEMO,data_status = SYNTHETIC_DEMO,service_plan_id|source_id_value|service_template|name|interval_hours|interval_status,,provenance_type|data_status|source_id|source_file|source_sheet|source_record_id|source_name|source_ref|confidence|authoritative_flag|last_updated,60
Shipment,shipment_id,YES (constraint),Synthetic demonstration entity.,SYNTHETIC_DEMO,data_status = SYNTHETIC_DEMO,shipment_id|shipment_status|straight_line_km|est_road_km|tracking_ref,,provenance_type|data_status|source_id|source_file|source_sheet|source_record_id|source_name|source_ref|confidence|authoritative_flag|last_updated,9
ShippingRate,rate_id,YES (constraint),Synthetic demonstration entity.,SYNTHETIC_DEMO,data_status = SYNTHETIC_DEMO,rate_id|distance_band|from_km|to_km|method|price_ex_vat|transit_days,,provenance_type|data_status|source_id|source_file|source_sheet|source_record_id|source_name|source_ref|confidence|authoritative_flag|last_updated,8
Supplier,supplier_id,YES (constraint),Synthetic demonstration entity.,SYNTHETIC_DEMO,data_status = SYNTHETIC_DEMO,supplier_id|name|supplier_type|city|country_code|categories_supplied|payment_terms_days|quality_rating_demo|supplier_status,,provenance_type|data_status|source_id|source_file|source_sheet|source_record_id|source_name|source_ref|confidence|authoritative_flag|last_updated,12
SupplierBackorder,backorder_id,YES (constraint),Synthetic demonstration entity.,SYNTHETIC_DEMO,data_status = SYNTHETIC_DEMO,backorder_id|quantity_on_order|expected_restock_days|backorder_status,,provenance_type|data_status|source_id|source_file|source_sheet|source_record_id|source_name|source_ref|confidence|authoritative_flag|last_updated,4
TrackingEvent,tracking_event_id,YES (constraint),Synthetic demonstration entity.,SYNTHETIC_DEMO,data_status = SYNTHETIC_DEMO,tracking_event_id|source_id_value|event_seq|event_status|event_location|event_date,,provenance_type|data_status|source_id|source_file|source_sheet|source_record_id|source_name|source_ref|confidence|authoritative_flag|last_updated,27
Warehouse,warehouse_id,YES (constraint),Synthetic demonstration entity.,SYNTHETIC_DEMO,data_status = SYNTHETIC_DEMO,warehouse_id|name|city|country_code|pickup_allowed|ships_to,,provenance_type|data_status|source_id|source_file|source_sheet|source_record_id|source_name|source_ref|confidence|authoritative_flag|last_updated,4
